Customer ID,Age,Gender,Item Purchased,Category,Purchase Amount (USD),Location,Size,Color,Season,Review Rating,Subscription Status,Shipping Type,Discount Applied,Promo Code Used,Previous Purchases,Payment Method,Frequency of Purchases,loyalty_score_a,loyalty_score_b,loyalty_score_c,promo_dependency_score,value_tier,satisfaction_flag,category_affinity,seasonal_breadth
1,55,Male,Blouse,Clothing,53.0,Kentucky,L,Gray,Winter,3.1,Yes,Express,Yes,Yes,14,Venmo,Fortnightly,57.27891156462586,30.593537414965994,43.02757755602104,100.0,Silver,Neutral,Clothing,1
2,19,Male,Sweater,Clothing,64.0,Maine,L,Maroon,Winter,3.1,Yes,Express,Yes,Yes,2,Cash,Fortnightly,47.48299319727891,27.013605442176882,36.209803696025595,100.0,Silver,Neutral,Clothing,1
3,50,Male,Jeans,Clothing,73.0,Massachusetts,S,Maroon,Spring,3.1,Yes,Free Shipping,Yes,Yes,23,Credit Card,Weekly,77.9591836734694,45.04931972789116,61.11993439369072,100.0,Platinum,Neutral,Clothing,1
4,21,Male,Sandals,Footwear,90.0,Rhode Island,M,Maroon,Spring,3.5,Yes,Next Day Air,Yes,Yes,49,PayPal,Weekly,99.18367346938774,75.15306122448979,87.87595106627002,100.0,Platinum,Neutral,Footwear,1
5,45,Male,Blouse,Clothing,49.0,Oregon,M,Turquoise,Spring,2.7,Yes,Free Shipping,Yes,Yes,31,PayPal,Annually,44.48979591836735,35.15816326530612,39.08089744844913,100.0,Silver,At Risk,Clothing,1
6,46,Male,Sneakers,Footwear,20.0,Wyoming,M,White,Summer,2.9,Yes,Standard,Yes,Yes,14,Venmo,Weekly,70.61224489795919,14.176870748299313,40.890457490841584,100.0,Bronze,At Risk,Footwear,1
7,63,Male,Shirt,Clothing,85.0,Montana,M,Gray,Fall,3.2,Yes,Free Shipping,Yes,Yes,49,Cash,Quarterly,72.51700680272108,69.06972789115645,71.28030082215106,100.0,Platinum,Neutral,Clothing,1
8,27,Male,Shorts,Clothing,34.0,Louisiana,L,Charcoal,Winter,3.2,Yes,Free Shipping,Yes,Yes,19,Credit Card,Weekly,74.69387755102039,27.41156462585035,50.028659950929274,100.0,Bronze,Neutral,Clothing,1
9,26,Male,Coat,Outerwear,97.0,West Virginia,L,Silver,Summer,2.6,Yes,Express,Yes,Yes,8,Venmo,Annually,25.71428571428572,38.17857142857143,31.31290047711987,100.0,Gold,At Risk,Outerwear,1
10,57,Male,Handbag,Accessories,31.0,Missouri,M,Pink,Spring,4.8,Yes,2-Day Shipping,Yes,Yes,4,Cash,Quarterly,35.782312925170075,37.29081632653061,35.87083652387317,100.0,Bronze,Satisfied,Accessories,1
11,53,Male,Shoes,Footwear,34.0,Arkansas,L,Purple,Fall,4.1,Yes,Store Pickup,Yes,Yes,26,Bank Transfer,Bi-Weekly,60.408163265306115,44.17346938775509,51.874730812741696,100.0,Bronze,Satisfied,Footwear,1
12,30,Male,Shorts,Clothing,68.0,Hawaii,S,Olive,Winter,4.9,Yes,Store Pickup,Yes,Yes,10,Bank Transfer,Fortnightly,54.01360544217687,58.122448979591844,56.15788894402407,100.0,Silver,Satisfied,Clothing,1
13,61,Male,Coat,Outerwear,72.0,Delaware,M,Gold,Winter,4.5,Yes,Express,Yes,Yes,37,Venmo,Fortnightly,76.05442176870747,72.82312925170066,75.06184963086523,100.0,Platinum,Satisfied,Outerwear,1
14,65,Male,Dress,Clothing,51.0,New Hampshire,M,Violet,Spring,4.7,Yes,Express,Yes,Yes,31,PayPal,Weekly,84.48979591836734,62.65816326530612,73.82835745611014,100.0,Silver,Satisfied,Clothing,1
15,64,Male,Coat,Outerwear,53.0,New York,L,Teal,Winter,4.7,Yes,Free Shipping,Yes,Yes,34,Debit Card,Weekly,86.93877551020408,65.53231292517006,76.59417114893309,100.0,Silver,Satisfied,Outerwear,1
16,64,Male,Skirt,Clothing,81.0,Rhode Island,M,Teal,Winter,2.8,Yes,Store Pickup,Yes,Yes,8,PayPal,Monthly,59.04761904761906,34.17857142857142,45.83448205176312,100.0,Gold,At Risk,Clothing,1
17,25,Male,Sunglasses,Accessories,36.0,Alabama,S,Gray,Spring,4.1,Yes,Next Day Air,Yes,Yes,44,Debit Card,Bi-Weekly,75.10204081632652,57.2517006802721,66.235149332155,100.0,Silver,Satisfied,Accessories,1
18,53,Male,Dress,Clothing,38.0,Mississippi,XL,Lavender,Winter,4.7,Yes,2-Day Shipping,Yes,Yes,36,Venmo,Quarterly,61.904761904761905,60.642857142857146,61.45508966952522,100.0,Silver,Satisfied,Clothing,1
19,52,Male,Sweater,Clothing,48.0,Montana,S,Black,Summer,4.6,Yes,Free Shipping,Yes,Yes,17,Cash,Weekly,73.0612244897959,50.55102040816326,61.62135882936067,100.0,Silver,Satisfied,Clothing,1
20,66,Male,Pants,Clothing,90.0,Rhode Island,M,Green,Summer,3.3,Yes,Standard,Yes,Yes,46,Debit Card,Bi-Weekly,76.73469387755101,70.44557823129252,74.12697337293635,100.0,Platinum,Neutral,Clothing,1
21,21,Male,Pants,Clothing,51.0,Louisiana,M,Black,Winter,2.8,Yes,Express,Yes,Yes,50,Cash,Every 3 Months,66.66666666666667,50.24999999999999,58.26265132030959,100.0,Silver,At Risk,Clothing,1
22,31,Male,Pants,Clothing,62.0,North Carolina,M,Charcoal,Winter,4.1,Yes,Store Pickup,Yes,Yes,22,Debit Card,Quarterly,50.476190476190474,53.11904761904761,51.706001044052584,100.0,Silver,Satisfied,Clothing,1
23,56,Male,Pants,Clothing,37.0,California,M,Peach,Summer,3.2,Yes,Store Pickup,Yes,Yes,32,Debit Card,Annually,45.30612244897959,37.50510204081633,40.74765655856491,100.0,Bronze,Neutral,Clothing,1
24,31,Male,Pants,Clothing,88.0,Oklahoma,XL,White,Winter,4.4,Yes,Express,Yes,Yes,40,Credit Card,Weekly,91.83673469387755,80.19727891156462,86.90755071888118,100.0,Platinum,Satisfied,Clothing,1
25,18,Male,Jacket,Outerwear,22.0,Florida,M,Green,Fall,2.9,Yes,Store Pickup,Yes,Yes,16,Debit Card,Weekly,72.24489795918367,16.37074829931972,42.88329752855851,100.0,Bronze,At Risk,Outerwear,1
26,18,Male,Hoodie,Clothing,25.0,Texas,M,Silver,Summer,3.6,Yes,Express,Yes,Yes,14,PayPal,Annually,30.612244897959183,25.59353741496599,27.01288785765843,100.0,Bronze,Neutral,Clothing,1
27,38,Male,Jewelry,Accessories,20.0,Nevada,M,Red,Spring,3.6,Yes,Next Day Air,Yes,Yes,13,Credit Card,Annually,29.795918367346943,22.82993197278912,25.122682383790206,100.0,Bronze,Neutral,Accessories,1
28,56,Male,Shorts,Clothing,56.0,Kentucky,L,Cyan,Summer,5.0,Yes,Next Day Air,Yes,Yes,7,Bank Transfer,Every 3 Months,31.56462585034014,52.414965986394556,41.87263997768452,100.0,Silver,Satisfied,Clothing,1
29,54,Male,Handbag,Accessories,94.0,North Carolina,M,Gray,Fall,4.4,Yes,Free Shipping,Yes,Yes,41,PayPal,Every 3 Months,59.31972789115646,83.37755102040816,72.35453588983519,100.0,Platinum,Satisfied,Accessories,1
30,31,Male,Dress,Clothing,48.0,Wyoming,S,Black,Fall,4.1,Yes,Store Pickup,Yes,Yes,14,Credit Card,Weekly,70.61224489795919,41.84353741496598,55.72729604400357,100.0,Silver,Satisfied,Clothing,1
31,57,Male,Jewelry,Accessories,31.0,North Carolina,L,Black,Winter,4.7,Yes,Standard,Yes,Yes,16,Credit Card,Monthly,65.578231292517,44.12074829931972,54.43149202113765,100.0,Bronze,Satisfied,Accessories,1
32,33,Male,Dress,Clothing,79.0,West Virginia,L,Brown,Winter,4.7,Yes,Store Pickup,Yes,Yes,45,Venmo,Monthly,89.25170068027211,83.8486394557823,87.57315347932945,100.0,Platinum,Satisfied,Clothing,1
33,36,Male,Jacket,Outerwear,67.0,Kansas,M,Silver,Summer,4.9,Yes,Free Shipping,Yes,Yes,37,Venmo,Annually,49.38775510204081,76.07312925170069,63.47139793480093,100.0,Silver,Satisfied,Outerwear,1
34,54,Male,Pants,Clothing,38.0,Colorado,L,Green,Summer,3.3,Yes,Store Pickup,Yes,Yes,45,Cash,Quarterly,69.25170068027211,48.09863945578231,58.40145546937012,100.0,Bronze,Neutral,Clothing,1
35,36,Male,T-shirt,Clothing,91.0,North Dakota,L,Violet,Spring,4.6,Yes,2-Day Shipping,Yes,Yes,38,PayPal,Quarterly,63.53741496598639,82.7534013605442,74.12866589460873,100.0,Platinum,Satisfied,Clothing,1
36,54,Male,Blouse,Clothing,33.0,Massachusetts,M,Cyan,Summer,4.0,Yes,2-Day Shipping,Yes,Yes,48,Credit Card,Bi-Weekly,78.36734693877551,57.38945578231293,67.94167649731399,100.0,Bronze,Satisfied,Clothing,1
37,35,Male,T-shirt,Clothing,69.0,Illinois,M,Maroon,Winter,4.6,Yes,Free Shipping,Yes,Yes,44,PayPal,Fortnightly,81.7687074829932,77.66836734693877,80.51735448935788,100.0,Platinum,Satisfied,Clothing,1
38,35,Male,Jeans,Clothing,45.0,Indiana,S,Cyan,Summer,2.8,Yes,Store Pickup,Yes,Yes,10,PayPal,Weekly,67.3469387755102,20.539115646258495,42.66969360022067,100.0,Silver,At Risk,Clothing,1
39,29,Male,Dress,Clothing,37.0,Florida,M,Red,Winter,3.7,Yes,2-Day Shipping,Yes,Yes,44,Venmo,Every 3 Months,61.76870748299319,52.335034013605444,56.93181557320956,100.0,Bronze,Neutral,Clothing,1
40,70,Male,Pants,Clothing,60.0,Arizona,S,Turquoise,Summer,4.2,Yes,Express,Yes,Yes,18,Credit Card,Monthly,67.21088435374149,50.89795918367347,58.88224206013142,100.0,Silver,Satisfied,Clothing,1
41,69,Male,Handbag,Accessories,76.0,Louisiana,L,Beige,Winter,4.6,Yes,Next Day Air,Yes,Yes,31,Debit Card,Quarterly,57.82312925170068,71.74149659863944,65.36615485257998,100.0,Platinum,Satisfied,Accessories,1
42,67,Male,Scarf,Accessories,39.0,Alaska,M,Orange,Spring,4.5,Yes,Standard,Yes,Yes,40,Venmo,Annually,51.83673469387755,61.11394557823129,56.67370725901946,100.0,Bronze,Satisfied,Accessories,1
43,20,Male,Coat,Outerwear,100.0,Tennessee,M,Beige,Spring,4.1,Yes,Free Shipping,Yes,Yes,15,PayPal,Annually,31.428571428571427,64.19047619047618,48.11948061423645,100.0,Gold,Satisfied,Outerwear,1
44,25,Male,Scarf,Accessories,69.0,Ohio,L,Lavender,Fall,3.7,Yes,Store Pickup,Yes,Yes,19,PayPal,Fortnightly,61.36054421768707,48.66156462585034,54.75775783563704,100.0,Silver,Neutral,Accessories,1
45,39,Male,Hat,Accessories,53.0,Kentucky,S,Silver,Summer,4.6,Yes,Free Shipping,Yes,Yes,45,PayPal,Weekly,95.91836734693877,71.68197278911563,84.38185299109153,100.0,Silver,Satisfied,Accessories,1
46,50,Male,Socks,Clothing,21.0,Tennessee,XL,Indigo,Fall,2.9,Yes,2-Day Shipping,Yes,Yes,25,PayPal,Annually,39.59183673469388,22.076530612244895,29.616614060760284,100.0,Bronze,At Risk,Clothing,1
47,57,Male,Shirt,Clothing,43.0,California,L,White,Summer,2.9,Yes,Store Pickup,Yes,Yes,45,Cash,Quarterly,69.25170068027211,44.848639455782305,56.6585738321011,100.0,Silver,At Risk,Clothing,1
48,55,Male,Jewelry,Accessories,54.0,Montana,M,Charcoal,Winter,4.5,Yes,Free Shipping,Yes,Yes,36,Cash,Weekly,88.57142857142857,64.64285714285714,76.93350809488196,100.0,Silver,Satisfied,Accessories,1
49,42,Male,Shirt,Clothing,55.0,Nevada,M,Orange,Summer,2.7,Yes,Store Pickup,Yes,Yes,38,Cash,Monthly,83.53741496598639,42.420068027210874,62.499057883372586,100.0,Silver,At Risk,Clothing,1
50,68,Male,Hoodie,Clothing,30.0,New Jersey,S,Indigo,Spring,4.6,Yes,Next Day Air,Yes,Yes,34,Debit Card,Bi-Weekly,66.93877551020408,54.61564625850339,60.73987641861917,100.0,Bronze,Satisfied,Clothing,1
51,49,Male,Blouse,Clothing,28.0,Maryland,M,Red,Spring,3.7,Yes,Store Pickup,Yes,Yes,39,Debit Card,Bi-Weekly,71.02040816326529,45.183673469387756,57.72259669057414,100.0,Bronze,Neutral,Clothing,1
52,59,Male,Skirt,Clothing,59.0,Vermont,XL,Gray,Winter,4.7,Yes,2-Day Shipping,Yes,Yes,7,Credit Card,Quarterly,38.23129251700681,49.66496598639456,43.73122731025176,100.0,Silver,Satisfied,Clothing,1
53,42,Male,T-shirt,Clothing,20.0,Alaska,M,Green,Summer,2.6,Yes,Free Shipping,Yes,Yes,26,Credit Card,Weekly,80.40816326530611,18.340136054421766,48.02105626009045,100.0,Bronze,At Risk,Clothing,1
54,29,Male,Skirt,Clothing,24.0,Mississippi,S,Peach,Winter,3.9,Yes,Next Day Air,Yes,Yes,35,Credit Card,Weekly,87.75510204081631,43.4625850340136,65.1669733431559,100.0,Bronze,Neutral,Clothing,1
55,47,Male,Coat,Outerwear,94.0,New Mexico,M,Brown,Summer,4.2,Yes,Next Day Air,Yes,Yes,35,Debit Card,Bi-Weekly,67.75510204081631,76.62925170068027,72.9533038978501,100.0,Platinum,Satisfied,Outerwear,1
56,40,Male,Jacket,Outerwear,28.0,South Carolina,M,Lavender,Winter,3.0,Yes,2-Day Shipping,Yes,Yes,49,Credit Card,Annually,59.183673469387756,42.65306122448979,50.447134693579734,100.0,Bronze,Neutral,Outerwear,1
57,41,Male,Backpack,Accessories,73.0,Mississippi,XL,Brown,Summer,4.7,Yes,Store Pickup,Yes,Yes,46,Credit Card,Weekly,96.73469387755101,82.02891156462584,90.33878228525415,100.0,Platinum,Satisfied,Accessories,1
58,21,Male,Coat,Outerwear,64.0,West Virginia,M,White,Summer,4.4,Yes,Store Pickup,Yes,Yes,17,Debit Card,Fortnightly,59.727891156462576,54.551020408163275,57.09977725471743,100.0,Silver,Satisfied,Outerwear,1
59,69,Male,Hoodie,Clothing,54.0,Missouri,M,Charcoal,Summer,4.2,Yes,Free Shipping,Yes,Yes,29,Venmo,Monthly,76.19047619047619,55.88095238095239,66.04427408378304,100.0,Silver,Satisfied,Clothing,1
60,63,Male,Belt,Accessories,79.0,Louisiana,L,Yellow,Spring,4.6,Yes,Standard,Yes,Yes,4,Debit Card,Weekly,62.44897959183673,54.62414965986394,58.49953858930799,100.0,Platinum,Satisfied,Accessories,1
61,50,Male,Sweater,Clothing,37.0,Idaho,L,Brown,Summer,4.0,Yes,Express,Yes,Yes,17,Cash,Weekly,73.0612244897959,37.96768707482993,54.87327864403699,100.0,Bronze,Satisfied,Clothing,1
62,55,Male,Scarf,Accessories,68.0,Texas,M,Orange,Winter,4.7,Yes,Store Pickup,Yes,Yes,21,Credit Card,Every 3 Months,42.993197278911566,62.93877551020408,53.23054242217471,100.0,Silver,Satisfied,Accessories,1
63,30,Male,Sneakers,Footwear,21.0,Mississippi,S,Magenta,Spring,3.8,Yes,Free Shipping,Yes,Yes,31,Credit Card,Fortnightly,71.156462585034,38.15816326530612,54.02304460080002,100.0,Bronze,Neutral,Footwear,1
64,33,Male,Sunglasses,Accessories,79.0,Arizona,L,Lavender,Winter,2.7,Yes,2-Day Shipping,Yes,Yes,43,Credit Card,Weekly,94.28571428571428,55.82142857142858,75.0599722222946,100.0,Platinum,At Risk,Accessories,1
65,65,Male,Boots,Footwear,83.0,Alabama,S,Green,Fall,4.8,Yes,Standard,Yes,Yes,18,Debit Card,Fortnightly,60.544217687074834,68.48129251700679,64.97834527715102,100.0,Platinum,Satisfied,Footwear,1
66,65,Male,Backpack,Accessories,36.0,New Jersey,M,Purple,Spring,4.8,Yes,2-Day Shipping,Yes,Yes,44,Venmo,Every 3 Months,61.76870748299319,66.58503401360542,64.57368121354298,100.0,Bronze,Satisfied,Accessories,1
67,31,Male,Blouse,Clothing,94.0,Pennsylvania,S,Magenta,Winter,4.7,Yes,2-Day Shipping,Yes,Yes,3,Venmo,Every 3 Months,28.29931972789116,61.52721088435374,45.12662208782971,100.0,Gold,Satisfied,Clothing,1
68,45,Male,Coat,Outerwear,33.0,Connecticut,L,Gray,Winter,4.4,Yes,Store Pickup,Yes,Yes,49,Debit Card,Monthly,92.51700680272108,63.4030612244898,78.24143027511789,100.0,Silver,Satisfied,Outerwear,1
69,57,Male,Handbag,Accessories,46.0,Utah,L,Silver,Summer,3.9,Yes,Next Day Air,Yes,Yes,21,Cash,Every 3 Months,42.993197278911566,43.105442176870746,42.594495507558584,100.0,Silver,Neutral,Accessories,1
70,48,Male,Belt,Accessories,70.0,Tennessee,S,Cyan,Summer,4.4,Yes,Express,Yes,Yes,5,Cash,Weekly,63.26530612244898,48.88775510204082,55.831438242626454,100.0,Silver,Satisfied,Accessories,1
71,22,Male,Belt,Accessories,29.0,Alabama,M,Magenta,Fall,4.2,Yes,Express,Yes,Yes,32,Debit Card,Every 3 Months,51.97278911564626,47.505102040816325,49.44370262195679,100.0,Bronze,Satisfied,Accessories,1
72,36,Male,Dress,Clothing,48.0,Virginia,L,Gold,Summer,2.9,Yes,Express,Yes,Yes,34,Bank Transfer,Annually,46.93877551020408,39.44897959183673,42.60642877803037,100.0,Silver,At Risk,Clothing,1
73,18,Male,Dress,Clothing,26.0,Georgia,M,Olive,Winter,2.9,Yes,Store Pickup,Yes,Yes,21,Bank Transfer,Every 3 Months,42.993197278911566,21.438775510204078,30.975284592431716,100.0,Bronze,At Risk,Clothing,1
74,48,Male,Pants,Clothing,85.0,Hawaii,M,Teal,Spring,2.7,Yes,Free Shipping,Yes,Yes,43,Bank Transfer,Bi-Weekly,74.28571428571429,58.32142857142858,66.40065040480924,100.0,Platinum,At Risk,Clothing,1
75,49,Male,Gloves,Accessories,58.0,Indiana,L,Violet,Spring,4.5,Yes,Express,Yes,Yes,3,Cash,Monthly,54.96598639455783,43.86054421768708,48.9858295980596,100.0,Silver,Satisfied,Accessories,1
76,64,Male,Scarf,Accessories,85.0,Utah,M,Blue,Summer,2.7,Yes,Free Shipping,Yes,Yes,21,Credit Card,Annually,36.3265306122449,43.355442176870746,39.39522999247671,100.0,Gold,At Risk,Accessories,1
77,50,Male,Hat,Accessories,43.0,Delaware,S,Teal,Summer,4.2,Yes,Free Shipping,Yes,Yes,32,Venmo,Monthly,78.63945578231292,53.33843537414966,65.90528504782428,100.0,Silver,Satisfied,Accessories,1
78,22,Male,Dress,Clothing,53.0,Delaware,L,Gold,Summer,3.3,Yes,Next Day Air,Yes,Yes,36,Debit Card,Fortnightly,75.23809523809524,48.22619047619048,61.46305469636918,100.0,Silver,Neutral,Clothing,1
79,50,Male,Skirt,Clothing,91.0,Nebraska,M,Maroon,Spring,4.7,Yes,Free Shipping,Yes,Yes,50,Venmo,Fortnightly,86.66666666666667,92.25,90.78604478655552,100.0,Platinum,Satisfied,Clothing,1
80,38,Male,Jacket,Outerwear,96.0,Iowa,M,Olive,Winter,2.6,Yes,2-Day Shipping,Yes,Yes,43,Bank Transfer,Every 3 Months,60.952380952380956,61.57142857142858,61.476865375411606,100.0,Platinum,At Risk,Outerwear,1
81,19,Male,Sandals,Footwear,72.0,New York,XL,Blue,Summer,3.8,Yes,Store Pickup,Yes,Yes,24,Credit Card,Every 3 Months,45.442176870748305,54.646258503401356,50.00799356643228,100.0,Gold,Neutral,Footwear,1
82,67,Male,Shoes,Footwear,96.0,Virginia,L,Maroon,Summer,2.6,Yes,Express,Yes,Yes,36,Credit Card,Every 3 Months,55.23809523809524,56.80952380952381,56.066049789669435,100.0,Platinum,At Risk,Footwear,1
83,19,Male,Pants,Clothing,28.0,Georgia,S,Olive,Spring,4.0,Yes,2-Day Shipping,Yes,Yes,21,Credit Card,Every 3 Months,42.993197278911566,36.93877551020408,39.287489324022474,100.0,Bronze,Satisfied,Clothing,1
84,36,Male,Dress,Clothing,40.0,Texas,M,Turquoise,Summer,4.1,Yes,Standard,Yes,Yes,34,Bank Transfer,Weekly,86.93877551020408,52.11564625850339,69.39919823610452,100.0,Silver,Satisfied,Clothing,1
85,52,Male,Coat,Outerwear,32.0,Arizona,S,Peach,Spring,4.4,Yes,Standard,Yes,Yes,42,Bank Transfer,Every 3 Months,60.136054421768705,58.224489795918366,59.273834992289956,100.0,Bronze,Satisfied,Outerwear,1
86,53,Male,Sunglasses,Accessories,95.0,New Mexico,M,Charcoal,Winter,4.5,Yes,Next Day Air,Yes,Yes,2,Debit Card,Bi-Weekly,40.816326530612244,58.596938775510196,49.813704735127175,100.0,Gold,Satisfied,Accessories,1
87,24,Male,Hoodie,Clothing,41.0,Nevada,L,Pink,Spring,3.7,Yes,2-Day Shipping,Yes,Yes,47,Cash,Bi-Weekly,77.55102040816327,56.042517006802726,66.81118866020405,100.0,Silver,Neutral,Clothing,1
88,52,Male,Shoes,Footwear,53.0,Ohio,M,Green,Fall,3.7,Yes,2-Day Shipping,Yes,Yes,44,Debit Card,Fortnightly,81.7687074829932,59.00170068027211,70.5069573932486,100.0,Silver,Neutral,Footwear,1
89,33,Male,T-shirt,Clothing,47.0,Wyoming,M,Orange,Fall,3.5,Yes,Free Shipping,Yes,Yes,35,Credit Card,Monthly,81.08843537414965,47.71258503401361,64.11279292009746,100.0,Silver,Neutral,Clothing,1
90,47,Male,Jacket,Outerwear,83.0,California,XL,Pink,Fall,3.6,Yes,Next Day Air,Yes,Yes,15,Cash,Quarterly,44.761904761904766,50.44047619047619,47.41241727707262,100.0,Gold,Neutral,Outerwear,1
91,25,Male,Hat,Accessories,48.0,South Carolina,L,Violet,Summer,2.9,Yes,Express,Yes,Yes,29,Credit Card,Monthly,76.19047619047619,36.047619047619044,55.40822716916691,100.0,Silver,At Risk,Accessories,1
92,44,Male,Scarf,Accessories,99.0,South Carolina,S,Green,Winter,4.6,Yes,Standard,Yes,Yes,18,Credit Card,Every 3 Months,40.54421768707483,72.48129251700679,57.12343036917446,100.0,Platinum,Satisfied,Accessories,1
93,61,Male,Jacket,Outerwear,87.0,Texas,M,Olive,Winter,4.4,Yes,2-Day Shipping,Yes,Yes,13,Venmo,Every 3 Months,36.46258503401361,61.413265306122454,49.14714900059945,100.0,Gold,Satisfied,Outerwear,1
94,37,Male,Sweater,Clothing,62.0,Florida,M,Purple,Fall,4.5,Yes,Standard,Yes,Yes,46,Credit Card,Weekly,96.73469387755101,74.77891156462584,86.45081555596171,100.0,Platinum,Satisfied,Clothing,1
95,58,Male,Skirt,Clothing,76.0,Nevada,S,Silver,Spring,4.6,Yes,Free Shipping,Yes,Yes,28,Credit Card,Weekly,82.0408163265306,69.70068027210883,76.38056722059524,100.0,Platinum,Satisfied,Clothing,1
96,37,Male,Sneakers,Footwear,100.0,Missouri,L,Pink,Fall,3.8,Yes,Free Shipping,Yes,Yes,48,PayPal,Monthly,91.70068027210885,82.63945578231292,88.1491928073785,100.0,Platinum,Neutral,Footwear,1
97,32,Male,Gloves,Accessories,73.0,Delaware,S,Gold,Spring,3.8,Yes,Express,Yes,Yes,43,Venmo,Every 3 Months,60.952380952380956,67.98809523809524,64.91793937719918,100.0,Platinum,Neutral,Accessories,1
98,21,Male,Shoes,Footwear,92.0,Virginia,M,Teal,Winter,4.8,Yes,Store Pickup,Yes,Yes,37,Cash,Annually,49.38775510204081,85.156462585034,68.3425286646041,100.0,Platinum,Satisfied,Footwear,1
99,20,Male,Jeans,Clothing,67.0,New York,XL,Teal,Spring,2.6,Yes,Next Day Air,Yes,Yes,20,Bank Transfer,Annually,35.51020408163265,33.84183673469388,33.88519342581897,100.0,Gold,At Risk,Clothing,1
100,26,Male,Hoodie,Clothing,40.0,Missouri,XL,Indigo,Summer,3.7,Yes,Express,Yes,Yes,33,Debit Card,Quarterly,59.455782312925166,46.10204081632653,52.432777791633946,100.0,Bronze,Neutral,Clothing,1
101,62,Male,Sunglasses,Accessories,98.0,South Dakota,M,Maroon,Fall,2.7,Yes,Express,Yes,Yes,31,Cash,Fortnightly,71.156462585034,55.57482993197279,63.363102605652,100.0,Platinum,At Risk,Accessories,1
102,27,Male,Coat,Outerwear,85.0,North Dakota,XL,White,Spring,4.6,Yes,Express,Yes,Yes,50,Credit Card,Bi-Weekly,80.0,88.41666666666666,85.39700490669972,100.0,Platinum,Satisfied,Outerwear,1
103,51,Male,Socks,Clothing,67.0,Oklahoma,L,Violet,Winter,4.8,Yes,Next Day Air,Yes,Yes,35,Credit Card,Quarterly,61.088435374149654,73.37925170068027,67.87708892724773,100.0,Silver,Satisfied,Clothing,1
104,54,Male,Boots,Footwear,89.0,West Virginia,L,Red,Winter,4.0,Yes,Next Day Air,Yes,Yes,22,Venmo,Bi-Weekly,57.14285714285714,63.035714285714285,60.35735783469398,100.0,Platinum,Satisfied,Footwear,1
105,55,Male,Sunglasses,Accessories,24.0,New Hampshire,L,Pink,Spring,4.4,Yes,2-Day Shipping,Yes,Yes,1,PayPal,Monthly,53.33333333333334,27.000000000000007,39.127677556256806,100.0,Bronze,Satisfied,Accessories,1
106,69,Male,Backpack,Accessories,96.0,New York,M,Charcoal,Fall,3.6,Yes,Next Day Air,Yes,Yes,4,Bank Transfer,Annually,22.44897959183674,48.37414965986396,35.14784313302141,100.0,Gold,Neutral,Accessories,1
107,64,Male,Jacket,Outerwear,35.0,Minnesota,L,White,Summer,3.7,Yes,Standard,Yes,Yes,31,Credit Card,Monthly,77.82312925170068,42.65816326530613,59.7695986626597,100.0,Bronze,Neutral,Outerwear,1
108,28,Male,Sneakers,Footwear,67.0,Maryland,L,Olive,Winter,3.1,Yes,Next Day Air,Yes,Yes,46,PayPal,Fortnightly,83.40136054421767,58.19557823129252,70.89098361194795,100.0,Platinum,Neutral,Footwear,1
109,70,Male,Socks,Clothing,79.0,Montana,L,Purple,Spring,3.4,Yes,Next Day Air,Yes,Yes,32,Bank Transfer,Bi-Weekly,65.3061224489796,57.671768707483,61.562460564183,100.0,Platinum,Neutral,Clothing,1
110,58,Male,T-shirt,Clothing,85.0,Alabama,M,Violet,Spring,2.6,Yes,Next Day Air,Yes,Yes,43,Bank Transfer,Fortnightly,80.95238095238095,56.98809523809524,69.01895537413476,100.0,Platinum,At Risk,Clothing,1
111,56,Male,Backpack,Accessories,26.0,New York,M,Black,Summer,4.0,Yes,Standard,Yes,Yes,26,Venmo,Fortnightly,67.07482993197277,39.50680272108843,52.7054648720477,100.0,Bronze,Satisfied,Accessories,1
112,26,Male,Belt,Accessories,75.0,Massachusetts,L,Purple,Summer,5.0,Yes,Free Shipping,Yes,Yes,9,Credit Card,Annually,26.53061224489796,61.69217687074829,44.330734865859576,100.0,Gold,Satisfied,Accessories,1
113,37,Male,Gloves,Accessories,65.0,Florida,M,Red,Spring,4.3,Yes,Free Shipping,Yes,Yes,28,PayPal,Bi-Weekly,62.04081632653061,61.117346938775505,61.777572127295,100.0,Silver,Satisfied,Accessories,1
114,44,Male,Hat,Accessories,54.0,New Jersey,L,Maroon,Winter,3.1,Yes,Next Day Air,Yes,Yes,20,PayPal,Quarterly,48.843537414965986,35.091836734693885,41.22219918374296,100.0,Silver,Neutral,Accessories,1
115,70,Male,Coat,Outerwear,95.0,Massachusetts,S,Blue,Summer,3.7,Yes,Store Pickup,Yes,Yes,9,Cash,Weekly,66.53061224489795,52.692176870748305,59.504293408806895,100.0,Platinum,Neutral,Outerwear,1
116,53,Male,Skirt,Clothing,94.0,Wyoming,M,Gray,Spring,3.8,Yes,Standard,Yes,Yes,48,Debit Card,Every 3 Months,65.03401360544217,80.13945578231292,73.47518129153052,100.0,Platinum,Neutral,Clothing,1
117,55,Male,Shoes,Footwear,86.0,Virginia,S,Blue,Spring,3.4,Yes,Free Shipping,Yes,Yes,12,Venmo,Annually,28.9795918367347,46.98299319727891,37.66711200832958,100.0,Gold,Neutral,Footwear,1
118,50,Male,Sandals,Footwear,32.0,South Dakota,L,Yellow,Summer,4.6,Yes,Express,Yes,Yes,29,Cash,Fortnightly,69.52380952380952,52.04761904761903,60.65523420392726,100.0,Bronze,Satisfied,Footwear,1
119,50,Male,Sweater,Clothing,45.0,Kentucky,L,Orange,Fall,4.8,Yes,2-Day Shipping,Yes,Yes,27,Cash,Bi-Weekly,61.224489795918366,58.770408163265294,60.1108130171792,100.0,Silver,Satisfied,Clothing,1
120,38,Male,Coat,Outerwear,76.0,Wyoming,M,Orange,Fall,4.3,Yes,Express,Yes,Yes,44,Cash,Annually,55.10204081632652,76.58503401360544,66.6030606102682,100.0,Platinum,Satisfied,Outerwear,1
121,64,Male,Hat,Accessories,84.0,West Virginia,L,Red,Summer,4.0,Yes,Express,Yes,Yes,32,Bank Transfer,Annually,45.30612244897959,67.75510204081631,56.96986256699201,100.0,Platinum,Satisfied,Accessories,1
122,19,Male,Shorts,Clothing,72.0,Virginia,M,Olive,Winter,4.2,Yes,Standard,Yes,Yes,11,Cash,Fortnightly,54.82993197278911,51.136054421768705,52.81944950608519,100.0,Gold,Satisfied,Clothing,1
123,40,Male,Backpack,Accessories,40.0,Washington,L,Brown,Spring,4.8,Yes,2-Day Shipping,Yes,Yes,44,Cash,Fortnightly,81.7687074829932,68.2517006802721,75.46746666855275,100.0,Silver,Satisfied,Accessories,1
124,57,Male,Sweater,Clothing,89.0,Louisiana,L,Brown,Fall,3.1,Yes,Free Shipping,Yes,Yes,46,Cash,Weekly,96.73469387755101,67.36224489795919,82.47347028116829,100.0,Platinum,Neutral,Clothing,1
125,44,Male,Sweater,Clothing,86.0,Nevada,M,Gray,Spring,3.1,Yes,Next Day Air,Yes,Yes,50,PayPal,Annually,60.00000000000001,68.83333333333333,64.89502581033507,100.0,Platinum,Neutral,Clothing,1
126,49,Male,Shorts,Clothing,54.0,California,M,Indigo,Winter,3.6,Yes,Next Day Air,Yes,Yes,45,Venmo,Every 3 Months,62.585034013605444,58.765306122448976,60.78834904809924,100.0,Silver,Neutral,Clothing,1
127,43,Male,Shorts,Clothing,36.0,Mississippi,L,Pink,Spring,3.9,Yes,Store Pickup,Yes,Yes,48,Cash,Every 3 Months,65.03401360544217,57.30612244897959,61.23032055789683,100.0,Bronze,Neutral,Clothing,1
128,24,Male,Sweater,Clothing,89.0,Mississippi,M,Gray,Winter,4.8,Yes,Next Day Air,Yes,Yes,26,Credit Card,Weekly,80.40816326530611,76.42346938775509,79.16947936718053,100.0,Platinum,Satisfied,Clothing,1
129,20,Male,Scarf,Accessories,32.0,California,M,Gold,Spring,4.7,Yes,Standard,Yes,Yes,21,Credit Card,Fortnightly,62.99319727891157,47.93877551020408,55.18647332708688,100.0,Bronze,Satisfied,Accessories,1
130,24,Male,Dress,Clothing,67.0,Pennsylvania,XL,Olive,Summer,4.2,Yes,2-Day Shipping,Yes,Yes,49,PayPal,Bi-Weekly,79.18367346938776,74.90306122448979,77.74188324801857,100.0,Platinum,Satisfied,Clothing,1
131,44,Male,Scarf,Accessories,39.0,Kentucky,L,Violet,Fall,3.7,Yes,Next Day Air,Yes,Yes,13,PayPal,Fortnightly,56.4625850340136,32.07993197278912,43.416524992427696,100.0,Bronze,Neutral,Accessories,1
132,28,Male,Skirt,Clothing,29.0,Maine,L,Indigo,Summer,3.9,Yes,Standard,Yes,Yes,46,Credit Card,Weekly,96.73469387755101,53.028911564625844,74.78691536808438,100.0,Bronze,Neutral,Clothing,1
133,30,Male,Backpack,Accessories,58.0,New Mexico,M,Orange,Fall,4.7,Yes,2-Day Shipping,Yes,Yes,42,PayPal,Weekly,93.46938775510203,73.0578231292517,83.89519220854348,100.0,Silver,Satisfied,Accessories,1
134,52,Male,Sweater,Clothing,65.0,Montana,M,Violet,Winter,2.5,Yes,Next Day Air,Yes,Yes,25,Venmo,Annually,39.59183673469388,35.076530612244895,36.5881406098364,100.0,Silver,At Risk,Clothing,1
135,43,Male,Hat,Accessories,94.0,Texas,L,Gray,Fall,4.9,Yes,Store Pickup,Yes,Yes,25,Cash,Monthly,72.92517006802721,79.15986394557824,76.89543256151119,100.0,Platinum,Satisfied,Accessories,1
136,43,Male,Sandals,Footwear,81.0,Kansas,M,Purple,Fall,4.1,Yes,Express,Yes,Yes,12,PayPal,Quarterly,42.312925170068034,54.2329931972789,48.2217454042887,100.0,Gold,Satisfied,Footwear,1
137,39,Male,Blouse,Clothing,86.0,South Carolina,M,White,Winter,3.3,Yes,Free Shipping,Yes,Yes,4,Debit Card,Quarterly,35.782312925170075,40.20748299319728,37.43496107014026,100.0,Gold,Neutral,Clothing,1
138,68,Male,Sneakers,Footwear,43.0,Colorado,M,Turquoise,Spring,4.7,Yes,Free Shipping,Yes,Yes,38,PayPal,Weekly,90.20408163265306,64.08673469387755,77.45160213183277,100.0,Silver,Satisfied,Footwear,1
139,68,Male,Skirt,Clothing,29.0,Georgia,M,Maroon,Winter,4.4,Yes,Store Pickup,Yes,Yes,42,Bank Transfer,Weekly,93.46938775510203,56.97448979591837,75.27016256769932,100.0,Bronze,Satisfied,Clothing,1
140,49,Male,Coat,Outerwear,95.0,Florida,M,White,Fall,3.8,Yes,Store Pickup,Yes,Yes,30,Venmo,Annually,43.6734693877551,68.31122448979592,56.45176853004119,100.0,Platinum,Neutral,Outerwear,1
141,63,Male,Shirt,Clothing,28.0,North Carolina,L,Yellow,Fall,3.9,Yes,2-Day Shipping,Yes,Yes,50,Credit Card,Weekly,100.0,55.333333333333336,77.65536362475602,100.0,Bronze,Neutral,Clothing,1
142,56,Male,Gloves,Accessories,46.0,Virginia,M,Turquoise,Fall,4.9,Yes,Free Shipping,Yes,Yes,45,PayPal,Weekly,95.91836734693877,72.76530612244898,84.96281353684789,100.0,Silver,Satisfied,Accessories,1
143,37,Male,Jacket,Outerwear,58.0,Nebraska,L,Violet,Fall,3.1,Yes,Free Shipping,Yes,Yes,33,Credit Card,Fortnightly,72.7891156462585,45.602040816326536,58.83130882179769,100.0,Silver,Neutral,Outerwear,1
144,30,Male,Coat,Outerwear,48.0,Missouri,M,Beige,Fall,2.7,Yes,Store Pickup,Yes,Yes,25,PayPal,Quarterly,52.925170068027214,30.65986394557823,40.88627582072721,100.0,Silver,At Risk,Outerwear,1
145,19,Male,Shoes,Footwear,43.0,New Jersey,M,Silver,Fall,3.2,Yes,Express,Yes,Yes,25,Cash,Monthly,72.92517006802721,35.243197278911566,53.34418582200404,100.0,Silver,Neutral,Footwear,1
146,24,Male,Jewelry,Accessories,95.0,Missouri,M,Teal,Fall,4.5,Yes,Standard,Yes,Yes,44,Debit Card,Quarterly,68.43537414965986,87.16836734693875,78.94526491624684,100.0,Platinum,Satisfied,Accessories,1
147,52,Male,Skirt,Clothing,30.0,Colorado,S,Black,Fall,4.0,Yes,Standard,Yes,Yes,21,Venmo,Fortnightly,62.99319727891157,37.77210884353741,49.734382051527355,100.0,Bronze,Satisfied,Clothing,1
148,63,Male,Shoes,Footwear,64.0,Idaho,M,Purple,Summer,3.5,Yes,2-Day Shipping,Yes,Yes,31,Bank Transfer,Fortnightly,71.156462585034,52.074829931972786,61.48615315013151,100.0,Silver,Neutral,Footwear,1
149,37,Male,Gloves,Accessories,90.0,Wyoming,M,Gray,Fall,2.6,Yes,Store Pickup,Yes,Yes,47,Debit Card,Annually,57.55102040816327,61.79251700680272,59.894748479987726,100.0,Platinum,At Risk,Accessories,1
150,38,Male,Pants,Clothing,76.0,Delaware,M,White,Summer,3.2,Yes,Free Shipping,Yes,Yes,14,PayPal,Monthly,63.94557823129252,41.510204081632665,52.21520561966829,100.0,Gold,Neutral,Clothing,1
151,35,Male,Boots,Footwear,96.0,California,L,Cyan,Fall,4.9,Yes,Standard,Yes,Yes,17,Debit Card,Every 3 Months,39.72789115646258,74.55102040816327,57.82520271483453,100.0,Platinum,Satisfied,Footwear,1
152,28,Male,Sunglasses,Accessories,47.0,North Dakota,L,Turquoise,Fall,4.5,Yes,Next Day Air,Yes,Yes,3,Venmo,Annually,21.63265306122449,39.27721088435374,29.861252930116102,100.0,Bronze,Satisfied,Accessories,1
153,30,Male,Shirt,Clothing,85.0,South Carolina,S,Brown,Summer,4.3,Yes,Express,Yes,Yes,42,Venmo,Annually,53.46938775510204,78.97448979591837,67.06813057382813,100.0,Platinum,Satisfied,Clothing,1
154,69,Male,Hoodie,Clothing,55.0,North Carolina,M,Maroon,Winter,3.2,Yes,Standard,Yes,Yes,22,Debit Card,Annually,37.142857142857146,38.202380952380956,37.03995455504858,100.0,Silver,Neutral,Clothing,1
155,41,Male,Dress,Clothing,98.0,Oklahoma,M,Charcoal,Fall,3.6,Yes,Next Day Air,Yes,Yes,21,Venmo,Quarterly,49.65986394557824,60.77210884353742,55.401954663995355,100.0,Platinum,Neutral,Clothing,1
156,63,Male,Socks,Clothing,77.0,Maine,S,Olive,Spring,4.3,Yes,Free Shipping,Yes,Yes,21,Bank Transfer,Quarterly,49.65986394557824,61.355442176870746,55.71477957324878,100.0,Platinum,Satisfied,Clothing,1
157,35,Male,Shorts,Clothing,26.0,Missouri,M,Lavender,Fall,4.0,Yes,Standard,Yes,Yes,40,Debit Card,Annually,51.83673469387755,49.03061224489796,50.19376271019871,100.0,Bronze,Satisfied,Clothing,1
158,36,Male,Hat,Accessories,68.0,Vermont,S,Yellow,Fall,3.0,Yes,Next Day Air,Yes,Yes,1,Bank Transfer,Fortnightly,46.666666666666664,26.66666666666667,35.615587131921515,100.0,Gold,Neutral,Accessories,1
159,25,Male,Shirt,Clothing,73.0,Connecticut,XL,Teal,Fall,4.1,Yes,Standard,Yes,Yes,50,Bank Transfer,Monthly,93.33333333333333,76.75,85.80717338829808,100.0,Platinum,Satisfied,Clothing,1
160,58,Male,Gloves,Accessories,27.0,New Hampshire,M,Charcoal,Fall,3.8,Yes,Store Pickup,Yes,Yes,39,Bank Transfer,Every 3 Months,57.68707482993196,46.10034013605442,51.54751202416284,100.0,Bronze,Neutral,Accessories,1
161,27,Male,Gloves,Accessories,23.0,Texas,M,Orange,Summer,4.6,Yes,Free Shipping,Yes,Yes,34,Venmo,Monthly,80.27210884353741,51.698979591836725,65.84241853901875,100.0,Bronze,Satisfied,Accessories,1
162,65,Male,Backpack,Accessories,49.0,North Dakota,M,Olive,Fall,3.0,Yes,Express,Yes,Yes,29,Venmo,Fortnightly,69.52380952380952,37.79761904761905,53.01336856359383,100.0,Silver,Neutral,Accessories,1
163,54,Male,Sunglasses,Accessories,74.0,California,M,Turquoise,Summer,3.0,Yes,Store Pickup,Yes,Yes,31,PayPal,Bi-Weekly,64.48979591836735,49.57482993197279,56.81214163428354,100.0,Platinum,Neutral,Accessories,1
164,54,Male,Skirt,Clothing,67.0,Virginia,M,Purple,Summer,3.4,Yes,Standard,Yes,Yes,8,Debit Card,Weekly,65.71428571428571,36.345238095238095,50.329736476609135,100.0,Silver,Neutral,Clothing,1
165,59,Male,Handbag,Accessories,65.0,Delaware,S,Purple,Spring,2.6,Yes,Free Shipping,Yes,Yes,5,Credit Card,Fortnightly,49.93197278911565,22.804421768707485,35.17702920505707,100.0,Silver,At Risk,Accessories,1
166,42,Male,Handbag,Accessories,60.0,Kentucky,S,Yellow,Winter,2.8,Yes,Store Pickup,Yes,Yes,7,Cash,Monthly,58.23129251700681,24.748299319727884,40.36913475785585,100.0,Silver,At Risk,Accessories,1
167,46,Male,Sneakers,Footwear,31.0,Delaware,XL,Indigo,Fall,4.0,Yes,Store Pickup,Yes,Yes,30,Cash,Monthly,77.00680272108843,44.31122448979591,60.24792464456734,100.0,Bronze,Satisfied,Footwear,1
168,33,Male,Gloves,Accessories,27.0,Arkansas,M,Green,Fall,4.0,Yes,Express,Yes,Yes,14,Credit Card,Every 3 Months,37.27891156462585,31.760204081632654,33.653227374527866,100.0,Bronze,Satisfied,Accessories,1
169,34,Male,Shoes,Footwear,80.0,Louisiana,M,Magenta,Summer,3.0,Yes,Express,Yes,Yes,5,Cash,Fortnightly,49.93197278911565,34.38775510204082,41.38883811737489,100.0,Gold,Neutral,Footwear,1
170,27,Male,Jacket,Outerwear,30.0,Nevada,S,Gold,Summer,3.3,Yes,Standard,Yes,Yes,3,PayPal,Every 3 Months,28.29931972789116,16.19387755102041,20.815657711564278,100.0,Bronze,Neutral,Outerwear,1
171,52,Male,Shirt,Clothing,25.0,Wyoming,M,Maroon,Fall,2.6,Yes,Store Pickup,Yes,Yes,46,Venmo,Bi-Weekly,76.73469387755101,34.028911564625844,54.597761180973116,100.0,Bronze,At Risk,Clothing,1
172,29,Male,Shorts,Clothing,35.0,Virginia,M,Blue,Summer,3.6,Yes,Store Pickup,Yes,Yes,4,Credit Card,Weekly,62.44897959183673,22.957482993197285,41.517614944122585,100.0,Bronze,Neutral,Clothing,1
173,54,Male,Jewelry,Accessories,67.0,Nebraska,M,Violet,Summer,3.9,Yes,Next Day Air,Yes,Yes,42,Credit Card,Bi-Weekly,73.46938775510203,66.14115646258503,70.18598257025297,100.0,Platinum,Neutral,Accessories,1
174,25,Male,Hat,Accessories,46.0,Hawaii,M,Turquoise,Fall,3.4,Yes,Standard,Yes,Yes,30,Cash,Annually,43.6734693877551,42.56122448979591,42.642783250140425,100.0,Silver,Neutral,Accessories,1
175,41,Male,Shoes,Footwear,35.0,Vermont,L,Brown,Winter,3.5,Yes,Express,Yes,Yes,37,Venmo,Annually,49.38775510204081,44.07312925170068,46.31071719861356,100.0,Bronze,Neutral,Footwear,1
176,53,Male,Coat,Outerwear,86.0,Oklahoma,L,Violet,Fall,2.8,Yes,Next Day Air,Yes,Yes,2,Bank Transfer,Annually,20.816326530612244,32.18027210884353,25.6472052732225,100.0,Gold,At Risk,Outerwear,1
177,53,Male,Backpack,Accessories,81.0,New Hampshire,L,Black,Spring,2.7,Yes,Next Day Air,Yes,Yes,30,Credit Card,Quarterly,57.006802721088434,47.81122448979591,52.12487410008784,100.0,Gold,At Risk,Accessories,1
178,21,Male,Hoodie,Clothing,42.0,Kansas,L,Magenta,Fall,3.7,Yes,Next Day Air,Yes,Yes,47,Bank Transfer,Monthly,90.8843537414966,56.45918367346939,73.70130169062317,100.0,Silver,Neutral,Clothing,1
179,61,Male,Skirt,Clothing,43.0,Idaho,L,Lavender,Fall,4.3,Yes,2-Day Shipping,Yes,Yes,21,PayPal,Quarterly,49.65986394557824,47.18877551020408,48.11760320566583,100.0,Silver,Satisfied,Clothing,1
180,64,Male,Boots,Footwear,31.0,Illinois,M,Violet,Fall,4.9,Yes,Store Pickup,Yes,Yes,9,Bank Transfer,Fortnightly,53.197278911564624,42.02551020408164,47.11739983007777,100.0,Bronze,Satisfied,Footwear,1
181,51,Male,Sandals,Footwear,81.0,South Dakota,L,Green,Fall,3.3,Yes,Store Pickup,Yes,Yes,12,Debit Card,Fortnightly,55.64625850340137,43.566326530612244,49.16818515889292,100.0,Gold,Neutral,Footwear,1
182,32,Male,Pants,Clothing,61.0,Massachusetts,M,Beige,Summer,4.7,Yes,Next Day Air,Yes,Yes,4,Bank Transfer,Weekly,62.44897959183673,48.457482993197274,55.192532405771885,100.0,Silver,Satisfied,Clothing,1
183,38,Male,Gloves,Accessories,96.0,Alabama,XL,Purple,Summer,2.8,Yes,Store Pickup,Yes,Yes,10,Debit Card,Annually,27.346938775510203,41.78911564625851,34.065458151595095,100.0,Gold,At Risk,Accessories,1
184,58,Male,Skirt,Clothing,29.0,Ohio,XL,Beige,Spring,3.6,Yes,2-Day Shipping,Yes,Yes,26,Credit Card,Weekly,80.40816326530611,35.423469387755105,57.18235717394047,100.0,Bronze,Neutral,Clothing,1
185,32,Male,Sneakers,Footwear,33.0,Hawaii,L,Cyan,Spring,3.0,Yes,Express,Yes,Yes,40,Cash,Fortnightly,78.50340136054422,38.613945578231295,57.94093694972106,100.0,Bronze,Neutral,Footwear,1
186,46,Male,T-shirt,Clothing,32.0,Wisconsin,XL,Silver,Summer,4.5,Yes,Store Pickup,Yes,Yes,34,Bank Transfer,Fortnightly,73.60544217687075,54.1156462585034,63.80507411544958,100.0,Bronze,Satisfied,Clothing,1
187,39,Male,Backpack,Accessories,56.0,Minnesota,S,Lavender,Summer,2.9,Yes,Standard,Yes,Yes,31,Debit Card,Annually,44.48979591836735,40.74149659863945,42.07507872273181,100.0,Silver,At Risk,Accessories,1
188,19,Male,Shoes,Footwear,94.0,Georgia,S,Purple,Spring,3.3,Yes,Store Pickup,Yes,Yes,1,Bank Transfer,Bi-Weekly,40.0,41.5,40.23694434817503,100.0,Gold,Neutral,Footwear,1
189,50,Male,Hoodie,Clothing,53.0,Arkansas,M,Pink,Spring,3.1,Yes,Express,Yes,Yes,5,Bank Transfer,Bi-Weekly,43.26530612244898,24.47108843537416,32.737481326733494,100.0,Silver,Neutral,Clothing,1
190,36,Male,Blouse,Clothing,82.0,West Virginia,M,Maroon,Fall,4.4,Yes,Next Day Air,Yes,Yes,4,Credit Card,Weekly,62.44897959183673,53.20748299319729,57.73982095254971,100.0,Platinum,Satisfied,Clothing,1
191,65,Male,Coat,Outerwear,70.0,Indiana,XL,Beige,Fall,3.0,Yes,Free Shipping,Yes,Yes,48,Venmo,Quarterly,71.70068027210885,59.472789115646265,65.72557498274286,100.0,Platinum,Neutral,Outerwear,1
192,64,Male,Hat,Accessories,76.0,Utah,M,Gray,Fall,3.9,Yes,Free Shipping,Yes,Yes,29,Cash,Every 3 Months,49.523809523809526,61.04761904761905,55.48167566097997,100.0,Platinum,Neutral,Accessories,1
193,46,Male,Shoes,Footwear,29.0,Nebraska,L,Turquoise,Summer,2.9,Yes,Express,Yes,Yes,12,PayPal,Bi-Weekly,48.9795918367347,16.56632653061224,31.35552745440149,100.0,Bronze,At Risk,Footwear,1
194,36,Male,Belt,Accessories,100.0,North Dakota,S,Silver,Fall,3.0,Yes,Standard,Yes,Yes,29,Venmo,Annually,42.85714285714286,59.04761904761905,51.07579978163492,100.0,Platinum,Neutral,Accessories,1
195,51,Male,Backpack,Accessories,94.0,Missouri,M,Olive,Spring,3.1,Yes,Express,Yes,Yes,15,Debit Card,Quarterly,44.761904761904766,48.35714285714287,46.29518545831043,100.0,Gold,Neutral,Accessories,1
196,51,Male,Jacket,Outerwear,25.0,New York,M,Magenta,Fall,4.3,Yes,Free Shipping,Yes,Yes,34,Credit Card,Monthly,80.27210884353741,48.53231292517006,64.14422617450022,100.0,Bronze,Satisfied,Outerwear,1
197,38,Male,Boots,Footwear,88.0,Washington,M,Lavender,Summer,3.9,Yes,Next Day Air,Yes,Yes,41,Credit Card,Fortnightly,79.31972789115646,74.21088435374149,77.43871588728153,100.0,Platinum,Neutral,Footwear,1
198,59,Male,Scarf,Accessories,78.0,South Carolina,M,Black,Fall,3.2,Yes,2-Day Shipping,Yes,Yes,41,Credit Card,Monthly,85.98639455782313,60.7108843537415,73.53238703503581,100.0,Platinum,Neutral,Accessories,1
199,57,Male,Jewelry,Accessories,45.0,Utah,M,Turquoise,Winter,4.8,Yes,Standard,Yes,Yes,39,Credit Card,Fortnightly,77.68707482993196,66.93367346938774,72.71983021178482,100.0,Silver,Satisfied,Accessories,1
200,54,Male,Hat,Accessories,73.0,Idaho,XL,Green,Summer,3.8,Yes,Express,Yes,Yes,32,Cash,Weekly,85.3061224489796,60.505102040816325,73.08189583769958,100.0,Platinum,Neutral,Accessories,1
201,25,Male,Dress,Clothing,61.0,Pennsylvania,S,Teal,Summer,3.3,Yes,Next Day Air,Yes,Yes,29,Venmo,Monthly,76.19047619047619,46.79761904761905,61.17314335397985,100.0,Silver,Neutral,Clothing,1
202,69,Male,Blouse,Clothing,22.0,Missouri,S,Beige,Fall,4.3,Yes,Free Shipping,Yes,Yes,15,Bank Transfer,Annually,31.428571428571427,34.357142857142854,32.12072096956178,100.0,Bronze,Satisfied,Clothing,1
203,57,Male,Hat,Accessories,38.0,Nebraska,L,Magenta,Spring,2.7,Yes,Express,Yes,Yes,33,Venmo,Annually,46.12244897959184,31.93537414965986,38.168934757384335,100.0,Bronze,At Risk,Accessories,1
204,70,Male,Scarf,Accessories,38.0,Indiana,S,Yellow,Fall,3.2,Yes,Next Day Air,Yes,Yes,18,Bank Transfer,Weekly,73.87755102040816,28.39795918367347,50.14947175083301,100.0,Bronze,Neutral,Accessories,1
205,24,Male,Sneakers,Footwear,100.0,Arizona,M,Yellow,Fall,4.0,Yes,Store Pickup,Yes,Yes,35,Cash,Bi-Weekly,67.75510204081631,76.4625850340136,72.86392535234913,100.0,Platinum,Satisfied,Footwear,1
206,67,Male,Shirt,Clothing,64.0,Hawaii,M,Silver,Winter,3.0,Yes,Standard,Yes,Yes,25,PayPal,Weekly,79.59183673469387,41.3265306122449,59.939836066123,100.0,Silver,Neutral,Clothing,1
207,24,Male,T-shirt,Clothing,55.0,Wisconsin,L,Silver,Summer,4.2,Yes,Free Shipping,Yes,Yes,6,Venmo,Fortnightly,50.748299319727884,40.65136054421769,45.1559930467636,100.0,Silver,Satisfied,Clothing,1
208,62,Male,Gloves,Accessories,91.0,Rhode Island,M,Silver,Summer,2.9,Yes,Express,Yes,Yes,17,Bank Transfer,Bi-Weekly,53.06122448979591,45.801020408163254,49.07407028258286,100.0,Gold,At Risk,Accessories,1
209,57,Male,Skirt,Clothing,38.0,Wisconsin,M,Gold,Spring,4.1,Yes,Store Pickup,Yes,Yes,17,Credit Card,Monthly,66.39455782312926,39.717687074829925,52.478420038463916,100.0,Bronze,Satisfied,Clothing,1
210,55,Male,Sandals,Footwear,97.0,Minnesota,S,Olive,Winter,3.2,Yes,Store Pickup,Yes,Yes,44,Cash,Every 3 Months,61.76870748299319,70.66836734693878,66.76345557831691,100.0,Platinum,Neutral,Footwear,1
211,45,Male,Jacket,Outerwear,22.0,Vermont,L,Teal,Fall,3.0,Yes,2-Day Shipping,Yes,Yes,6,PayPal,Fortnightly,50.748299319727884,10.901360544217692,29.20192267483941,100.0,Bronze,Neutral,Outerwear,1
212,69,Male,Skirt,Clothing,92.0,South Dakota,L,Maroon,Fall,4.2,Yes,2-Day Shipping,Yes,Yes,45,Debit Card,Fortnightly,82.58503401360544,82.5986394557823,83.56948105473879,100.0,Platinum,Satisfied,Clothing,1
213,67,Male,Handbag,Accessories,84.0,Virginia,L,Blue,Fall,4.2,Yes,Express,Yes,Yes,7,Debit Card,Annually,24.89795918367347,53.414965986394556,39.07557791735704,100.0,Gold,Satisfied,Accessories,1
214,30,Male,Handbag,Accessories,93.0,Nevada,L,Peach,Fall,4.4,Yes,Store Pickup,Yes,Yes,11,Debit Card,Every 3 Months,34.82993197278912,62.55272108843538,48.94187987290204,100.0,Gold,Satisfied,Accessories,1
215,24,Male,Jacket,Outerwear,50.0,Hawaii,L,Blue,Summer,4.2,Yes,Next Day Air,Yes,Yes,41,Cash,Every 3 Months,59.31972789115646,62.37755102040816,61.092839156712245,100.0,Silver,Satisfied,Outerwear,1
216,62,Male,Scarf,Accessories,64.0,New Jersey,S,Orange,Spring,2.8,Yes,2-Day Shipping,Yes,Yes,24,PayPal,Bi-Weekly,58.77551020408163,37.97959183673469,47.73680568300136,100.0,Silver,At Risk,Accessories,1
217,43,Male,Shorts,Clothing,61.0,Massachusetts,L,Yellow,Spring,3.7,Yes,Free Shipping,Yes,Yes,21,Venmo,Weekly,76.32653061224491,46.68877551020408,61.18280090249624,100.0,Silver,Neutral,Clothing,1
218,35,Male,Sunglasses,Accessories,48.0,Oklahoma,M,Purple,Winter,3.5,Yes,Next Day Air,Yes,Yes,24,Bank Transfer,Annually,38.775510204081634,40.64625850340136,39.16686241101698,100.0,Silver,Neutral,Accessories,1
219,28,Male,T-shirt,Clothing,45.0,California,S,Magenta,Spring,2.9,Yes,Store Pickup,Yes,Yes,8,Credit Card,Quarterly,39.04761904761905,20.51190476190476,28.5054413206831,100.0,Bronze,At Risk,Clothing,1
220,32,Male,Belt,Accessories,88.0,Nevada,M,Cyan,Spring,3.0,Yes,Free Shipping,Yes,Yes,12,Cash,Fortnightly,55.64625850340137,42.482993197278915,48.58722461313658,100.0,Gold,Neutral,Accessories,1
221,39,Male,Sneakers,Footwear,57.0,Arizona,S,Indigo,Spring,3.7,Yes,Express,Yes,Yes,48,Debit Card,Fortnightly,85.03401360544218,63.38945578231293,74.49263746868246,100.0,Silver,Neutral,Footwear,1
222,28,Male,Hat,Accessories,68.0,North Carolina,XL,Magenta,Summer,4.4,Yes,Store Pickup,Yes,Yes,6,Bank Transfer,Quarterly,37.41496598639456,48.734693877551024,42.824185836894266,100.0,Silver,Satisfied,Accessories,1
223,47,Male,Gloves,Accessories,94.0,New York,XL,Gray,Spring,4.5,Yes,2-Day Shipping,Yes,Yes,14,PayPal,Fortnightly,57.27891156462586,66.343537414966,62.19927556598037,100.0,Platinum,Satisfied,Accessories,1
224,20,Male,Pants,Clothing,41.0,Wyoming,M,Turquoise,Spring,4.8,Yes,Free Shipping,Yes,Yes,34,PayPal,Annually,46.93877551020408,61.86564625850339,54.62784314791161,100.0,Silver,Satisfied,Clothing,1
225,63,Male,Socks,Clothing,83.0,South Dakota,S,Beige,Summer,2.9,Yes,Free Shipping,Yes,Yes,12,Cash,Every 3 Months,35.64625850340136,39.066326530612244,36.75496443036656,100.0,Gold,At Risk,Clothing,1
226,25,Male,Jacket,Outerwear,22.0,Arkansas,M,Olive,Spring,3.2,Yes,Next Day Air,Yes,Yes,11,Bank Transfer,Annually,28.163265306122447,16.96938775510205,21.163514345051816,100.0,Bronze,Neutral,Outerwear,1
227,29,Male,Shoes,Footwear,74.0,Texas,L,Violet,Spring,3.3,Yes,Free Shipping,Yes,Yes,5,PayPal,Monthly,56.59863945578232,35.88775510204082,45.52657836021701,100.0,Gold,Neutral,Footwear,1
228,50,Male,Jeans,Clothing,90.0,Rhode Island,M,Turquoise,Winter,4.2,Yes,Standard,Yes,Yes,25,Venmo,Fortnightly,66.25850340136054,68.15986394557822,67.66311522511343,100.0,Platinum,Satisfied,Clothing,1
229,18,Male,Socks,Clothing,79.0,New Hampshire,M,White,Spring,2.9,Yes,Store Pickup,Yes,Yes,11,Credit Card,Annually,28.163265306122447,36.719387755102034,31.754871986917443,100.0,Gold,At Risk,Clothing,1
230,70,Male,Sandals,Footwear,28.0,Ohio,S,Silver,Spring,4.6,Yes,Next Day Air,Yes,Yes,27,PayPal,Every 3 Months,47.89115646258503,49.020408163265294,48.21550143870545,100.0,Bronze,Satisfied,Footwear,1
231,66,Male,Scarf,Accessories,88.0,Utah,L,Olive,Fall,4.1,Yes,Standard,Yes,Yes,43,Credit Card,Annually,54.28571428571429,78.23809523809523,67.08138659217585,100.0,Platinum,Satisfied,Accessories,1
232,28,Male,Blouse,Clothing,26.0,Tennessee,M,Blue,Spring,3.1,Yes,2-Day Shipping,Yes,Yes,18,Debit Card,Every 3 Months,40.54421768707483,22.064625850340143,30.086420355129267,100.0,Bronze,Neutral,Clothing,1
233,54,Male,Jewelry,Accessories,27.0,Hawaii,L,Purple,Winter,4.2,Yes,Express,Yes,Yes,32,Bank Transfer,Bi-Weekly,65.3061224489796,46.671768707483,55.663476561118586,100.0,Bronze,Satisfied,Accessories,1
234,19,Male,Sweater,Clothing,83.0,Arizona,XL,Yellow,Fall,4.5,Yes,Next Day Air,Yes,Yes,27,Bank Transfer,Every 3 Months,47.89115646258503,70.60374149659864,59.790023081081834,100.0,Platinum,Satisfied,Clothing,1
235,20,Male,Gloves,Accessories,39.0,South Dakota,S,Silver,Summer,3.7,Yes,Next Day Air,Yes,Yes,24,Credit Card,Weekly,78.77551020408163,39.56292517006803,58.585901865260624,100.0,Silver,Neutral,Accessories,1
236,43,Male,Sunglasses,Accessories,89.0,New Jersey,M,Cyan,Winter,3.7,Yes,Free Shipping,Yes,Yes,31,Debit Card,Quarterly,57.82312925170068,65.15816326530613,61.83570230529145,100.0,Platinum,Neutral,Accessories,1
237,38,Male,Coat,Outerwear,68.0,North Dakota,L,Green,Winter,3.4,Yes,Next Day Air,Yes,Yes,39,PayPal,Fortnightly,77.68707482993196,57.85034013605442,67.84869948198164,100.0,Platinum,Neutral,Outerwear,1
238,50,Male,Dress,Clothing,90.0,Iowa,M,Beige,Summer,3.0,Yes,Store Pickup,Yes,Yes,36,Debit Card,Fortnightly,75.23809523809524,59.64285714285714,67.58548506318603,100.0,Platinum,Neutral,Clothing,1
239,64,Male,Skirt,Clothing,34.0,Ohio,M,Peach,Fall,4.2,Yes,Free Shipping,Yes,Yes,5,Cash,Annually,23.26530612244898,31.221088435374156,26.357312419523016,100.0,Bronze,Satisfied,Clothing,1
240,49,Male,Pants,Clothing,51.0,Vermont,L,Yellow,Summer,2.9,Yes,Express,Yes,Yes,47,Credit Card,Bi-Weekly,77.55102040816327,49.54251700680272,63.325425385666,100.0,Silver,At Risk,Clothing,1
241,47,Male,Sweater,Clothing,45.0,Montana,XL,Turquoise,Winter,3.5,Yes,Free Shipping,Yes,Yes,29,Bank Transfer,Fortnightly,69.52380952380952,42.797619047619044,55.69472492862311,100.0,Silver,Neutral,Clothing,1
242,36,Male,Hoodie,Clothing,88.0,Delaware,M,Peach,Winter,4.1,Yes,Free Shipping,Yes,Yes,43,Venmo,Bi-Weekly,74.28571428571429,78.23809523809523,77.08138659217585,100.0,Platinum,Satisfied,Clothing,1
243,55,Male,Coat,Outerwear,85.0,New York,L,Gray,Summer,4.3,Yes,Store Pickup,Yes,Yes,40,Debit Card,Every 3 Months,58.50340136054422,77.6139455782313,68.8555165969494,100.0,Platinum,Satisfied,Outerwear,1
244,25,Male,Jewelry,Accessories,100.0,Kentucky,M,Olive,Winter,2.8,Yes,2-Day Shipping,Yes,Yes,4,Debit Card,Monthly,55.782312925170075,39.374149659863946,46.98806834263537,100.0,Gold,At Risk,Accessories,1
245,53,Male,Belt,Accessories,42.0,Oregon,S,Indigo,Spring,4.9,Yes,2-Day Shipping,Yes,Yes,39,PayPal,Weekly,91.02040816326529,67.01700680272108,79.43118615120197,100.0,Silver,Satisfied,Accessories,1
246,49,Male,Sandals,Footwear,53.0,Rhode Island,L,Charcoal,Summer,3.3,Yes,Next Day Air,Yes,Yes,45,Venmo,Fortnightly,82.58503401360544,54.34863945578231,68.41981759232338,100.0,Silver,Neutral,Footwear,1
247,35,Male,Sunglasses,Accessories,86.0,Nevada,XL,Beige,Spring,3.2,Yes,Express,Yes,Yes,20,Venmo,Bi-Weekly,55.51020408163265,49.75850340136054,52.42084452116216,100.0,Platinum,Neutral,Accessories,1
248,29,Male,Sweater,Clothing,66.0,Montana,XL,Brown,Spring,4.4,Yes,Standard,Yes,Yes,14,Debit Card,Weekly,70.61224489795919,53.34353741496599,61.89441568357091,100.0,Silver,Satisfied,Clothing,1
249,47,Male,Belt,Accessories,100.0,Pennsylvania,M,Blue,Winter,4.8,Yes,Express,Yes,Yes,33,PayPal,Weekly,86.12244897959182,85.7687074829932,87.03820495419953,100.0,Platinum,Satisfied,Accessories,1
250,53,Male,Handbag,Accessories,47.0,Alaska,S,Teal,Fall,4.2,Yes,Standard,Yes,Yes,18,Credit Card,Annually,33.877551020408156,45.48129251700681,39.310772664683036,100.0,Silver,Satisfied,Accessories,1
251,33,Male,Skirt,Clothing,25.0,Mississippi,L,Black,Fall,4.0,Yes,Express,Yes,Yes,9,Bank Transfer,Weekly,66.53061224489795,27.525510204081634,46.008133038159535,100.0,Bronze,Satisfied,Clothing,1
252,21,Male,Handbag,Accessories,51.0,Wyoming,XL,Gold,Winter,2.5,Yes,Standard,Yes,Yes,34,PayPal,Annually,46.93877551020408,35.3656462585034,40.41665441325646,100.0,Silver,At Risk,Accessories,1
253,32,Male,Shorts,Clothing,41.0,Delaware,M,Violet,Summer,3.9,Yes,Free Shipping,Yes,Yes,33,Venmo,Fortnightly,72.7891156462585,49.185374149659864,60.75294755006866,100.0,Silver,Neutral,Clothing,1
254,52,Male,Boots,Footwear,73.0,Oklahoma,L,Cyan,Winter,4.9,Yes,2-Day Shipping,Yes,Yes,15,Bank Transfer,Bi-Weekly,51.42857142857142,63.60714285714286,57.806655704983044,100.0,Platinum,Satisfied,Footwear,1
255,67,Male,Sunglasses,Accessories,42.0,Indiana,M,White,Winter,3.5,Yes,Store Pickup,Yes,Yes,4,PayPal,Bi-Weekly,42.44897959183674,24.540816326530614,32.36671112638186,100.0,Bronze,Neutral,Accessories,1
256,43,Male,Scarf,Accessories,20.0,Maryland,M,Charcoal,Spring,4.2,Yes,Free Shipping,Yes,Yes,25,Debit Card,Annually,39.59183673469388,38.993197278911566,38.688536429109334,100.0,Bronze,Satisfied,Accessories,1
257,58,Male,Jewelry,Accessories,30.0,South Dakota,XL,Violet,Spring,4.7,Yes,Express,Yes,Yes,20,Credit Card,Every 3 Months,42.176870748299315,46.425170068027214,43.96660694447598,100.0,Bronze,Satisfied,Accessories,1
258,20,Male,Handbag,Accessories,53.0,West Virginia,M,Red,Summer,4.5,Yes,Express,Yes,Yes,5,Credit Card,Quarterly,36.59863945578232,43.13775510204082,39.41454508950946,100.0,Silver,Satisfied,Accessories,1
259,61,Male,Gloves,Accessories,74.0,Alabama,S,Lavender,Spring,2.8,Yes,Express,Yes,Yes,16,Cash,Quarterly,45.57823129251701,36.70408163265306,40.454146746344236,100.0,Gold,At Risk,Accessories,1
260,32,Male,Jeans,Clothing,57.0,Louisiana,M,Gold,Fall,2.9,Yes,Standard,Yes,Yes,13,Debit Card,Annually,29.795918367346943,28.913265306122444,28.38499929457582,100.0,Silver,At Risk,Clothing,1
261,38,Male,Hat,Accessories,57.0,Montana,S,Red,Winter,3.2,Yes,2-Day Shipping,Yes,Yes,11,Credit Card,Every 3 Months,34.82993197278912,31.55272108843538,32.317470409720535,100.0,Silver,Neutral,Accessories,1
262,21,Male,Jeans,Clothing,77.0,California,L,Magenta,Winter,4.9,Yes,Standard,Yes,Yes,21,Credit Card,Annually,36.3265306122449,69.35544217687075,53.33828309062895,100.0,Gold,Satisfied,Clothing,1
263,37,Male,Pants,Clothing,40.0,Hawaii,M,Teal,Summer,3.7,Yes,Next Day Air,Yes,Yes,6,Debit Card,Annually,24.081632653061224,27.734693877551024,24.895822437104638,100.0,Bronze,Neutral,Clothing,1
264,27,Male,Shorts,Clothing,46.0,Iowa,M,Purple,Summer,4.3,Yes,Store Pickup,Yes,Yes,29,Venmo,Monthly,76.19047619047619,53.88095238095239,64.97173153777133,100.0,Silver,Satisfied,Clothing,1
265,36,Male,Pants,Clothing,78.0,Colorado,S,Charcoal,Fall,3.9,Yes,Store Pickup,Yes,Yes,15,Cash,Annually,31.428571428571427,52.35714285714286,41.77360388366718,100.0,Gold,Neutral,Clothing,1
266,32,Male,Backpack,Accessories,59.0,Michigan,M,Gray,Spring,3.2,Yes,2-Day Shipping,Yes,Yes,17,Bank Transfer,Bi-Weekly,53.06122448979591,36.46768707482993,44.068871734528216,100.0,Silver,Neutral,Accessories,1
267,51,Male,Jewelry,Accessories,75.0,Louisiana,L,White,Summer,3.1,Yes,Express,Yes,Yes,32,Credit Card,Weekly,85.3061224489796,52.00510204081633,68.5235900171498,100.0,Platinum,Neutral,Accessories,1
268,64,Male,Sweater,Clothing,54.0,Maryland,M,Olive,Spring,3.9,Yes,2-Day Shipping,Yes,Yes,42,Venmo,Annually,53.46938775510204,60.724489795918366,57.281179841471264,100.0,Silver,Neutral,Clothing,1
269,68,Male,Shoes,Footwear,42.0,Georgia,M,Charcoal,Spring,2.6,Yes,Store Pickup,Yes,Yes,21,Cash,Monthly,69.65986394557824,24.10544217687075,45.73867465378067,100.0,Bronze,At Risk,Footwear,1
270,68,Male,Blouse,Clothing,44.0,Georgia,M,Charcoal,Winter,3.3,Yes,Next Day Air,Yes,Yes,9,Cash,Bi-Weekly,46.53061224489796,26.108843537414966,35.248415401401246,100.0,Bronze,Neutral,Clothing,1
271,33,Male,Jeans,Clothing,52.0,North Dakota,XL,Orange,Fall,4.6,Yes,Free Shipping,Yes,Yes,16,Bank Transfer,Annually,32.244897959183675,51.537414965986386,41.74217062926441,100.0,Silver,Satisfied,Clothing,1
272,65,Male,Sunglasses,Accessories,69.0,Maryland,XL,Yellow,Summer,4.6,Yes,Express,Yes,Yes,42,Credit Card,Fortnightly,80.1360544217687,76.30782312925169,78.97140717914584,100.0,Platinum,Satisfied,Accessories,1
273,48,Male,Jewelry,Accessories,26.0,Oregon,M,Beige,Summer,4.4,Yes,2-Day Shipping,Yes,Yes,37,Debit Card,Bi-Weekly,69.38775510204081,52.323129251700685,60.73495520091188,100.0,Bronze,Satisfied,Accessories,1
274,69,Male,Coat,Outerwear,33.0,North Dakota,S,Silver,Spring,4.2,Yes,Express,Yes,Yes,32,Debit Card,Quarterly,58.639455782312936,49.171768707483,53.67082141029989,100.0,Bronze,Satisfied,Outerwear,1
275,59,Male,Jewelry,Accessories,32.0,Maryland,M,Indigo,Spring,3.0,Yes,Express,Yes,Yes,28,Cash,Bi-Weekly,62.04081632653061,30.034013605442176,45.108473391363,100.0,Bronze,Neutral,Accessories,1
276,48,Male,Backpack,Accessories,85.0,Virginia,XL,Lavender,Winter,4.0,Yes,Express,Yes,Yes,13,Credit Card,Weekly,69.79591836734693,55.24659863945578,62.50680948373001,100.0,Platinum,Satisfied,Accessories,1
277,25,Male,Skirt,Clothing,30.0,South Dakota,XL,Turquoise,Fall,3.5,Yes,Express,Yes,Yes,11,Bank Transfer,Fortnightly,54.82993197278911,24.302721088435376,38.429503680428084,100.0,Bronze,Neutral,Clothing,1
278,29,Male,Shirt,Clothing,29.0,Georgia,M,Green,Winter,3.0,Yes,Store Pickup,Yes,Yes,36,Bank Transfer,Bi-Weekly,68.57142857142857,34.226190476190474,50.62192354095387,100.0,Bronze,Neutral,Clothing,1
279,57,Male,Sweater,Clothing,95.0,Hawaii,M,Orange,Spring,3.7,Yes,Express,Yes,Yes,23,Debit Card,Annually,37.95918367346939,62.215986394557824,50.32592458029123,100.0,Gold,Neutral,Clothing,1
280,23,Male,Sneakers,Footwear,69.0,Arkansas,L,Turquoise,Summer,4.0,Yes,Standard,Yes,Yes,37,Bank Transfer,Monthly,82.72108843537416,64.906462585034,74.14970205290221,100.0,Platinum,Satisfied,Footwear,1
281,45,Male,Sandals,Footwear,69.0,Montana,S,Cyan,Fall,4.2,Yes,2-Day Shipping,Yes,Yes,21,Cash,Bi-Weekly,56.32653061224491,56.68877551020408,56.54551363255478,100.0,Silver,Satisfied,Footwear,1
282,38,Male,Belt,Accessories,61.0,Oklahoma,XL,Charcoal,Spring,2.5,Yes,Standard,Yes,Yes,22,Debit Card,Bi-Weekly,57.14285714285714,31.36904761904762,43.37543418950857,100.0,Silver,At Risk,Accessories,1
283,21,Male,Skirt,Clothing,94.0,Minnesota,M,Teal,Summer,3.0,Yes,2-Day Shipping,Yes,Yes,9,Cash,Monthly,59.863945578231295,42.942176870748305,50.94231516366647,100.0,Platinum,Neutral,Clothing,1
284,32,Male,Sweater,Clothing,30.0,Montana,S,Maroon,Fall,3.2,Yes,Next Day Air,Yes,Yes,16,Venmo,Annually,32.244897959183675,23.704081632653065,26.81595353060145,100.0,Bronze,Neutral,Clothing,1
285,63,Male,Skirt,Clothing,45.0,Ohio,M,Red,Summer,3.5,Yes,Standard,Yes,Yes,4,PayPal,Quarterly,35.782312925170075,25.790816326530614,29.703716884305848,100.0,Bronze,Neutral,Clothing,1
286,29,Male,Handbag,Accessories,39.0,Kentucky,XL,Yellow,Summer,4.8,Yes,Express,Yes,Yes,3,Debit Card,Bi-Weekly,41.63265306122449,39.94387755102041,40.218767112120005,100.0,Bronze,Satisfied,Accessories,1
287,27,Male,Jewelry,Accessories,51.0,Nebraska,L,Gray,Summer,2.6,Yes,Store Pickup,Yes,Yes,6,Debit Card,Annually,24.081632653061224,17.651360544217688,19.488420434295602,100.0,Bronze,At Risk,Accessories,1
288,56,Male,Scarf,Accessories,37.0,Delaware,L,Blue,Spring,3.4,Yes,2-Day Shipping,Yes,Yes,18,Venmo,Fortnightly,60.544217687074834,30.647959183673468,44.689415448429514,100.0,Bronze,Neutral,Accessories,1
289,30,Male,T-shirt,Clothing,62.0,North Carolina,M,Lavender,Winter,3.7,Yes,2-Day Shipping,Yes,Yes,34,Venmo,Bi-Weekly,66.93877551020408,55.94897959183673,61.45490478262698,100.0,Silver,Neutral,Clothing,1
290,49,Male,Coat,Outerwear,85.0,New York,M,Yellow,Fall,4.5,Yes,2-Day Shipping,Yes,Yes,26,Credit Card,Monthly,73.74149659863947,70.75680272108843,72.79727548681403,100.0,Platinum,Satisfied,Outerwear,1
291,58,Male,T-shirt,Clothing,33.0,Colorado,M,Indigo,Winter,3.7,Yes,Standard,Yes,Yes,50,PayPal,Weekly,100.0,54.75000000000001,77.34253871550261,100.0,Silver,Neutral,Clothing,1
292,57,Male,Dress,Clothing,26.0,Delaware,XL,Violet,Fall,3.3,Yes,Next Day Air,Yes,Yes,40,Bank Transfer,Monthly,85.17006802721087,39.697278911564624,61.855230828810726,100.0,Bronze,Neutral,Clothing,1
293,60,Male,Shoes,Footwear,99.0,Utah,M,Green,Spring,4.7,Yes,Free Shipping,Yes,Yes,24,Cash,Quarterly,52.10884353741496,77.89625850340136,65.80963399715174,100.0,Platinum,Satisfied,Footwear,1
294,69,Male,Handbag,Accessories,39.0,Connecticut,M,White,Spring,2.7,Yes,Express,Yes,Yes,33,PayPal,Annually,46.12244897959184,32.35204081632653,38.39238112113678,100.0,Bronze,At Risk,Accessories,1
295,70,Male,Skirt,Clothing,20.0,New Jersey,M,Gold,Spring,4.6,Yes,Store Pickup,Yes,Yes,19,Credit Card,Every 3 Months,41.36054421768707,40.24489795918366,40.24414128783774,100.0,Bronze,Satisfied,Clothing,1
296,53,Male,Sunglasses,Accessories,42.0,West Virginia,M,Indigo,Winter,2.7,Yes,Store Pickup,Yes,Yes,24,Credit Card,Quarterly,52.10884353741496,27.479591836734695,38.77262398310655,100.0,Bronze,At Risk,Accessories,1
297,25,Male,Sandals,Footwear,74.0,Indiana,S,Lavender,Spring,4.8,Yes,2-Day Shipping,Yes,Yes,19,Credit Card,Weekly,74.69387755102039,65.41156462585033,70.40696832515177,100.0,Platinum,Satisfied,Footwear,1
298,48,Male,Shoes,Footwear,26.0,Delaware,XL,Purple,Summer,4.4,Yes,Standard,Yes,Yes,4,Credit Card,Bi-Weekly,42.44897959183674,29.874149659863953,35.22682458241309,100.0,Bronze,Satisfied,Footwear,1
299,69,Male,T-shirt,Clothing,53.0,Maryland,M,Lavender,Winter,4.0,Yes,Standard,Yes,Yes,11,Venmo,Every 3 Months,34.82993197278912,40.552721088435376,37.14391186677323,100.0,Silver,Satisfied,Clothing,1
300,25,Male,Sneakers,Footwear,80.0,Pennsylvania,M,Maroon,Summer,3.2,Yes,Next Day Air,Yes,Yes,28,PayPal,Fortnightly,68.70748299319727,52.70068027210885,60.59728891282905,100.0,Platinum,Neutral,Footwear,1
301,29,Male,Hat,Accessories,98.0,Iowa,M,Teal,Spring,4.4,Yes,Store Pickup,Yes,Yes,24,PayPal,Weekly,78.77551020408163,73.4795918367347,76.77443587470923,100.0,Platinum,Satisfied,Accessories,1
302,46,Male,Skirt,Clothing,95.0,Pennsylvania,M,Green,Spring,3.8,Yes,Standard,Yes,Yes,25,Credit Card,Every 3 Months,46.25850340136054,64.90986394557822,55.9202335878444,100.0,Platinum,Neutral,Clothing,1
303,37,Male,Sweater,Clothing,44.0,Delaware,L,Olive,Summer,3.6,Yes,Express,Yes,Yes,27,Bank Transfer,Every 3 Months,47.89115646258503,42.35374149659864,44.64035961866642,100.0,Silver,Neutral,Clothing,1
304,20,Male,Sandals,Footwear,60.0,Oregon,M,Turquoise,Summer,3.3,Yes,Next Day Air,Yes,Yes,49,Venmo,Weekly,99.18367346938774,59.98639455782312,79.74250342568122,100.0,Silver,Neutral,Footwear,1
305,40,Male,Dress,Clothing,84.0,Oregon,M,Green,Winter,3.4,Yes,Next Day Air,Yes,Yes,45,Credit Card,Bi-Weekly,75.91836734693878,68.5986394557823,72.72834989932349,100.0,Platinum,Neutral,Clothing,1
306,60,Male,Sweater,Clothing,59.0,Utah,M,Teal,Fall,3.5,Yes,2-Day Shipping,Yes,Yes,26,PayPal,Annually,40.408163265306115,46.59013605442176,43.170719722505844,100.0,Silver,Neutral,Clothing,1
307,26,Male,Jacket,Outerwear,49.0,North Dakota,S,White,Summer,3.6,Yes,Express,Yes,Yes,4,Cash,Annually,22.44897959183674,28.79081632653062,24.645864036656747,100.0,Bronze,Neutral,Outerwear,1
308,29,Male,Gloves,Accessories,32.0,Florida,M,Orange,Winter,3.2,Yes,Free Shipping,Yes,Yes,3,Credit Card,Every 3 Months,28.29931972789116,15.693877551020416,20.54752207506135,100.0,Bronze,Neutral,Accessories,1
309,66,Male,Handbag,Accessories,29.0,Maryland,M,Beige,Fall,3.7,Yes,Standard,Yes,Yes,45,Venmo,Bi-Weekly,75.91836734693878,49.68197278911565,62.583884984962744,100.0,Bronze,Neutral,Accessories,1
310,66,Male,Dress,Clothing,22.0,Minnesota,M,Yellow,Spring,4.5,Yes,Standard,Yes,Yes,21,Cash,Fortnightly,62.99319727891157,41.105442176870746,51.521952961546866,100.0,Bronze,Satisfied,Clothing,1
311,56,Male,Pants,Clothing,85.0,Montana,M,Charcoal,Winter,4.6,Yes,Standard,Yes,Yes,50,Cash,Fortnightly,86.66666666666667,88.41666666666666,88.73033824003306,100.0,Platinum,Satisfied,Clothing,1
312,69,Male,Jeans,Clothing,52.0,Rhode Island,L,Silver,Winter,4.1,Yes,Store Pickup,Yes,Yes,19,Bank Transfer,Monthly,68.02721088435375,46.91156462585033,57.15261644121013,100.0,Silver,Satisfied,Clothing,1
313,38,Male,Pants,Clothing,89.0,Massachusetts,L,Green,Spring,3.4,Yes,Next Day Air,Yes,Yes,6,PayPal,Annually,24.081632653061224,44.15136054421769,33.69960916895076,100.0,Gold,Neutral,Clothing,1
314,42,Male,Dress,Clothing,77.0,Vermont,M,Pink,Spring,3.7,Yes,Express,Yes,Yes,50,Credit Card,Every 3 Months,66.66666666666667,73.08333333333333,70.50751205394329,100.0,Platinum,Neutral,Clothing,1
315,30,Male,Pants,Clothing,24.0,New Jersey,M,Purple,Summer,3.3,Yes,Store Pickup,Yes,Yes,17,Debit Card,Every 3 Months,39.72789115646258,23.217687074829936,30.296610700533975,100.0,Bronze,Neutral,Clothing,1
316,66,Male,Jewelry,Accessories,24.0,Wisconsin,XL,Orange,Spring,4.5,Yes,Express,Yes,Yes,24,Debit Card,Annually,38.775510204081634,43.97959183673469,40.95443332103649,100.0,Bronze,Satisfied,Accessories,1
317,36,Male,Handbag,Accessories,22.0,California,M,Charcoal,Fall,3.3,Yes,Free Shipping,Yes,Yes,46,Venmo,Monthly,90.06802721088437,42.11224489795919,65.59928730443713,100.0,Bronze,Neutral,Accessories,1
318,58,Male,Sweater,Clothing,82.0,West Virginia,L,Teal,Fall,4.3,Yes,Standard,Yes,Yes,42,Cash,Every 3 Months,60.136054421768705,77.72448979591837,69.73112481590414,100.0,Platinum,Satisfied,Clothing,1
319,45,Male,Backpack,Accessories,67.0,South Dakota,M,Beige,Winter,2.5,Yes,Standard,Yes,Yes,10,Cash,Annually,27.346938775510203,25.70578231292517,25.440428510750923,100.0,Gold,At Risk,Accessories,1
320,47,Male,Shorts,Clothing,74.0,Maine,XL,White,Spring,2.6,Yes,Standard,Yes,Yes,1,Cash,Every 3 Months,26.666666666666668,23.833333333333336,24.096151858404923,100.0,Gold,At Risk,Clothing,1
321,66,Male,Jewelry,Accessories,72.0,Kansas,L,White,Summer,4.9,Yes,Standard,Yes,Yes,28,Debit Card,Quarterly,55.374149659863946,72.03401360544218,64.2985335242756,100.0,Platinum,Satisfied,Accessories,1
322,41,Male,Sneakers,Footwear,36.0,Vermont,L,Orange,Summer,4.7,Yes,Free Shipping,Yes,Yes,48,Debit Card,Quarterly,71.70068027210885,67.97278911564626,70.28388080329262,100.0,Silver,Satisfied,Footwear,1
323,41,Male,Belt,Accessories,95.0,Tennessee,S,Cyan,Winter,3.0,Yes,Standard,Yes,Yes,47,Credit Card,Monthly,90.8843537414966,69.20918367346938,80.5387604214478,100.0,Platinum,Neutral,Accessories,1
324,66,Male,Hoodie,Clothing,78.0,Tennessee,M,Orange,Winter,3.5,Yes,Next Day Air,Yes,Yes,29,PayPal,Bi-Weekly,62.857142857142854,56.547619047619044,59.735121599120276,100.0,Platinum,Neutral,Clothing,1
325,37,Male,Shirt,Clothing,82.0,Wyoming,M,Olive,Summer,4.8,Yes,Standard,Yes,Yes,37,Venmo,Quarterly,62.72108843537415,80.98979591836735,72.77473169374639,100.0,Platinum,Satisfied,Clothing,1
326,70,Male,Pants,Clothing,70.0,Vermont,M,Charcoal,Winter,4.3,Yes,Free Shipping,Yes,Yes,38,Debit Card,Annually,50.204081632653065,70.00340136054422,60.62454049711743,100.0,Silver,Satisfied,Clothing,1
327,62,Male,Scarf,Accessories,41.0,New Jersey,M,White,Fall,3.2,Yes,Store Pickup,Yes,Yes,48,Bank Transfer,Weekly,98.36734693877551,50.0561224489796,74.00902049527105,100.0,Silver,Neutral,Accessories,1
328,61,Male,Coat,Outerwear,42.0,Iowa,M,Teal,Summer,3.1,Yes,Free Shipping,Yes,Yes,36,PayPal,Weekly,88.57142857142857,40.976190476190474,64.24175463374338,100.0,Silver,Neutral,Outerwear,1
329,48,Male,Coat,Outerwear,50.0,Florida,M,Yellow,Fall,2.8,Yes,Free Shipping,Yes,Yes,9,Credit Card,Weekly,66.53061224489795,21.942176870748295,43.01395176387684,100.0,Silver,At Risk,Outerwear,1
330,70,Male,Socks,Clothing,31.0,Nevada,S,White,Summer,2.9,Yes,2-Day Shipping,Yes,Yes,34,Bank Transfer,Monthly,80.27210884353741,32.365646258503396,55.47450726090556,100.0,Bronze,At Risk,Clothing,1
331,46,Male,Sweater,Clothing,51.0,North Dakota,M,Beige,Winter,3.7,Yes,Express,Yes,Yes,43,Venmo,Bi-Weekly,74.28571428571429,57.48809523809524,65.95375767730435,100.0,Silver,Neutral,Clothing,1
332,31,Male,Shirt,Clothing,98.0,Florida,L,Beige,Fall,3.3,Yes,Store Pickup,Yes,Yes,46,PayPal,Quarterly,70.06802721088434,73.77891156462584,72.58121094962252,100.0,Platinum,Neutral,Clothing,1
333,19,Male,Shirt,Clothing,86.0,New York,M,Maroon,Winter,2.8,Yes,2-Day Shipping,Yes,Yes,5,Credit Card,Monthly,56.59863945578232,34.22108843537414,44.63279290520724,100.0,Gold,At Risk,Clothing,1
334,39,Male,Sweater,Clothing,64.0,Alaska,M,Teal,Winter,4.5,Yes,Standard,Yes,Yes,15,Bank Transfer,Bi-Weekly,51.42857142857142,54.52380952380953,52.93552497517986,100.0,Silver,Satisfied,Clothing,1
335,41,Male,Blouse,Clothing,46.0,Kansas,M,Lavender,Fall,2.6,Yes,Next Day Air,Yes,Yes,30,Credit Card,Annually,43.6734693877551,31.89455782312925,36.922556338077975,100.0,Bronze,At Risk,Clothing,1
336,20,Male,Sweater,Clothing,85.0,Oregon,L,Maroon,Spring,3.7,Yes,Standard,Yes,Yes,44,Venmo,Every 3 Months,61.76870748299319,72.33503401360544,67.65724103332666,100.0,Platinum,Neutral,Clothing,1
337,36,Male,Hat,Accessories,81.0,Rhode Island,S,Orange,Fall,4.4,Yes,Express,Yes,Yes,16,PayPal,Annually,32.244897959183675,60.954081632653065,46.792058450069554,100.0,Gold,Satisfied,Accessories,1
338,32,Male,Sweater,Clothing,59.0,New Mexico,M,Cyan,Winter,4.3,Yes,2-Day Shipping,Yes,Yes,16,Bank Transfer,Annually,32.244897959183675,50.45408163265306,41.161210083508074,100.0,Silver,Satisfied,Clothing,1
339,69,Male,Hoodie,Clothing,79.0,Massachusetts,M,Silver,Winter,3.5,Yes,Express,Yes,Yes,16,Cash,Weekly,72.24489795918367,48.12074829931973,59.90991044649441,100.0,Platinum,Neutral,Clothing,1
340,40,Male,Shorts,Clothing,33.0,Pennsylvania,M,Teal,Spring,3.8,Yes,2-Day Shipping,Yes,Yes,21,Credit Card,Every 3 Months,42.993197278911566,36.355442176870746,38.97466441476906,100.0,Bronze,Neutral,Clothing,1
341,40,Male,Shorts,Clothing,47.0,New Jersey,L,Blue,Summer,3.5,Yes,Express,Yes,Yes,39,Venmo,Every 3 Months,57.68707482993196,50.43367346938775,53.87135420718822,100.0,Silver,Neutral,Clothing,1
342,20,Male,Hat,Accessories,20.0,Utah,S,Blue,Summer,4.6,Yes,Store Pickup,Yes,Yes,40,Debit Card,Bi-Weekly,71.83673469387755,54.530612244897945,63.143254711730904,100.0,Bronze,Satisfied,Accessories,1
343,64,Male,Coat,Outerwear,36.0,Kentucky,M,Olive,Spring,2.6,Yes,Next Day Air,Yes,Yes,48,Credit Card,Every 3 Months,65.03401360544217,39.97278911564626,51.93495182579534,100.0,Bronze,At Risk,Outerwear,1
344,27,Male,Sandals,Footwear,39.0,Nebraska,M,Purple,Summer,4.4,Yes,Next Day Air,Yes,Yes,26,Venmo,Monthly,73.74149659863947,50.256802721088434,61.803714390193996,100.0,Silver,Satisfied,Footwear,1
345,24,Male,Skirt,Clothing,71.0,Virginia,M,Charcoal,Winter,4.0,Yes,Standard,Yes,Yes,46,Debit Card,Monthly,90.06802721088437,71.86224489795919,81.55335767636132,100.0,Platinum,Satisfied,Clothing,1
346,48,Male,Shoes,Footwear,59.0,Wyoming,S,Olive,Winter,4.4,Yes,Next Day Air,Yes,Yes,27,Bank Transfer,Annually,41.224489795918366,59.27040816326531,50.378948653682144,100.0,Silver,Satisfied,Footwear,1
347,49,Male,Jeans,Clothing,50.0,New Mexico,L,Violet,Spring,4.7,Yes,Next Day Air,Yes,Yes,5,Cash,Weekly,63.26530612244898,44.554421768707485,53.507596059601084,100.0,Silver,Satisfied,Clothing,1
348,36,Male,Sandals,Footwear,41.0,Oregon,L,Red,Fall,3.9,Yes,Store Pickup,Yes,Yes,43,PayPal,Fortnightly,80.95238095238095,55.988095238095234,68.4826841011289,100.0,Silver,Neutral,Footwear,1
349,56,Male,Blouse,Clothing,59.0,South Carolina,M,Beige,Fall,2.7,Yes,Free Shipping,Yes,Yes,17,PayPal,Fortnightly,59.727891156462576,29.801020408163264,43.827063247822515,100.0,Silver,At Risk,Clothing,1
350,37,Male,Hat,Accessories,87.0,Arizona,M,Green,Winter,3.7,Yes,2-Day Shipping,Yes,Yes,3,Bank Transfer,Bi-Weekly,41.63265306122449,45.27721088435375,43.078880568151234,100.0,Gold,Neutral,Accessories,1
351,42,Male,Sweater,Clothing,68.0,Kentucky,M,Violet,Spring,2.6,Yes,2-Day Shipping,Yes,Yes,47,Bank Transfer,Fortnightly,84.21768707482993,52.62585034013605,68.31226181076737,100.0,Platinum,At Risk,Clothing,1
352,28,Male,Skirt,Clothing,90.0,New York,M,Teal,Winter,3.9,Yes,Standard,Yes,Yes,24,Debit Card,Bi-Weekly,58.77551020408163,63.479591836734684,61.41172314465065,100.0,Platinum,Neutral,Clothing,1
353,27,Male,Jeans,Clothing,71.0,Texas,XL,Yellow,Fall,4.9,Yes,Next Day Air,Yes,Yes,12,Cash,Every 3 Months,35.64625850340136,60.732993197278915,48.37417534549343,100.0,Gold,Satisfied,Clothing,1
354,63,Male,Sneakers,Footwear,64.0,Missouri,L,Yellow,Fall,4.1,Yes,Store Pickup,Yes,Yes,35,Debit Card,Monthly,81.08843537414965,62.79591836734693,72.20155128793577,100.0,Silver,Satisfied,Footwear,1
355,58,Male,Jewelry,Accessories,76.0,Pennsylvania,S,Olive,Fall,3.0,Yes,Free Shipping,Yes,Yes,42,Venmo,Weekly,93.46938775510203,57.89115646258504,75.76174456795468,100.0,Platinum,Neutral,Accessories,1
356,37,Male,Jewelry,Accessories,42.0,Oregon,XL,Magenta,Fall,4.1,Yes,2-Day Shipping,Yes,Yes,1,PayPal,Every 3 Months,26.666666666666668,30.499999999999993,27.671293678443952,100.0,Bronze,Satisfied,Accessories,1
357,56,Male,Pants,Clothing,80.0,Nevada,L,Black,Spring,3.7,Yes,Standard,Yes,Yes,27,Cash,Weekly,81.22448979591836,58.68707482993197,70.06612374442872,100.0,Platinum,Neutral,Clothing,1
358,18,Male,Belt,Accessories,56.0,Arkansas,M,Olive,Spring,4.0,Yes,Standard,Yes,Yes,16,Credit Card,Bi-Weekly,52.244897959183675,45.204081632653065,48.345785900227334,100.0,Silver,Satisfied,Accessories,1
359,48,Male,Hat,Accessories,25.0,Minnesota,XL,Magenta,Summer,3.6,Yes,Express,Yes,Yes,36,Credit Card,Every 3 Months,55.23809523809524,40.55952380952381,47.35164160332429,100.0,Bronze,Neutral,Accessories,1
360,31,Male,Sneakers,Footwear,74.0,Georgia,M,Olive,Winter,3.0,Yes,Store Pickup,Yes,Yes,30,Credit Card,Every 3 Months,50.340136054421755,48.894557823129254,49.37250131251084,100.0,Gold,Neutral,Footwear,1
361,51,Male,Pants,Clothing,30.0,Rhode Island,M,Teal,Summer,3.0,Yes,Standard,Yes,Yes,18,Debit Card,Fortnightly,60.544217687074834,22.39795918367347,40.26517744613122,100.0,Bronze,Neutral,Clothing,1
362,65,Male,T-shirt,Clothing,96.0,Nevada,M,White,Spring,2.6,Yes,Free Shipping,Yes,Yes,45,Cash,Annually,55.91836734693878,62.93197278911564,59.68947935229032,100.0,Platinum,At Risk,Clothing,1
363,53,Male,Sneakers,Footwear,64.0,Texas,M,Charcoal,Fall,3.4,Yes,Free Shipping,Yes,Yes,1,Venmo,Fortnightly,46.666666666666664,30.333333333333336,37.58191513294298,100.0,Silver,Neutral,Footwear,1
364,55,Male,Shorts,Clothing,88.0,Florida,L,Yellow,Winter,3.1,Yes,Free Shipping,Yes,Yes,42,Bank Transfer,Fortnightly,80.1360544217687,64.22448979591837,72.4914626303251,100.0,Platinum,Neutral,Clothing,1
365,62,Male,Shoes,Footwear,88.0,North Dakota,L,Charcoal,Summer,3.0,Yes,Free Shipping,Yes,Yes,7,Venmo,Every 3 Months,31.56462585034014,39.08163265306123,34.722356337606456,100.0,Gold,Neutral,Footwear,1
366,55,Male,Gloves,Accessories,88.0,West Virginia,XL,Gray,Summer,3.7,Yes,Standard,Yes,Yes,50,PayPal,Quarterly,73.33333333333334,77.66666666666667,76.29875538855346,100.0,Platinum,Neutral,Accessories,1
367,64,Male,Socks,Clothing,36.0,Nebraska,M,Turquoise,Spring,3.5,Yes,Store Pickup,Yes,Yes,37,Venmo,Fortnightly,76.05442176870747,44.48979591836735,59.86749689569933,100.0,Bronze,Neutral,Clothing,1
368,52,Male,Dress,Clothing,40.0,Tennessee,XL,Cyan,Spring,2.8,Yes,Store Pickup,Yes,Yes,18,Bank Transfer,Monthly,67.21088435374149,23.89795918367346,44.402917688973325,100.0,Bronze,At Risk,Clothing,1
369,24,Male,Handbag,Accessories,39.0,Oklahoma,M,Charcoal,Spring,4.5,Yes,Standard,Yes,Yes,29,Cash,Monthly,76.19047619047619,53.63095238095238,64.83766371951987,100.0,Silver,Satisfied,Accessories,1
370,38,Male,Belt,Accessories,40.0,Wisconsin,M,Silver,Summer,3.3,Yes,Store Pickup,Yes,Yes,45,PayPal,Quarterly,69.25170068027211,48.93197278911564,58.84834819687501,100.0,Silver,Neutral,Accessories,1
371,59,Male,Scarf,Accessories,34.0,Oregon,M,Olive,Winter,3.4,Yes,Express,Yes,Yes,13,PayPal,Weekly,69.79591836734693,25.996598639455783,46.820874748308746,100.0,Bronze,Neutral,Accessories,1
372,27,Male,Sneakers,Footwear,83.0,North Carolina,S,Pink,Winter,3.2,Yes,2-Day Shipping,Yes,Yes,47,PayPal,Monthly,90.8843537414966,66.87585034013605,79.28746078443415,100.0,Platinum,Neutral,Footwear,1
373,24,Male,Sweater,Clothing,85.0,Pennsylvania,L,Orange,Summer,3.7,Yes,Standard,Yes,Yes,7,Debit Card,Weekly,64.89795918367346,47.164965986394556,55.72388246107045,100.0,Platinum,Neutral,Clothing,1
374,23,Male,Coat,Outerwear,27.0,North Dakota,L,White,Summer,4.6,Yes,Express,Yes,Yes,11,Venmo,Bi-Weekly,48.16326530612245,37.71938775510203,42.29114325992329,100.0,Bronze,Satisfied,Outerwear,1
375,69,Male,Jewelry,Accessories,78.0,Ohio,S,Purple,Spring,5.0,Yes,Store Pickup,Yes,Yes,39,Bank Transfer,Monthly,84.35374149659864,83.35034013605443,84.8569502769643,100.0,Platinum,Satisfied,Accessories,1
376,59,Male,Sunglasses,Accessories,32.0,Oklahoma,M,Olive,Summer,4.4,Yes,Standard,Yes,Yes,6,Debit Card,Quarterly,37.41496598639456,33.734693877551024,34.780116741806445,100.0,Bronze,Satisfied,Accessories,1
377,51,Male,Shoes,Footwear,51.0,South Carolina,S,Gray,Fall,4.9,Yes,Express,Yes,Yes,2,Venmo,Bi-Weekly,40.816326530612244,45.59693877551021,42.84217818605106,100.0,Silver,Satisfied,Footwear,1
378,63,Male,Scarf,Accessories,32.0,Maine,M,Silver,Spring,4.1,Yes,Standard,Yes,Yes,39,Credit Card,Every 3 Months,57.68707482993196,52.18367346938775,54.809828934948456,100.0,Bronze,Satisfied,Accessories,1
379,54,Male,Dress,Clothing,62.0,Nevada,L,Orange,Winter,4.9,Yes,Next Day Air,Yes,Yes,23,Credit Card,Monthly,71.29251700680273,64.46598639455783,68.19920161122107,100.0,Silver,Satisfied,Clothing,1
380,32,Male,T-shirt,Clothing,29.0,Montana,S,Magenta,Fall,4.7,Yes,2-Day Shipping,Yes,Yes,46,Debit Card,Bi-Weekly,76.73469387755101,63.695578231292515,70.50714228014682,100.0,Bronze,Satisfied,Clothing,1
381,39,Male,Backpack,Accessories,69.0,New Hampshire,XL,Beige,Fall,3.0,Yes,Store Pickup,Yes,Yes,19,Bank Transfer,Weekly,74.69387755102039,39.32823129251701,56.41922595424904,100.0,Silver,Neutral,Accessories,1
382,66,Male,Jewelry,Accessories,25.0,Maine,L,Lavender,Winter,3.4,Yes,Store Pickup,Yes,Yes,3,Credit Card,Every 3 Months,28.29931972789116,15.44387755102041,20.41345425680989,100.0,Bronze,Neutral,Accessories,1
383,28,Male,Jeans,Clothing,76.0,California,M,Peach,Winter,3.2,Yes,Store Pickup,Yes,Yes,47,PayPal,Quarterly,70.8843537414966,63.95918367346939,67.72333623816708,100.0,Platinum,Neutral,Clothing,1
384,50,Male,Sunglasses,Accessories,77.0,West Virginia,S,Magenta,Fall,3.8,Yes,Standard,Yes,Yes,6,PayPal,Quarterly,37.41496598639456,44.48469387755102,40.54503292661938,100.0,Gold,Neutral,Accessories,1
385,70,Male,Sweater,Clothing,33.0,California,M,Beige,Fall,4.5,Yes,2-Day Shipping,Yes,Yes,6,Venmo,Annually,24.081632653061224,35.484693877551024,29.051924802900018,100.0,Bronze,Satisfied,Clothing,1
386,67,Male,Shorts,Clothing,93.0,West Virginia,S,Yellow,Fall,2.7,Yes,Next Day Air,Yes,Yes,12,Credit Card,Bi-Weekly,48.9795918367347,40.566326530612244,44.22603800654201,100.0,Gold,At Risk,Clothing,1
387,64,Male,Jewelry,Accessories,39.0,Louisiana,L,Brown,Spring,3.4,Yes,Express,Yes,Yes,40,PayPal,Quarterly,65.17006802721087,46.447278911564624,55.47506192160026,100.0,Bronze,Neutral,Accessories,1
388,45,Male,Coat,Outerwear,93.0,Georgia,L,Silver,Summer,4.6,Yes,Store Pickup,Yes,Yes,38,PayPal,Fortnightly,76.87074829931973,83.58673469387755,81.2422252887803,100.0,Platinum,Satisfied,Outerwear,1
389,22,Male,Handbag,Accessories,82.0,Washington,M,Orange,Summer,2.7,Yes,Store Pickup,Yes,Yes,10,PayPal,Quarterly,40.68027210884354,34.622448979591844,36.8888473617198,100.0,Gold,At Risk,Accessories,1
390,27,Male,Boots,Footwear,42.0,Virginia,L,Purple,Spring,4.2,Yes,Standard,Yes,Yes,28,Bank Transfer,Monthly,75.37414965986396,50.20068027210884,62.58994406364775,100.0,Silver,Satisfied,Footwear,1
391,25,Male,Gloves,Accessories,71.0,Indiana,M,Indigo,Winter,3.2,Yes,2-Day Shipping,Yes,Yes,19,PayPal,Annually,34.69387755102041,42.82823129251702,38.29617540976955,100.0,Gold,Neutral,Accessories,1
392,37,Male,Sweater,Clothing,86.0,Minnesota,L,Gray,Spring,4.8,Yes,Standard,Yes,Yes,25,Cash,Fortnightly,66.25850340136054,74.49319727891157,71.05949995415052,100.0,Platinum,Satisfied,Clothing,1
393,26,Male,T-shirt,Clothing,82.0,Idaho,XL,Black,Spring,3.3,Yes,Next Day Air,Yes,Yes,38,Credit Card,Annually,50.204081632653065,61.67006802721089,56.155613222068645,100.0,Platinum,Neutral,Clothing,1
394,33,Male,Shoes,Footwear,65.0,Vermont,L,Maroon,Fall,4.2,Yes,Standard,Yes,Yes,6,PayPal,Fortnightly,50.748299319727884,44.81802721088436,47.390456684288,100.0,Silver,Satisfied,Footwear,1
395,43,Male,Scarf,Accessories,29.0,North Dakota,M,Beige,Spring,4.8,Yes,Store Pickup,Yes,Yes,7,Debit Card,Bi-Weekly,44.89795918367348,38.49829931972789,41.076198095019706,100.0,Bronze,Satisfied,Accessories,1
396,37,Male,Sneakers,Footwear,65.0,Rhode Island,L,Brown,Winter,4.9,Yes,Store Pickup,Yes,Yes,2,PayPal,Annually,20.816326530612244,51.430272108843546,35.97042727858521,100.0,Silver,Satisfied,Footwear,1
397,46,Male,Dress,Clothing,88.0,South Carolina,S,Black,Fall,3.9,Yes,Standard,Yes,Yes,24,Bank Transfer,Annually,38.775510204081634,62.646258503401356,50.96483041714578,100.0,Gold,Neutral,Clothing,1
398,22,Male,Belt,Accessories,46.0,Mississippi,M,Indigo,Fall,3.0,Yes,Free Shipping,Yes,Yes,26,Cash,Annually,40.408163265306115,34.506802721088434,36.690775173685104,100.0,Bronze,Neutral,Accessories,1
399,20,Male,Boots,Footwear,67.0,Montana,S,Silver,Winter,4.6,Yes,Free Shipping,Yes,Yes,25,Debit Card,Every 3 Months,46.25850340136054,63.90986394557822,55.383962314838556,100.0,Silver,Satisfied,Footwear,1
400,60,Male,Scarf,Accessories,35.0,Idaho,L,Blue,Fall,3.5,Yes,2-Day Shipping,Yes,Yes,10,Debit Card,Monthly,60.680272108843546,25.705782312925173,42.1070951774176,100.0,Bronze,Neutral,Accessories,1
401,39,Male,Boots,Footwear,66.0,Utah,M,Green,Winter,4.8,Yes,Free Shipping,Yes,Yes,14,PayPal,Fortnightly,57.27891156462586,58.676870748299315,58.08786247293547,100.0,Silver,Satisfied,Footwear,1
402,43,Male,T-shirt,Clothing,91.0,Oklahoma,L,Orange,Fall,4.8,Yes,Standard,Yes,Yes,21,Cash,Quarterly,49.65986394557824,73.85544217687074,62.41817048582195,100.0,Platinum,Satisfied,Clothing,1
403,31,Male,Backpack,Accessories,78.0,California,L,Cyan,Fall,3.0,Yes,Express,Yes,Yes,26,PayPal,Monthly,73.74149659863947,47.84013605442177,60.507725480429855,100.0,Platinum,Neutral,Accessories,1
404,19,Male,Sneakers,Footwear,45.0,Nevada,M,Orange,Winter,4.5,Yes,Next Day Air,Yes,Yes,12,Bank Transfer,Annually,28.9795918367347,44.566326530612244,36.37112309856544,100.0,Bronze,Satisfied,Footwear,1
405,35,Male,T-shirt,Clothing,93.0,Delaware,M,Indigo,Spring,4.8,Yes,Store Pickup,Yes,Yes,11,Credit Card,Monthly,61.49659863945578,67.8860544217687,65.1353266622666,100.0,Platinum,Satisfied,Clothing,1
406,41,Male,Jeans,Clothing,74.0,South Carolina,S,Silver,Summer,3.8,Yes,Standard,Yes,Yes,15,Cash,Annually,31.428571428571427,49.357142857142854,40.1647900646496,100.0,Gold,Neutral,Clothing,1
407,52,Male,Gloves,Accessories,55.0,Maryland,M,Peach,Spring,4.6,Yes,Express,Yes,Yes,13,Cash,Monthly,63.12925170068028,50.74659863945576,56.76025542187032,100.0,Silver,Satisfied,Accessories,1
408,45,Male,Hoodie,Clothing,76.0,North Carolina,XL,Teal,Spring,3.1,Yes,Next Day Air,Yes,Yes,5,Credit Card,Bi-Weekly,43.26530612244898,34.054421768707485,37.876747693039604,100.0,Gold,Neutral,Clothing,1
409,34,Male,Sneakers,Footwear,66.0,Alabama,L,White,Spring,3.4,Yes,Express,Yes,Yes,36,Cash,Fortnightly,75.23809523809524,54.97619047619048,65.08288578915871,100.0,Silver,Neutral,Footwear,1
410,35,Male,Shorts,Clothing,51.0,Minnesota,M,Brown,Winter,3.3,Yes,2-Day Shipping,Yes,Yes,32,Bank Transfer,Monthly,78.63945578231292,44.671768707483,61.25760068177354,100.0,Silver,Neutral,Clothing,1
411,29,Male,Sweater,Clothing,26.0,Virginia,L,Lavender,Spring,4.8,Yes,2-Day Shipping,Yes,Yes,1,Credit Card,Quarterly,33.333333333333336,33.166666666666664,32.4346837397929,100.0,Bronze,Satisfied,Clothing,1
412,59,Male,Jeans,Clothing,29.0,Michigan,M,Indigo,Summer,2.8,Yes,Express,Yes,Yes,15,PayPal,Annually,31.428571428571427,17.273809523809515,22.959420055711753,100.0,Bronze,At Risk,Clothing,1
413,24,Male,Jacket,Outerwear,74.0,Maine,M,Yellow,Summer,3.1,Yes,Store Pickup,Yes,Yes,3,Bank Transfer,Weekly,61.632653061224495,31.86054421768708,45.88390765532267,100.0,Gold,Neutral,Outerwear,1
414,70,Male,Jewelry,Accessories,99.0,Nevada,S,White,Summer,4.6,Yes,Free Shipping,Yes,Yes,48,Cash,Monthly,91.70068027210885,92.88945578231291,93.64597335568851,100.0,Platinum,Satisfied,Accessories,1
415,29,Male,Backpack,Accessories,88.0,Wyoming,L,Violet,Winter,2.6,Yes,Store Pickup,Yes,Yes,30,Debit Card,Weekly,83.67346938775509,49.39455782312925,66.30730361568042,100.0,Platinum,At Risk,Accessories,1
416,67,Male,Coat,Outerwear,31.0,Connecticut,M,Lavender,Winter,2.6,Yes,Express,Yes,Yes,40,Bank Transfer,Monthly,85.17006802721087,32.447278911564624,57.96726409951828,100.0,Bronze,At Risk,Outerwear,1
417,36,Male,Belt,Accessories,55.0,Oregon,L,Olive,Spring,3.8,Yes,Free Shipping,Yes,Yes,24,Bank Transfer,Fortnightly,65.4421768707483,47.56292517006803,56.20940538264081,100.0,Silver,Neutral,Accessories,1
418,23,Male,Sandals,Footwear,81.0,Mississippi,L,Beige,Fall,4.5,Yes,Free Shipping,Yes,Yes,48,Debit Card,Quarterly,71.70068027210885,84.05612244897958,78.9089104441368,100.0,Platinum,Satisfied,Footwear,1
419,18,Male,Sweater,Clothing,73.0,Illinois,L,Purple,Spring,3.0,Yes,Standard,Yes,Yes,27,Venmo,Bi-Weekly,61.224489795918366,46.43707482993197,53.496800650107005,100.0,Gold,Neutral,Clothing,1
420,53,Male,Shorts,Clothing,91.0,Utah,S,Teal,Winter,3.7,Yes,Free Shipping,Yes,Yes,14,Credit Card,Every 3 Months,37.27891156462585,54.426870748299315,45.80870956266058,100.0,Gold,Neutral,Clothing,1
421,32,Male,Socks,Clothing,54.0,North Carolina,S,Peach,Spring,3.8,Yes,Free Shipping,Yes,Yes,18,Debit Card,Bi-Weekly,53.87755102040816,43.064625850340136,48.01478375491889,100.0,Silver,Neutral,Clothing,1
422,38,Male,Shirt,Clothing,40.0,Kentucky,M,Violet,Winter,3.5,Yes,Standard,Yes,Yes,48,Cash,Bi-Weekly,78.36734693877551,53.63945578231293,65.93065922354204,100.0,Silver,Neutral,Clothing,1
423,47,Male,Pants,Clothing,59.0,Minnesota,M,Purple,Fall,3.1,Yes,Store Pickup,Yes,Yes,32,Debit Card,Annually,45.30612244897959,45.33843537414967,44.94844819711078,100.0,Silver,Neutral,Clothing,1
424,46,Male,Scarf,Accessories,26.0,New York,L,Teal,Spring,3.0,Yes,Store Pickup,Yes,Yes,21,Credit Card,Bi-Weekly,56.32653061224491,22.77210884353742,38.3569796231062,100.0,Bronze,Neutral,Accessories,1
425,66,Male,Sweater,Clothing,23.0,Illinois,M,Gold,Winter,4.3,Yes,Standard,Yes,Yes,42,PayPal,Fortnightly,80.1360544217687,53.14115646258504,66.5477893545102,100.0,Bronze,Satisfied,Clothing,1
426,40,Male,Jeans,Clothing,87.0,North Dakota,S,Teal,Winter,3.3,Yes,Store Pickup,Yes,Yes,4,Credit Card,Quarterly,35.782312925170075,40.62414965986395,37.6584074338927,100.0,Gold,Neutral,Clothing,1
427,43,Male,Pants,Clothing,71.0,Louisiana,M,Violet,Winter,4.7,Yes,Express,Yes,Yes,19,Credit Card,Quarterly,48.02721088435374,62.828231292517,55.68826753655331,100.0,Silver,Satisfied,Clothing,1
428,58,Male,Backpack,Accessories,91.0,Illinois,L,Black,Winter,4.5,Yes,Store Pickup,Yes,Yes,6,Credit Card,Quarterly,37.41496598639456,59.65136054421768,48.67848056720818,100.0,Gold,Satisfied,Accessories,1
429,21,Male,Coat,Outerwear,64.0,Wyoming,XL,Gold,Winter,2.9,Yes,Free Shipping,Yes,Yes,2,Debit Card,Fortnightly,47.48299319727891,24.346938775510203,34.779746968009974,100.0,Silver,At Risk,Outerwear,1
430,42,Male,Sandals,Footwear,94.0,Washington,M,Gold,Winter,4.1,Yes,2-Day Shipping,Yes,Yes,21,Cash,Fortnightly,62.99319727891157,65.77210884353741,64.7499776956913,100.0,Platinum,Satisfied,Footwear,1
431,24,Male,Shirt,Clothing,40.0,Texas,M,Brown,Summer,3.5,Yes,Store Pickup,Yes,Yes,40,Debit Card,Annually,51.83673469387755,48.197278911564624,49.74686998269384,100.0,Bronze,Neutral,Clothing,1
432,43,Male,Hat,Accessories,76.0,New Hampshire,L,Cyan,Winter,3.4,Yes,Store Pickup,Yes,Yes,33,Cash,Fortnightly,72.7891156462585,57.10204081632653,64.99842846136501,100.0,Platinum,Neutral,Accessories,1
433,47,Male,Shirt,Clothing,86.0,Indiana,S,Indigo,Fall,3.3,Yes,Free Shipping,Yes,Yes,26,Venmo,Weekly,80.40816326530611,55.17346938775509,67.7737148158061,100.0,Platinum,Neutral,Clothing,1
434,49,Male,Skirt,Clothing,92.0,Alabama,M,Orange,Fall,3.2,Yes,Store Pickup,Yes,Yes,23,Credit Card,Fortnightly,64.62585034013605,54.29931972789116,59.41377700232822,100.0,Platinum,Neutral,Clothing,1
435,50,Male,Shoes,Footwear,52.0,Oklahoma,L,Pink,Spring,4.0,Yes,Store Pickup,Yes,Yes,39,PayPal,Every 3 Months,57.68707482993196,59.183673469387756,58.56372784598945,100.0,Silver,Satisfied,Footwear,1
436,51,Male,Coat,Outerwear,28.0,Montana,XL,Olive,Winter,3.6,Yes,Next Day Air,Yes,Yes,42,Bank Transfer,Monthly,86.80272108843539,45.89115646258504,65.9931559585511,100.0,Bronze,Neutral,Outerwear,1
437,40,Male,Pants,Clothing,46.0,Tennessee,L,Cyan,Summer,4.6,Yes,Free Shipping,Yes,Yes,41,Bank Transfer,Weekly,92.65306122448979,66.04421768707482,79.72583382440037,100.0,Silver,Satisfied,Clothing,1
438,45,Male,Jewelry,Accessories,50.0,New Mexico,M,Peach,Summer,2.6,Yes,Next Day Air,Yes,Yes,41,PayPal,Annually,52.6530612244898,41.04421768707483,46.31905199925399,100.0,Silver,At Risk,Accessories,1
439,52,Male,Belt,Accessories,23.0,Iowa,M,Turquoise,Winter,4.3,Yes,Express,Yes,Yes,12,Credit Card,Fortnightly,55.64625850340137,32.732993197278915,43.35857970132949,100.0,Bronze,Satisfied,Accessories,1
440,62,Male,Jacket,Outerwear,50.0,Idaho,M,Turquoise,Summer,3.4,Yes,Free Shipping,Yes,Yes,31,Cash,Monthly,77.82312925170068,44.90816326530612,60.97620902692288,100.0,Silver,Neutral,Outerwear,1
441,20,Male,Shirt,Clothing,89.0,Oklahoma,XL,Maroon,Winter,3.5,Yes,Store Pickup,Yes,Yes,34,Debit Card,Fortnightly,73.60544217687075,64.53231292517006,69.39123320926058,100.0,Platinum,Neutral,Clothing,1
442,43,Male,Hoodie,Clothing,81.0,Florida,M,Maroon,Winter,4.2,Yes,Standard,Yes,Yes,32,Credit Card,Annually,45.30612244897959,69.171768707483,57.72958020375032,100.0,Platinum,Satisfied,Clothing,1
443,29,Male,Sunglasses,Accessories,69.0,Michigan,M,Olive,Fall,3.8,Yes,Store Pickup,Yes,Yes,31,Credit Card,Quarterly,57.82312925170068,58.158163265306115,58.08180339425045,100.0,Silver,Neutral,Accessories,1
444,22,Male,Sunglasses,Accessories,67.0,Hawaii,M,Magenta,Summer,3.6,Yes,Free Shipping,Yes,Yes,24,PayPal,Annually,38.775510204081634,49.89625850340136,44.12737168632114,100.0,Silver,Neutral,Accessories,1
445,48,Male,Dress,Clothing,20.0,California,M,Red,Summer,4.3,Yes,Store Pickup,Yes,Yes,31,Debit Card,Annually,44.48979591836735,44.408163265306115,44.041406723753276,100.0,Bronze,Satisfied,Clothing,1
446,42,Male,Boots,Footwear,29.0,Iowa,M,Olive,Fall,4.9,Yes,Standard,Yes,Yes,18,Venmo,Annually,33.877551020408156,47.31462585034014,40.29393666519377,100.0,Bronze,Satisfied,Footwear,1
447,19,Male,Shirt,Clothing,74.0,West Virginia,M,Silver,Summer,4.1,Yes,Store Pickup,Yes,Yes,15,Venmo,Monthly,64.76190476190476,53.35714285714285,58.97654182333969,100.0,Platinum,Satisfied,Clothing,1
448,60,Male,Shorts,Clothing,82.0,Washington,S,Turquoise,Spring,3.6,Yes,Standard,Yes,Yes,7,Bank Transfer,Every 3 Months,31.56462585034014,44.581632653061234,37.671848339138656,100.0,Gold,Neutral,Clothing,1
449,32,Male,Gloves,Accessories,23.0,Missouri,M,Yellow,Summer,3.4,Yes,Next Day Air,Yes,Yes,35,Bank Transfer,Fortnightly,74.42176870748298,36.37925170068027,54.70171849269776,100.0,Bronze,Neutral,Accessories,1
450,26,Male,Jewelry,Accessories,45.0,New York,L,Peach,Summer,2.9,Yes,2-Day Shipping,Yes,Yes,35,Bank Transfer,Monthly,81.08843537414965,38.879251700680264,59.37573000854574,100.0,Silver,At Risk,Accessories,1
451,25,Male,Boots,Footwear,21.0,Connecticut,L,Beige,Summer,2.7,Yes,Store Pickup,Yes,Yes,19,Credit Card,Monthly,68.02721088435375,15.328231292517009,40.2153820687752,100.0,Bronze,At Risk,Footwear,1
452,66,Male,Jewelry,Accessories,31.0,Virginia,M,Pink,Summer,4.3,Yes,Express,Yes,Yes,26,Credit Card,Fortnightly,67.07482993197277,45.59013605442176,55.96778178283333,100.0,Bronze,Satisfied,Accessories,1
453,45,Male,Pants,Clothing,45.0,Missouri,M,Violet,Summer,3.7,Yes,Express,Yes,Yes,39,PayPal,Fortnightly,77.68707482993196,52.267006802721085,64.85451820769894,100.0,Silver,Neutral,Clothing,1
454,54,Male,Jewelry,Accessories,56.0,Nebraska,XL,Peach,Winter,2.8,Yes,Next Day Air,Yes,Yes,22,Credit Card,Weekly,77.14285714285714,33.28571428571428,54.40328746276979,100.0,Silver,At Risk,Accessories,1
455,37,Male,Jacket,Outerwear,97.0,New Jersey,S,Gold,Summer,3.2,Yes,Next Day Air,Yes,Yes,14,Cash,Bi-Weekly,50.612244897959194,50.260204081632665,50.240912591802854,100.0,Gold,Neutral,Outerwear,1
456,54,Male,Blouse,Clothing,100.0,Utah,XL,Gold,Fall,3.6,Yes,Store Pickup,Yes,Yes,50,Debit Card,Fortnightly,86.66666666666667,81.33333333333333,84.9317500562416,100.0,Platinum,Neutral,Clothing,1
457,50,Male,Blouse,Clothing,96.0,North Carolina,S,Indigo,Fall,4.0,Yes,2-Day Shipping,Yes,Yes,33,Credit Card,Quarterly,59.455782312925166,73.43537414965986,67.090859253794,100.0,Platinum,Satisfied,Clothing,1
458,25,Male,Gloves,Accessories,99.0,Rhode Island,M,Blue,Spring,4.9,Yes,Next Day Air,Yes,Yes,48,Debit Card,Every 3 Months,65.03401360544217,96.88945578231292,82.45772511437859,100.0,Platinum,Satisfied,Accessories,1
459,47,Male,Shorts,Clothing,91.0,Arkansas,L,Black,Winter,4.0,Yes,2-Day Shipping,Yes,Yes,48,PayPal,Monthly,91.70068027210885,81.55612244897958,87.56823226162216,100.0,Platinum,Satisfied,Clothing,1
460,63,Male,Hat,Accessories,30.0,Maryland,L,Black,Winter,3.8,Yes,Standard,Yes,Yes,27,PayPal,Fortnightly,67.89115646258503,39.187074829931966,52.942167254147876,100.0,Bronze,Neutral,Accessories,1
461,64,Male,Shoes,Footwear,65.0,South Carolina,L,Teal,Summer,3.8,Yes,Store Pickup,Yes,Yes,27,Bank Transfer,Weekly,81.22448979591836,53.7704081632653,67.42945665214994,100.0,Silver,Neutral,Footwear,1
462,18,Male,Boots,Footwear,93.0,Ohio,M,Yellow,Winter,3.9,Yes,Express,Yes,Yes,20,Venmo,Weekly,75.51020408163265,62.00850340136055,68.99016761548388,100.0,Platinum,Neutral,Footwear,1
463,59,Male,Jacket,Outerwear,81.0,Illinois,M,White,Fall,3.3,Yes,Express,Yes,Yes,48,Venmo,Every 3 Months,65.03401360544217,68.05612244897958,66.99523674270976,100.0,Platinum,Neutral,Outerwear,1
464,37,Male,Jewelry,Accessories,81.0,Georgia,S,Orange,Summer,2.7,Yes,Standard,Yes,Yes,29,Venmo,Weekly,82.85714285714285,47.13095238095238,64.68523377831514,100.0,Platinum,At Risk,Accessories,1
465,23,Male,Sunglasses,Accessories,52.0,Alabama,M,Silver,Winter,4.7,Yes,Next Day Air,Yes,Yes,45,PayPal,Monthly,89.25170068027211,72.5986394557823,81.54010165801357,100.0,Silver,Satisfied,Accessories,1
466,54,Male,Skirt,Clothing,88.0,Oklahoma,M,Pink,Summer,2.8,Yes,Next Day Air,Yes,Yes,25,Cash,Quarterly,52.925170068027214,48.65986394557822,50.53915873483259,100.0,Gold,At Risk,Clothing,1
467,38,Male,Jeans,Clothing,24.0,Vermont,L,Turquoise,Winter,4.6,Yes,Free Shipping,Yes,Yes,25,PayPal,Weekly,79.59183673469387,45.99319727891156,62.44243534015032,100.0,Bronze,Satisfied,Clothing,1
468,19,Male,Backpack,Accessories,51.0,Nebraska,S,Orange,Spring,4.5,Yes,2-Day Shipping,Yes,Yes,37,Debit Card,Every 3 Months,56.05442176870747,64.07312925170068,60.36947599206399,100.0,Silver,Satisfied,Accessories,1
469,34,Male,Backpack,Accessories,38.0,Georgia,S,Peach,Fall,5.0,Yes,Free Shipping,Yes,Yes,16,Cash,Quarterly,45.57823129251701,51.03741496598639,48.14070165942815,100.0,Bronze,Satisfied,Accessories,1
470,21,Male,Shorts,Clothing,46.0,Alabama,L,Pink,Fall,4.1,Yes,2-Day Shipping,Yes,Yes,30,Debit Card,Bi-Weekly,63.6734693877551,51.89455782312924,57.64798179819507,100.0,Silver,Satisfied,Clothing,1
471,50,Male,Dress,Clothing,63.0,Minnesota,L,Teal,Summer,4.6,Yes,Express,Yes,Yes,6,Cash,Every 3 Months,30.74829931972789,49.318027210884345,39.80367741281434,100.0,Silver,Satisfied,Clothing,1
472,55,Male,Scarf,Accessories,72.0,Missouri,XL,White,Winter,4.9,Yes,2-Day Shipping,Yes,Yes,36,Bank Transfer,Quarterly,61.904761904761905,77.47619047619048,70.48232276512377,100.0,Platinum,Satisfied,Accessories,1
473,20,Male,Jeans,Clothing,39.0,Georgia,L,Gray,Winter,3.9,Yes,Free Shipping,Yes,Yes,3,Bank Transfer,Quarterly,34.965986394557824,27.943877551020414,30.45017850271641,100.0,Bronze,Neutral,Clothing,1
474,34,Male,Coat,Outerwear,42.0,West Virginia,L,Olive,Spring,3.9,Yes,Store Pickup,Yes,Yes,29,PayPal,Every 3 Months,49.523809523809526,46.88095238095238,47.88449929339701,100.0,Bronze,Neutral,Outerwear,1
475,62,Male,Sweater,Clothing,76.0,Arkansas,XL,Maroon,Summer,2.6,Yes,2-Day Shipping,Yes,Yes,15,Cash,Quarterly,44.761904761904766,34.19047619047619,38.698009090727474,100.0,Gold,At Risk,Clothing,1
476,21,Male,Sneakers,Footwear,66.0,Ohio,L,Magenta,Summer,2.7,Yes,Free Shipping,Yes,Yes,18,Debit Card,Annually,33.877551020408156,33.39795918367347,32.83082811586229,100.0,Gold,At Risk,Footwear,1
477,21,Male,Scarf,Accessories,90.0,Connecticut,M,Magenta,Spring,3.5,Yes,Free Shipping,Yes,Yes,2,Debit Card,Fortnightly,47.48299319727891,43.18027210884354,44.879522609620246,100.0,Gold,Neutral,Accessories,1
478,42,Male,Sweater,Clothing,56.0,North Dakota,M,Green,Summer,3.7,Yes,Free Shipping,Yes,Yes,49,Debit Card,Weekly,99.18367346938774,63.65306122448979,81.70883142670269,100.0,Silver,Neutral,Clothing,1
479,35,Male,Jewelry,Accessories,43.0,Kansas,XL,Turquoise,Winter,3.2,Yes,Free Shipping,Yes,Yes,48,Venmo,Annually,58.36734693877551,50.88945578231293,54.45591322277592,100.0,Silver,Neutral,Accessories,1
480,39,Male,Handbag,Accessories,84.0,Iowa,L,Yellow,Winter,3.3,Yes,Store Pickup,Yes,Yes,43,Venmo,Monthly,87.61904761904762,65.90476190476191,77.13404089177031,100.0,Platinum,Neutral,Accessories,1
481,68,Male,Hoodie,Clothing,88.0,Vermont,M,Gray,Summer,4.8,Yes,Standard,Yes,Yes,30,Debit Card,Bi-Weekly,63.6734693877551,78.72789115646258,72.03792762385218,100.0,Platinum,Satisfied,Clothing,1
482,46,Male,Hat,Accessories,88.0,Wisconsin,L,Peach,Fall,3.2,Yes,2-Day Shipping,Yes,Yes,10,PayPal,Fortnightly,54.01360544217687,43.789115646258516,48.47133403094014,100.0,Gold,Neutral,Accessories,1
483,41,Male,Belt,Accessories,42.0,Connecticut,M,Yellow,Winter,2.5,Yes,2-Day Shipping,Yes,Yes,11,Venmo,Annually,28.163265306122447,15.96938775510204,20.627243072045953,100.0,Bronze,At Risk,Accessories,1
484,23,Male,Hoodie,Clothing,73.0,Oklahoma,M,White,Fall,3.9,Yes,Store Pickup,Yes,Yes,12,Debit Card,Weekly,68.9795918367347,48.232993197278915,58.3374510995869,100.0,Platinum,Neutral,Clothing,1
485,68,Male,Hat,Accessories,73.0,Missouri,L,Lavender,Summer,4.7,Yes,Free Shipping,Yes,Yes,28,Bank Transfer,Quarterly,55.374149659863946,69.78401360544217,63.0919231600124,100.0,Platinum,Satisfied,Accessories,1
486,48,Male,Shoes,Footwear,44.0,Tennessee,S,Blue,Spring,2.6,Yes,Next Day Air,Yes,Yes,36,Debit Card,Fortnightly,75.23809523809524,35.14285714285714,54.44683887454257,100.0,Silver,At Risk,Footwear,1
487,38,Male,Sandals,Footwear,63.0,New Mexico,M,Charcoal,Fall,2.8,Yes,Store Pickup,Yes,Yes,37,Venmo,Every 3 Months,56.05442176870747,46.40646258503401,50.895350168960555,100.0,Silver,At Risk,Footwear,1
488,41,Male,Jacket,Outerwear,68.0,Iowa,L,Red,Winter,4.4,Yes,Store Pickup,Yes,Yes,22,Credit Card,Quarterly,50.476190476190474,59.61904761904763,55.19176431859065,100.0,Silver,Satisfied,Outerwear,1
489,58,Male,Sweater,Clothing,29.0,Maine,L,Olive,Spring,4.6,Yes,Standard,Yes,Yes,32,Venmo,Weekly,85.3061224489796,52.838435374149654,68.97048274465469,100.0,Bronze,Satisfied,Clothing,1
490,49,Male,Socks,Clothing,85.0,South Dakota,M,Green,Summer,3.2,Yes,Standard,Yes,Yes,40,PayPal,Annually,51.83673469387755,62.94727891156463,57.656871259530206,100.0,Platinum,Neutral,Clothing,1
491,57,Male,Sneakers,Footwear,42.0,Colorado,M,Silver,Winter,4.2,Yes,2-Day Shipping,Yes,Yes,47,Cash,Monthly,90.8843537414966,63.12585034013606,77.27644351066219,100.0,Silver,Satisfied,Footwear,1
492,49,Male,Coat,Outerwear,69.0,Vermont,M,Silver,Summer,3.8,Yes,2-Day Shipping,Yes,Yes,24,Credit Card,Bi-Weekly,58.77551020408163,53.39625850340136,56.004321141841615,100.0,Silver,Neutral,Outerwear,1
493,50,Male,Shirt,Clothing,62.0,Michigan,M,Black,Fall,3.9,Yes,Standard,Yes,Yes,11,Debit Card,Weekly,68.16326530612244,42.96938775510204,55.106567443204035,100.0,Silver,Neutral,Clothing,1
494,28,Male,Backpack,Accessories,48.0,Nevada,XL,Red,Summer,4.7,Yes,Store Pickup,Yes,Yes,19,Cash,Bi-Weekly,54.69387755102041,53.24489795918368,53.88233450358053,100.0,Silver,Satisfied,Accessories,1
495,38,Male,Boots,Footwear,68.0,Indiana,M,Indigo,Winter,4.5,Yes,Express,Yes,Yes,42,Debit Card,Weekly,93.46938775510203,74.5578231292517,84.69959911805226,100.0,Platinum,Satisfied,Footwear,1
496,33,Male,Handbag,Accessories,36.0,Michigan,XL,Cyan,Fall,3.3,Yes,Free Shipping,Yes,Yes,6,Debit Card,Fortnightly,50.748299319727884,20.73469387755102,34.475256859396985,100.0,Bronze,Neutral,Accessories,1
497,30,Male,Dress,Clothing,63.0,California,S,Maroon,Fall,3.3,Yes,Express,Yes,Yes,31,Venmo,Fortnightly,71.156462585034,48.99149659863946,59.83265005836345,100.0,Silver,Neutral,Clothing,1
498,43,Male,Sneakers,Footwear,39.0,Oklahoma,S,Silver,Winter,4.6,Yes,Free Shipping,Yes,Yes,31,Cash,Weekly,84.48979591836734,56.32482993197277,70.43197272707305,100.0,Silver,Satisfied,Footwear,1
499,43,Male,Boots,Footwear,78.0,Iowa,M,Lavender,Spring,3.6,Yes,Free Shipping,Yes,Yes,27,Bank Transfer,Monthly,74.5578231292517,56.520408163265316,65.57086931958271,100.0,Platinum,Neutral,Footwear,1
500,36,Male,Shoes,Footwear,99.0,Rhode Island,L,Silver,Winter,4.8,Yes,Express,Yes,Yes,24,PayPal,Monthly,72.10884353741498,79.2295918367347,76.52466236115956,100.0,Platinum,Satisfied,Footwear,1
501,36,Male,T-shirt,Clothing,31.0,Washington,L,Purple,Fall,4.8,Yes,Next Day Air,Yes,Yes,35,Venmo,Every 3 Months,54.42176870748299,58.37925170068027,56.49968649882658,100.0,Bronze,Satisfied,Clothing,1
502,64,Male,Boots,Footwear,45.0,Florida,M,Cyan,Spring,2.9,Yes,Next Day Air,Yes,Yes,21,Venmo,Annually,36.3265306122449,29.355442176870746,31.887432170394735,100.0,Bronze,At Risk,Footwear,1
503,59,Male,Pants,Clothing,30.0,South Carolina,S,Cyan,Fall,2.8,Yes,Express,Yes,Yes,8,PayPal,Fortnightly,52.38095238095239,12.928571428571423,31.105384167055362,100.0,Bronze,At Risk,Clothing,1
504,55,Male,Shoes,Footwear,24.0,West Virginia,M,Lavender,Summer,3.2,Yes,Next Day Air,Yes,Yes,26,Bank Transfer,Quarterly,53.74149659863945,28.00680272108844,39.87167856581371,100.0,Bronze,Neutral,Footwear,1
505,42,Male,Shoes,Footwear,22.0,Missouri,M,Maroon,Winter,3.9,Yes,Free Shipping,Yes,Yes,26,PayPal,Annually,40.408163265306115,36.506802721088434,37.76331771969681,100.0,Bronze,Neutral,Footwear,1
506,61,Male,T-shirt,Clothing,63.0,Maine,L,Gray,Spring,4.3,Yes,Express,Yes,Yes,9,Cash,Bi-Weekly,46.53061224489796,47.35884353741497,46.644179952775666,100.0,Silver,Satisfied,Clothing,1
507,28,Male,Scarf,Accessories,40.0,Georgia,M,Olive,Fall,2.7,Yes,2-Day Shipping,Yes,Yes,48,Debit Card,Annually,58.36734693877551,42.97278911564625,50.21043231147957,100.0,Bronze,At Risk,Accessories,1
508,65,Male,Shorts,Clothing,20.0,Maine,M,Magenta,Spring,5.0,Yes,Store Pickup,Yes,Yes,33,Debit Card,Fortnightly,72.7891156462585,55.10204081632652,63.925885915353305,100.0,Bronze,Satisfied,Clothing,1
509,27,Male,Jewelry,Accessories,20.0,Illinois,S,Yellow,Winter,3.7,Yes,Store Pickup,Yes,Yes,31,PayPal,Quarterly,57.82312925170068,36.40816326530613,46.41790320637311,100.0,Bronze,Neutral,Accessories,1
510,41,Male,T-shirt,Clothing,80.0,Delaware,L,Cyan,Summer,3.9,Yes,Free Shipping,Yes,Yes,17,Debit Card,Weekly,73.0612244897959,54.55102040816327,63.766443921384095,100.0,Platinum,Neutral,Clothing,1
511,21,Male,Shirt,Clothing,87.0,West Virginia,M,Teal,Fall,3.9,Yes,2-Day Shipping,Yes,Yes,22,Venmo,Annually,37.142857142857146,60.86904761904761,49.19543674318129,100.0,Gold,Neutral,Clothing,1
512,61,Male,Shirt,Clothing,46.0,Hawaii,L,Yellow,Fall,3.1,Yes,Free Shipping,Yes,Yes,8,PayPal,Annually,25.71428571428572,23.595238095238102,23.49227774578449,100.0,Bronze,Neutral,Clothing,1
513,19,Male,Gloves,Accessories,49.0,New York,L,Peach,Winter,3.8,Yes,Next Day Air,Yes,Yes,2,Bank Transfer,Monthly,54.14965986394557,30.096938775510207,41.19664012112697,100.0,Silver,Neutral,Accessories,1
514,22,Male,Scarf,Accessories,65.0,New Mexico,M,Peach,Fall,3.6,Yes,Store Pickup,Yes,Yes,45,Venmo,Annually,55.91836734693878,63.348639455782305,59.91292571604275,100.0,Silver,Neutral,Accessories,1
515,64,Male,Skirt,Clothing,62.0,Indiana,S,Olive,Winter,4.3,Yes,Standard,Yes,Yes,47,PayPal,Quarterly,70.8843537414966,72.79251700680271,72.4603991497188,100.0,Silver,Satisfied,Clothing,1
516,28,Male,Hat,Accessories,67.0,Kentucky,L,Charcoal,Spring,4.5,Yes,Next Day Air,Yes,Yes,7,Cash,Monthly,58.23129251700681,50.33163265306122,54.08874149225566,100.0,Silver,Satisfied,Accessories,1
517,34,Male,Hoodie,Clothing,41.0,West Virginia,L,Indigo,Fall,2.8,Yes,2-Day Shipping,Yes,Yes,19,Debit Card,Bi-Weekly,54.69387755102041,24.994897959183668,38.732671041165126,100.0,Bronze,At Risk,Clothing,1
518,61,Male,Boots,Footwear,49.0,North Dakota,L,Silver,Fall,2.7,Yes,Free Shipping,Yes,Yes,44,Cash,Every 3 Months,61.76870748299319,44.0017006802721,52.462888298160756,100.0,Silver,At Risk,Footwear,1
519,24,Male,Blouse,Clothing,100.0,Oregon,M,Beige,Fall,2.9,Yes,Next Day Air,Yes,Yes,16,Venmo,Every 3 Months,38.91156462585034,48.870748299319715,43.64544723458212,100.0,Gold,At Risk,Clothing,1
520,19,Male,Belt,Accessories,54.0,Minnesota,L,Blue,Summer,4.4,Yes,2-Day Shipping,Yes,Yes,17,Bank Transfer,Quarterly,46.394557823129254,50.384353741496604,48.198646950526374,100.0,Silver,Satisfied,Accessories,1
521,51,Male,Sunglasses,Accessories,84.0,South Carolina,M,White,Spring,3.9,Yes,Free Shipping,Yes,Yes,20,Debit Card,Quarterly,48.843537414965986,58.25850340136054,53.64581700837859,100.0,Platinum,Neutral,Accessories,1
522,36,Male,Shorts,Clothing,41.0,Vermont,L,Gold,Winter,3.5,Yes,Standard,Yes,Yes,50,Bank Transfer,Annually,60.00000000000001,55.41666666666667,57.700052897506524,100.0,Silver,Neutral,Clothing,1
523,65,Male,Gloves,Accessories,88.0,Minnesota,M,Blue,Spring,2.5,Yes,Store Pickup,Yes,Yes,37,Cash,Quarterly,62.72108843537415,52.82312925170067,57.66975750408145,100.0,Platinum,At Risk,Accessories,1
524,46,Male,Sandals,Footwear,40.0,Delaware,M,Orange,Spring,4.9,Yes,Express,Yes,Yes,5,PayPal,Quarterly,36.59863945578232,43.054421768707485,39.369855816758964,100.0,Bronze,Satisfied,Footwear,1
525,59,Male,Shirt,Clothing,39.0,Pennsylvania,M,Gold,Summer,4.8,Yes,Free Shipping,Yes,Yes,44,PayPal,Annually,55.10204081632652,67.83503401360544,61.91068697146698,100.0,Silver,Satisfied,Clothing,1
526,51,Male,Coat,Outerwear,37.0,Iowa,M,Cyan,Spring,3.2,Yes,Next Day Air,Yes,Yes,41,Debit Card,Monthly,85.98639455782313,43.62755102040816,64.37108612118578,100.0,Silver,Neutral,Outerwear,1
527,51,Male,Pants,Clothing,52.0,New Jersey,S,Red,Winter,4.9,Yes,Standard,Yes,Yes,19,Cash,Monthly,68.02721088435375,57.57823129251701,62.87284335327258,100.0,Silver,Satisfied,Clothing,1
528,21,Male,T-shirt,Clothing,23.0,South Carolina,L,Yellow,Winter,4.3,Yes,Next Day Air,Yes,Yes,47,Bank Transfer,Every 3 Months,64.21768707482994,56.54251700680272,60.41265763004032,100.0,Bronze,Satisfied,Clothing,1
529,34,Male,Sneakers,Footwear,88.0,Maryland,S,Beige,Winter,3.2,Yes,Express,Yes,Yes,40,Cash,Annually,51.83673469387755,64.19727891156462,58.32721035078752,100.0,Platinum,Neutral,Footwear,1
530,32,Male,Shorts,Clothing,84.0,California,M,Orange,Fall,3.7,Yes,Standard,Yes,Yes,6,Credit Card,Monthly,57.41496598639456,46.06802721088435,51.39412910887865,100.0,Gold,Neutral,Clothing,1
531,48,Male,Coat,Outerwear,37.0,Montana,XL,Magenta,Winter,3.2,Yes,Store Pickup,Yes,Yes,25,Credit Card,Bi-Weekly,59.591836734693885,32.74319727891157,45.33684097282274,100.0,Bronze,Neutral,Outerwear,1
532,50,Male,Sandals,Footwear,51.0,Vermont,L,Purple,Fall,3.4,Yes,Next Day Air,Yes,Yes,42,Cash,Weekly,93.46938775510203,52.807823129251695,73.0356989301749,100.0,Silver,Neutral,Footwear,1
533,26,Male,Pants,Clothing,76.0,Texas,L,Black,Winter,4.1,Yes,Express,Yes,Yes,35,Bank Transfer,Every 3 Months,54.42176870748299,67.79591836734693,61.5495743196317,100.0,Platinum,Satisfied,Clothing,1
534,57,Male,Sandals,Footwear,60.0,North Carolina,L,Pink,Spring,4.5,Yes,Next Day Air,Yes,Yes,17,Debit Card,Weekly,73.0612244897959,54.217687074829925,63.58768683038214,100.0,Silver,Satisfied,Footwear,1
535,65,Male,Gloves,Accessories,72.0,Florida,L,Pink,Fall,4.5,Yes,Next Day Air,Yes,Yes,4,PayPal,Quarterly,35.782312925170075,50.374149659863946,42.887052345699786,100.0,Gold,Satisfied,Accessories,1
536,56,Male,T-shirt,Clothing,45.0,West Virginia,L,Maroon,Spring,3.2,Yes,Free Shipping,Yes,Yes,24,Bank Transfer,Weekly,78.77551020408163,35.39625850340137,56.35143822773624,100.0,Silver,Neutral,Clothing,1
537,44,Male,Jacket,Outerwear,84.0,Illinois,S,Maroon,Fall,4.4,Yes,Store Pickup,Yes,Yes,16,Debit Card,Every 3 Months,38.91156462585034,62.204081632653065,50.79573087466021,100.0,Gold,Satisfied,Outerwear,1
538,50,Male,Blouse,Clothing,49.0,Virginia,S,Turquoise,Summer,3.0,Yes,Store Pickup,Yes,Yes,14,Debit Card,Annually,30.612244897959183,27.59353741496599,28.08543040367014,100.0,Bronze,Neutral,Clothing,1
539,27,Male,Socks,Clothing,22.0,Virginia,XL,Green,Spring,3.2,Yes,Free Shipping,Yes,Yes,43,Cash,Weekly,94.28571428571428,38.73809523809525,65.89867130844458,100.0,Bronze,Neutral,Clothing,1
540,49,Male,Coat,Outerwear,48.0,Wyoming,M,Violet,Winter,4.0,Yes,Store Pickup,Yes,Yes,49,Debit Card,Weekly,99.18367346938774,64.31972789115645,82.06634560870658,100.0,Silver,Satisfied,Outerwear,1
541,49,Male,Dress,Clothing,37.0,South Carolina,M,Lavender,Spring,3.1,Yes,Next Day Air,Yes,Yes,33,Cash,Every 3 Months,52.7891156462585,36.852040816326536,44.138935182996455,100.0,Bronze,Neutral,Clothing,1
542,52,Male,Jacket,Outerwear,27.0,Connecticut,L,Gray,Fall,2.8,Yes,Next Day Air,Yes,Yes,45,Cash,Bi-Weekly,75.91836734693878,36.848639455782305,55.7017369813876,100.0,Bronze,At Risk,Outerwear,1
543,27,Male,Boots,Footwear,79.0,Illinois,XL,Teal,Spring,4.6,Yes,Next Day Air,Yes,Yes,35,Cash,Bi-Weekly,67.75510204081631,75.71258503401359,72.46172189759473,100.0,Platinum,Satisfied,Footwear,1
544,53,Male,Skirt,Clothing,98.0,Alabama,S,Red,Spring,4.3,Yes,Express,Yes,Yes,11,Credit Card,Monthly,61.49659863945578,63.302721088435376,62.67741666098976,100.0,Platinum,Satisfied,Clothing,1
545,34,Male,Sandals,Footwear,64.0,Washington,S,Yellow,Summer,3.3,Yes,Standard,Yes,Yes,30,Bank Transfer,Every 3 Months,50.340136054421755,48.72789115646258,49.283122767009864,100.0,Silver,Neutral,Footwear,1
546,33,Male,Coat,Outerwear,32.0,Alabama,L,Magenta,Summer,3.5,Yes,2-Day Shipping,Yes,Yes,48,Debit Card,Annually,58.36734693877551,50.306122448979586,54.143088313522505,100.0,Bronze,Neutral,Outerwear,1
547,62,Male,Hoodie,Clothing,74.0,New Mexico,M,Brown,Winter,3.4,Yes,Free Shipping,Yes,Yes,45,Venmo,Bi-Weekly,75.91836734693878,64.43197278911565,70.4938862617991,100.0,Platinum,Neutral,Clothing,1
548,38,Male,Jacket,Outerwear,50.0,Nevada,M,Blue,Winter,2.8,Yes,Free Shipping,Yes,Yes,26,Venmo,Weekly,80.40816326530611,33.50680272108843,56.154503900679245,100.0,Silver,At Risk,Outerwear,1
549,36,Male,Backpack,Accessories,64.0,Nebraska,M,Black,Winter,4.6,Yes,Store Pickup,Yes,Yes,41,Debit Card,Every 3 Months,59.31972789115646,73.54421768707482,67.08120170527762,100.0,Silver,Satisfied,Accessories,1
550,31,Male,Backpack,Accessories,29.0,Arizona,S,Olive,Fall,3.6,Yes,Express,Yes,Yes,37,Venmo,Bi-Weekly,69.38775510204081,42.906462585034014,55.68506738010674,100.0,Bronze,Neutral,Accessories,1
551,62,Male,Belt,Accessories,62.0,Georgia,M,Olive,Summer,3.3,Yes,Store Pickup,Yes,Yes,12,PayPal,Weekly,68.9795918367347,35.64965986394558,51.589370914263235,100.0,Silver,Neutral,Accessories,1
552,29,Male,Coat,Outerwear,78.0,Idaho,XL,Green,Fall,3.1,Yes,2-Day Shipping,Yes,Yes,27,Cash,Bi-Weekly,61.224489795918366,49.853741496598644,55.329060832877005,100.0,Platinum,Neutral,Outerwear,1
553,24,Male,T-shirt,Clothing,94.0,Missouri,M,Peach,Fall,3.5,Yes,Express,Yes,Yes,18,Bank Transfer,Weekly,73.87755102040816,55.7312925170068,64.80755321299306,100.0,Platinum,Neutral,Clothing,1
554,63,Male,Sunglasses,Accessories,59.0,Florida,M,White,Winter,3.2,Yes,Express,Yes,Yes,15,Credit Card,Quarterly,44.761904761904766,35.10714285714286,39.189591090982844,100.0,Silver,Neutral,Accessories,1
555,56,Male,Sneakers,Footwear,47.0,Minnesota,M,Red,Summer,3.0,Yes,Express,Yes,Yes,34,Bank Transfer,Weekly,86.93877551020408,40.3656462585034,63.09801077828574,100.0,Silver,Neutral,Footwear,1
556,63,Male,Gloves,Accessories,57.0,Maine,M,White,Fall,4.8,Yes,Express,Yes,Yes,37,Venmo,Annually,49.38775510204081,70.57312925170068,60.52190593326873,100.0,Silver,Satisfied,Accessories,1
557,40,Male,Coat,Outerwear,90.0,Montana,L,Indigo,Winter,5.0,Yes,Store Pickup,Yes,Yes,21,Cash,Fortnightly,62.99319727891157,76.10544217687074,70.2914475167518,100.0,Platinum,Satisfied,Outerwear,1
558,18,Male,Shirt,Clothing,60.0,Alaska,M,White,Spring,2.9,Yes,Free Shipping,Yes,Yes,31,Debit Card,Weekly,84.48979591836734,42.408163265306115,62.968864177741565,100.0,Silver,At Risk,Clothing,1
559,50,Male,Sneakers,Footwear,77.0,Iowa,L,Teal,Fall,3.2,Yes,Express,Yes,Yes,43,Debit Card,Every 3 Months,60.952380952380956,61.6547619047619,61.521554648162095,100.0,Platinum,Neutral,Footwear,1
560,66,Male,Scarf,Accessories,41.0,Arizona,M,Indigo,Fall,2.9,Yes,Store Pickup,Yes,Yes,22,Bank Transfer,Monthly,70.47619047619047,28.369047619047617,48.43328703715767,100.0,Bronze,At Risk,Accessories,1
561,25,Male,Jewelry,Accessories,48.0,Louisiana,L,Red,Fall,3.8,Yes,Free Shipping,Yes,Yes,12,Debit Card,Annually,28.9795918367347,36.482993197278915,32.03626364176811,100.0,Bronze,Neutral,Accessories,1
562,65,Male,Jacket,Outerwear,65.0,Alabama,M,Blue,Fall,2.6,Yes,Next Day Air,Yes,Yes,25,PayPal,Fortnightly,66.25850340136054,36.40986394557823,50.636502307177544,100.0,Silver,At Risk,Outerwear,1
563,53,Male,Jeans,Clothing,62.0,Missouri,M,Blue,Summer,3.5,Yes,Standard,Yes,Yes,40,Debit Card,Annually,51.83673469387755,57.36394557823129,54.6626899852475,100.0,Silver,Neutral,Clothing,1
564,61,Male,Shoes,Footwear,99.0,Idaho,M,Black,Fall,4.4,Yes,Standard,Yes,Yes,16,Debit Card,Quarterly,45.57823129251701,68.45408163265306,57.48075966428012,100.0,Platinum,Satisfied,Footwear,1
565,67,Male,Hoodie,Clothing,58.0,Florida,M,Olive,Winter,3.4,Yes,Next Day Air,Yes,Yes,30,Bank Transfer,Weekly,83.67346938775509,47.56122448979592,65.3241396151697,100.0,Silver,Neutral,Clothing,1
566,59,Male,Backpack,Accessories,43.0,Idaho,L,Lavender,Fall,4.2,Yes,Store Pickup,Yes,Yes,10,Venmo,Weekly,67.3469387755102,38.37244897959184,52.23319796882508,100.0,Silver,Satisfied,Accessories,1
567,55,Male,Sneakers,Footwear,93.0,Alabama,M,Indigo,Spring,3.6,Yes,Store Pickup,Yes,Yes,1,Debit Card,Fortnightly,46.666666666666664,45.08333333333334,45.49191640977936,100.0,Gold,Neutral,Footwear,1
568,21,Male,Blouse,Clothing,50.0,New Hampshire,S,Red,Winter,3.0,Yes,Next Day Air,Yes,Yes,24,Venmo,Fortnightly,65.4421768707483,34.81292517006803,49.37194665181615,100.0,Silver,Neutral,Clothing,1
569,44,Male,Pants,Clothing,88.0,Utah,L,Red,Summer,4.0,Yes,Free Shipping,Yes,Yes,36,PayPal,Monthly,81.9047619047619,72.14285714285712,77.62220930909254,100.0,Platinum,Satisfied,Clothing,1
570,65,Male,Skirt,Clothing,33.0,Alabama,M,Pink,Fall,4.4,Yes,Express,Yes,Yes,46,Credit Card,Every 3 Months,63.40136054421768,61.36224489795919,62.58917597646649,100.0,Bronze,Satisfied,Clothing,1
571,65,Male,T-shirt,Clothing,99.0,Iowa,XL,Purple,Fall,4.1,Yes,Standard,Yes,Yes,20,Cash,Annually,35.51020408163265,67.1751700680272,51.76090252601413,100.0,Platinum,Satisfied,Clothing,1
572,54,Male,Jacket,Outerwear,76.0,Kentucky,XL,Cyan,Spring,3.6,Yes,Free Shipping,Yes,Yes,37,Venmo,Weekly,89.3877551020408,62.48979591836735,76.18704647647138,100.0,Platinum,Neutral,Outerwear,1
573,56,Male,Scarf,Accessories,97.0,South Carolina,XL,Cyan,Summer,4.6,Yes,Next Day Air,Yes,Yes,26,Bank Transfer,Annually,40.408163265306115,77.09013605442176,59.526993549184425,100.0,Platinum,Satisfied,Accessories,1
574,58,Male,Pants,Clothing,68.0,California,M,Charcoal,Summer,3.2,Yes,2-Day Shipping,Yes,Yes,23,Credit Card,Bi-Weekly,57.9591836734694,44.29931972789116,50.71773093893632,100.0,Silver,Neutral,Clothing,1
575,54,Male,Sneakers,Footwear,79.0,Maine,L,Red,Fall,4.8,Yes,Free Shipping,Yes,Yes,20,Bank Transfer,Bi-Weekly,55.51020408163265,68.1751700680272,62.29717379901999,100.0,Platinum,Satisfied,Footwear,1
576,58,Male,Jeans,Clothing,86.0,Nebraska,M,Peach,Fall,4.8,Yes,Express,Yes,Yes,38,PayPal,Monthly,83.53741496598639,83.33673469387755,84.44149080386217,100.0,Platinum,Satisfied,Clothing,1
577,48,Male,Hat,Accessories,68.0,Washington,M,Black,Winter,5.0,Yes,2-Day Shipping,Yes,Yes,5,Credit Card,Every 3 Months,29.931972789115648,56.054421768707485,43.008049032501745,100.0,Silver,Satisfied,Accessories,1
578,19,Male,Skirt,Clothing,52.0,Alabama,M,Black,Fall,3.7,Yes,Store Pickup,Yes,Yes,41,Venmo,Annually,52.6530612244898,56.54421768707483,54.63125673084475,100.0,Silver,Neutral,Clothing,1
579,69,Male,Sandals,Footwear,90.0,Maine,M,Purple,Fall,4.6,Yes,Next Day Air,Yes,Yes,22,Credit Card,Fortnightly,63.8095238095238,71.45238095238093,68.20430771582659,100.0,Platinum,Satisfied,Footwear,1
580,58,Male,Sandals,Footwear,41.0,California,M,Violet,Winter,3.7,Yes,Free Shipping,Yes,Yes,48,Credit Card,Annually,58.36734693877551,56.722789115646265,57.58416231531008,100.0,Silver,Neutral,Footwear,1
581,49,Male,Sweater,Clothing,80.0,Iowa,M,Orange,Spring,4.1,Yes,Free Shipping,Yes,Yes,10,PayPal,Weekly,67.3469387755102,52.45578231292517,59.785685063657546,100.0,Platinum,Satisfied,Clothing,1
582,32,Male,Sweater,Clothing,100.0,Iowa,XL,Charcoal,Winter,2.7,Yes,Store Pickup,Yes,Yes,12,Bank Transfer,Every 3 Months,35.64625850340136,43.482993197278915,39.12349588614242,100.0,Gold,At Risk,Clothing,1
583,40,Male,Jacket,Outerwear,77.0,Colorado,L,Turquoise,Spring,4.9,Yes,Store Pickup,Yes,Yes,2,Bank Transfer,Quarterly,34.14965986394558,56.430272108843546,45.31845031028116,100.0,Gold,Satisfied,Outerwear,1
584,25,Male,Shorts,Clothing,78.0,California,L,Yellow,Spring,4.0,Yes,Store Pickup,Yes,Yes,38,PayPal,Monthly,83.53741496598639,69.33673469387756,76.9336929817802,100.0,Platinum,Satisfied,Clothing,1
585,70,Male,Socks,Clothing,94.0,Indiana,M,White,Spring,4.7,Yes,Free Shipping,Yes,Yes,20,Debit Card,Monthly,68.84353741496598,73.09183673469389,71.60050755796546,100.0,Platinum,Satisfied,Clothing,1
586,69,Male,Socks,Clothing,23.0,South Carolina,M,Gray,Fall,2.8,Yes,Next Day Air,Yes,Yes,5,Cash,Every 3 Months,29.931972789115648,7.9710884353741465,17.22233865547021,100.0,Bronze,At Risk,Clothing,1
587,45,Male,Hoodie,Clothing,20.0,Wisconsin,S,Blue,Winter,4.9,Yes,2-Day Shipping,Yes,Yes,9,Venmo,Annually,26.53061224489796,37.442176870748305,31.326156495467604,100.0,Bronze,Satisfied,Clothing,1
588,29,Male,Socks,Clothing,86.0,Washington,S,Maroon,Fall,4.2,Yes,Express,Yes,Yes,48,Debit Card,Every 3 Months,65.03401360544217,82.13945578231292,74.54772383754222,100.0,Platinum,Satisfied,Clothing,1
589,47,Male,Boots,Footwear,60.0,South Dakota,M,Violet,Fall,3.0,Yes,Standard,Yes,Yes,9,Debit Card,Quarterly,39.863945578231295,28.775510204081634,33.345138796083525,100.0,Silver,Neutral,Footwear,1
590,28,Male,Shirt,Clothing,70.0,Minnesota,M,Orange,Fall,3.4,Yes,2-Day Shipping,Yes,Yes,40,PayPal,Annually,51.83673469387755,59.363945578231295,55.73523253125923,100.0,Silver,Neutral,Clothing,1
591,64,Male,Belt,Accessories,39.0,Alaska,S,Turquoise,Fall,4.6,Yes,Standard,Yes,Yes,30,Venmo,Fortnightly,70.34013605442175,55.64455782312924,62.99233240530035,100.0,Silver,Satisfied,Accessories,1
592,47,Male,Backpack,Accessories,37.0,Kentucky,L,Olive,Fall,4.2,Yes,Store Pickup,Yes,Yes,6,Debit Card,Bi-Weekly,44.08163265306123,33.15136054421769,37.80062516588635,100.0,Bronze,Satisfied,Accessories,1
593,60,Male,Boots,Footwear,29.0,North Dakota,M,Brown,Fall,3.2,Yes,Free Shipping,Yes,Yes,42,Venmo,Every 3 Months,60.136054421768705,40.97448979591838,50.023155532938965,100.0,Bronze,Neutral,Footwear,1
594,67,Male,Coat,Outerwear,35.0,Alaska,S,Green,Winter,4.4,Yes,Store Pickup,Yes,Yes,9,PayPal,Every 3 Months,33.197278911564624,37.02551020408164,34.43604346504849,100.0,Bronze,Satisfied,Outerwear,1
595,35,Male,Hoodie,Clothing,83.0,Oklahoma,S,Brown,Winter,2.5,Yes,Next Day Air,Yes,Yes,6,Debit Card,Monthly,57.41496598639456,29.651360544217688,42.59034237703253,100.0,Gold,At Risk,Clothing,1
596,30,Male,Shoes,Footwear,77.0,Delaware,M,Silver,Summer,3.6,Yes,Next Day Air,Yes,Yes,47,PayPal,Quarterly,70.8843537414966,69.70918367346938,70.80689605795074,100.0,Platinum,Neutral,Footwear,1
597,23,Male,Shoes,Footwear,37.0,Montana,XL,White,Summer,4.5,Yes,Store Pickup,Yes,Yes,36,Venmo,Annually,48.57142857142857,57.5595238095238,53.134919911090485,100.0,Bronze,Satisfied,Footwear,1
598,70,Male,Jewelry,Accessories,69.0,Alaska,L,Gold,Summer,3.4,Yes,Standard,Yes,Yes,19,Bank Transfer,Fortnightly,61.36054421768707,44.66156462585034,52.61267274361361,100.0,Silver,Neutral,Accessories,1
599,21,Male,Dress,Clothing,66.0,California,L,Green,Winter,3.2,Yes,2-Day Shipping,Yes,Yes,30,Cash,Every 3 Months,50.340136054421755,48.22789115646259,49.01498713050694,100.0,Silver,Neutral,Clothing,1
600,51,Male,Boots,Footwear,26.0,Massachusetts,L,Teal,Spring,4.2,Yes,Standard,Yes,Yes,27,Debit Card,Every 3 Months,47.89115646258503,42.853741496598644,44.908495255169356,100.0,Bronze,Satisfied,Footwear,1
601,22,Male,Hat,Accessories,63.0,South Carolina,M,Charcoal,Spring,5.0,Yes,2-Day Shipping,Yes,Yes,25,Venmo,Monthly,72.92517006802721,67.5765306122449,70.68362364919336,100.0,Silver,Satisfied,Accessories,1
602,32,Male,Backpack,Accessories,38.0,West Virginia,M,Maroon,Summer,4.7,Yes,Store Pickup,Yes,Yes,5,Cash,Fortnightly,49.93197278911565,39.554421768707485,44.15957302790514,100.0,Bronze,Satisfied,Accessories,1
603,37,Male,Shoes,Footwear,58.0,Oregon,L,Lavender,Summer,4.2,Yes,Next Day Air,Yes,Yes,10,Cash,Every 3 Months,34.01360544217687,44.622448979591844,38.918226758445016,100.0,Silver,Satisfied,Footwear,1
604,31,Male,Handbag,Accessories,46.0,Massachusetts,L,Green,Winter,3.4,Yes,2-Day Shipping,Yes,Yes,26,PayPal,Every 3 Months,47.074829931972786,39.84013605442177,42.88422196304966,100.0,Silver,Neutral,Accessories,1
605,44,Male,Sunglasses,Accessories,92.0,West Virginia,S,Pink,Fall,4.4,Yes,Store Pickup,Yes,Yes,11,Credit Card,Every 3 Months,34.82993197278912,62.13605442176872,48.718433509149605,100.0,Gold,Satisfied,Accessories,1
606,40,Male,Hat,Accessories,32.0,California,XL,Charcoal,Winter,4.2,Yes,Standard,Yes,Yes,17,Bank Transfer,Weekly,73.0612244897959,38.551020408163275,55.18610355329041,100.0,Bronze,Satisfied,Accessories,1
607,27,Male,Scarf,Accessories,90.0,Colorado,M,Blue,Spring,4.5,Yes,Standard,Yes,Yes,44,PayPal,Monthly,88.43537414965988,85.08503401360544,87.82803309748466,100.0,Platinum,Satisfied,Accessories,1
608,47,Male,Hoodie,Clothing,23.0,Indiana,L,Purple,Fall,2.8,Yes,Next Day Air,Yes,Yes,44,Cash,Monthly,88.43537414965988,34.5017006802721,60.701644537938485,100.0,Bronze,At Risk,Clothing,1
609,41,Male,Backpack,Accessories,25.0,Delaware,S,Gold,Fall,3.3,Yes,Next Day Air,Yes,Yes,21,Venmo,Every 3 Months,42.993197278911566,26.355442176870746,33.611951684710505,100.0,Bronze,Neutral,Accessories,1
610,51,Male,Sweater,Clothing,54.0,Ohio,L,Purple,Fall,4.6,Yes,Next Day Air,Yes,Yes,49,Credit Card,Fortnightly,85.85034013605441,74.81972789115645,81.0305273086014,100.0,Silver,Satisfied,Clothing,1
611,53,Male,Shorts,Clothing,72.0,Oklahoma,M,Charcoal,Summer,2.5,Yes,Free Shipping,Yes,Yes,27,Bank Transfer,Every 3 Months,47.89115646258503,39.35374149659864,43.03154579964886,100.0,Gold,At Risk,Clothing,1
612,43,Male,Scarf,Accessories,33.0,California,M,Black,Winter,4.7,Yes,Store Pickup,Yes,Yes,19,Cash,Monthly,68.02721088435375,46.994897959183675,57.19730571396061,100.0,Bronze,Satisfied,Accessories,1
613,67,Male,Hat,Accessories,43.0,New Hampshire,L,Lavender,Fall,4.6,Yes,Express,Yes,Yes,33,Credit Card,Quarterly,59.455782312925166,59.35204081632652,59.538372158961515,100.0,Silver,Satisfied,Accessories,1
614,61,Male,Coat,Outerwear,51.0,Pennsylvania,L,Lavender,Fall,2.6,Yes,Standard,Yes,Yes,46,Cash,Bi-Weekly,76.73469387755101,44.86224489795919,60.40736663853655,100.0,Silver,At Risk,Outerwear,1
615,68,Male,Jewelry,Accessories,85.0,Idaho,M,Lavender,Winter,4.0,Yes,Standard,Yes,Yes,21,Credit Card,Bi-Weekly,56.32653061224491,60.68877551020408,58.6905987245782,100.0,Platinum,Satisfied,Accessories,1
616,67,Male,Sandals,Footwear,100.0,Maryland,L,Olive,Summer,2.6,Yes,Next Day Air,Yes,Yes,23,Venmo,Annually,37.95918367346939,49.63265306122449,43.57784439496755,100.0,Gold,At Risk,Footwear,1
617,29,Male,Gloves,Accessories,72.0,Pennsylvania,L,Teal,Spring,4.6,Yes,Free Shipping,Yes,Yes,38,Credit Card,Every 3 Months,56.87074829931973,74.83673469387753,66.54985164997905,100.0,Platinum,Satisfied,Accessories,1
618,50,Male,Backpack,Accessories,57.0,Colorado,M,Maroon,Fall,2.6,Yes,Standard,Yes,Yes,2,Bank Transfer,Quarterly,34.14965986394558,17.43027210884354,24.403870663052814,100.0,Silver,At Risk,Accessories,1
619,61,Male,Jacket,Outerwear,94.0,Indiana,L,Cyan,Spring,4.0,Yes,Express,Yes,Yes,21,Debit Card,Bi-Weekly,56.32653061224491,64.43877551020408,60.70161599835016,100.0,Platinum,Satisfied,Outerwear,1
620,19,Male,Backpack,Accessories,34.0,Nebraska,M,Charcoal,Summer,4.6,Yes,Store Pickup,Yes,Yes,1,Debit Card,Every 3 Months,26.666666666666668,33.83333333333333,29.458864588463474,100.0,Bronze,Satisfied,Accessories,1
621,33,Male,Backpack,Accessories,89.0,Rhode Island,M,Black,Fall,3.7,Yes,2-Day Shipping,Yes,Yes,10,Venmo,Every 3 Months,34.01360544217687,50.872448979591844,42.269922214731615,100.0,Gold,Neutral,Accessories,1
622,51,Male,Sunglasses,Accessories,27.0,Kansas,S,Red,Fall,4.4,Yes,Store Pickup,Yes,Yes,45,Credit Card,Weekly,95.91836734693877,58.181972789115655,77.1421908055125,100.0,Bronze,Satisfied,Accessories,1
623,69,Male,Socks,Clothing,63.0,Georgia,S,Peach,Spring,4.0,Yes,Next Day Air,Yes,Yes,44,Bank Transfer,Fortnightly,81.7687074829932,67.16836734693878,74.88650612279642,100.0,Silver,Satisfied,Clothing,1
624,19,Male,Shoes,Footwear,70.0,Nevada,M,White,Fall,4.7,Yes,Standard,Yes,Yes,48,PayPal,Bi-Weekly,78.36734693877551,82.13945578231292,81.2143905042089,100.0,Platinum,Satisfied,Footwear,1
625,55,Male,Pants,Clothing,87.0,South Carolina,XL,Pink,Fall,3.4,Yes,Express,Yes,Yes,21,PayPal,Annually,36.3265306122449,53.52210884353742,44.84732126803624,100.0,Gold,Neutral,Clothing,1
626,49,Male,Jewelry,Accessories,79.0,Delaware,M,Red,Fall,4.0,Yes,Next Day Air,Yes,Yes,1,Venmo,Weekly,60.0,44.583333333333336,51.89044743994309,100.0,Gold,Satisfied,Accessories,1
627,31,Male,Sunglasses,Accessories,79.0,New Hampshire,M,Indigo,Spring,3.9,Yes,Standard,Yes,Yes,10,Venmo,Annually,27.346938775510203,49.372448979591844,38.1321819718895,100.0,Gold,Neutral,Accessories,1
628,42,Male,Sandals,Footwear,44.0,Oregon,L,Black,Winter,4.1,Yes,Express,Yes,Yes,24,PayPal,Monthly,72.10884353741498,46.97959183673469,59.22991380672074,100.0,Silver,Satisfied,Footwear,1
629,69,Male,Sweater,Clothing,85.0,Massachusetts,M,White,Fall,3.7,Yes,2-Day Shipping,Yes,Yes,29,Credit Card,Monthly,76.19047619047619,62.13095238095239,69.39596954006963,100.0,Platinum,Neutral,Clothing,1
630,26,Male,Shoes,Footwear,90.0,Vermont,L,Beige,Spring,4.7,Yes,Standard,Yes,Yes,11,Debit Card,Annually,28.163265306122447,65.30272108843536,47.083292540334796,100.0,Gold,Satisfied,Footwear,1
631,41,Male,Jewelry,Accessories,94.0,Mississippi,S,Silver,Fall,4.3,Yes,2-Day Shipping,Yes,Yes,33,Debit Card,Annually,46.12244897959184,76.60204081632654,62.12238495164587,100.0,Platinum,Satisfied,Accessories,1
632,55,Male,Boots,Footwear,68.0,Washington,S,Violet,Summer,4.1,Yes,Store Pickup,Yes,Yes,27,Cash,Fortnightly,67.89115646258503,59.0204081632653,63.57821416876401,100.0,Silver,Satisfied,Footwear,1
633,35,Male,Backpack,Accessories,51.0,Wyoming,M,Red,Winter,3.9,Yes,Next Day Air,Yes,Yes,19,Venmo,Fortnightly,61.36054421768707,43.828231292517,52.165780016108734,100.0,Silver,Neutral,Accessories,1
634,66,Male,Sandals,Footwear,33.0,Minnesota,M,Orange,Spring,2.9,Yes,Express,Yes,Yes,50,Debit Card,Quarterly,73.33333333333334,44.08333333333333,58.28897847010682,100.0,Bronze,At Risk,Footwear,1
635,36,Male,Sneakers,Footwear,60.0,Ohio,M,Teal,Summer,3.9,Yes,Standard,Yes,Yes,46,PayPal,Weekly,96.73469387755101,65.94557823129252,81.71375264441,100.0,Silver,Neutral,Footwear,1
636,27,Male,Hoodie,Clothing,59.0,South Carolina,M,Brown,Fall,4.3,Yes,2-Day Shipping,Yes,Yes,28,Cash,Quarterly,55.374149659863946,58.617346938775505,57.10356061144702,100.0,Silver,Satisfied,Clothing,1
637,41,Male,Handbag,Accessories,30.0,Wisconsin,M,Indigo,Summer,2.8,Yes,Store Pickup,Yes,Yes,14,Bank Transfer,Every 3 Months,37.27891156462585,17.010204081632647,25.7432260976915,100.0,Bronze,At Risk,Accessories,1
638,21,Male,Sweater,Clothing,20.0,Tennessee,M,Cyan,Winter,3.4,Yes,2-Day Shipping,Yes,Yes,46,Cash,Fortnightly,83.40136054421767,42.61224489795919,62.53408960760672,100.0,Bronze,Neutral,Clothing,1
639,53,Male,Sandals,Footwear,20.0,Maryland,S,Blue,Summer,2.7,Yes,Express,Yes,Yes,41,PayPal,Monthly,85.98639455782313,29.87755102040816,56.99735611735528,100.0,Bronze,At Risk,Footwear,1
640,54,Male,Dress,Clothing,24.0,Mississippi,L,Olive,Spring,4.0,Yes,2-Day Shipping,Yes,Yes,50,Credit Card,Annually,60.00000000000001,55.00000000000001,57.47660653375408,100.0,Bronze,Satisfied,Clothing,1
641,53,Male,Skirt,Clothing,88.0,Minnesota,M,Gray,Summer,4.4,Yes,Store Pickup,Yes,Yes,28,Debit Card,Fortnightly,68.70748299319727,72.03401360544218,70.96520019094226,100.0,Platinum,Satisfied,Clothing,1
642,47,Male,Blouse,Clothing,78.0,Alaska,M,Red,Winter,3.9,Yes,2-Day Shipping,Yes,Yes,23,Credit Card,Every 3 Months,44.625850340136054,57.79931972789115,51.29072645784869,100.0,Gold,Neutral,Clothing,1
643,64,Male,Skirt,Clothing,25.0,Arkansas,L,Red,Spring,2.8,Yes,2-Day Shipping,Yes,Yes,14,Debit Card,Bi-Weekly,50.612244897959194,14.926870748299315,31.292660945595973,100.0,Bronze,At Risk,Clothing,1
644,18,Male,Sweater,Clothing,57.0,Oregon,XL,Green,Winter,3.2,Yes,Next Day Air,Yes,Yes,10,Bank Transfer,Every 3 Months,34.01360544217687,30.872448979591844,31.54449675461451,100.0,Silver,Neutral,Clothing,1
645,68,Male,Backpack,Accessories,93.0,Louisiana,S,Blue,Summer,4.3,Yes,Next Day Air,Yes,Yes,37,Cash,Weekly,89.3877551020408,78.906462585034,84.99083320831751,100.0,Platinum,Satisfied,Accessories,1
646,62,Male,Hoodie,Clothing,42.0,Oklahoma,S,Purple,Summer,4.2,Yes,Express,Yes,Yes,15,Venmo,Bi-Weekly,51.42857142857142,41.35714285714286,45.874619880602765,100.0,Bronze,Satisfied,Clothing,1
647,51,Male,Boots,Footwear,54.0,Indiana,XL,Pink,Spring,4.9,Yes,Standard,Yes,Yes,19,Venmo,Bi-Weekly,54.69387755102041,58.411564625850346,56.65306941411079,100.0,Silver,Satisfied,Footwear,1
648,54,Male,Blouse,Clothing,70.0,Mississippi,XL,Charcoal,Summer,3.7,Yes,Express,Yes,Yes,23,Credit Card,Fortnightly,64.62585034013605,51.79931972789116,58.07309881981357,100.0,Silver,Neutral,Clothing,1
649,22,Male,Hoodie,Clothing,31.0,Michigan,M,Brown,Winter,4.1,Yes,Store Pickup,Yes,Yes,35,Credit Card,Weekly,87.75510204081631,49.04591836734693,68.1611546174386,100.0,Bronze,Satisfied,Clothing,1
650,53,Male,Pants,Clothing,93.0,Delaware,L,Orange,Spring,4.2,Yes,Store Pickup,Yes,Yes,33,PayPal,Every 3 Months,52.7891156462585,74.85204081632654,64.51724355721895,100.0,Platinum,Satisfied,Clothing,1
651,34,Male,Gloves,Accessories,40.0,Florida,M,Magenta,Spring,3.9,Yes,Next Day Air,Yes,Yes,12,Bank Transfer,Annually,28.9795918367347,34.48299319727891,30.96372109575639,100.0,Bronze,Neutral,Accessories,1
652,32,Male,Hat,Accessories,32.0,Arkansas,L,Yellow,Summer,2.9,Yes,Next Day Air,Yes,Yes,41,Venmo,Fortnightly,79.31972789115646,37.54421768707482,57.77543587706684,100.0,Bronze,At Risk,Accessories,1
653,64,Male,Sunglasses,Accessories,27.0,Minnesota,M,Beige,Winter,3.1,Yes,Free Shipping,Yes,Yes,27,Venmo,Weekly,81.22448979591836,28.603741496598644,53.933296281502585,100.0,Bronze,Neutral,Accessories,1
654,20,Male,Scarf,Accessories,68.0,North Dakota,M,Olive,Winter,3.6,Yes,2-Day Shipping,Yes,Yes,45,Cash,Fortnightly,82.58503401360544,64.59863945578232,73.91659814063341,100.0,Platinum,Neutral,Accessories,1
655,24,Male,Handbag,Accessories,59.0,California,L,Gray,Summer,4.4,Yes,2-Day Shipping,Yes,Yes,23,Venmo,Annually,37.95918367346939,56.54931972789117,47.28705403325806,100.0,Silver,Satisfied,Accessories,1
656,20,Male,Handbag,Accessories,36.0,Mississippi,S,Purple,Fall,3.1,Yes,Free Shipping,Yes,Yes,19,Venmo,Monthly,68.02721088435375,26.91156462585035,46.42719098109303,100.0,Bronze,Neutral,Accessories,1
657,42,Male,Jeans,Clothing,23.0,Pennsylvania,M,Beige,Summer,3.9,Yes,Standard,Yes,Yes,6,PayPal,Quarterly,37.41496598639456,23.318027210884356,29.19395764799545,100.0,Bronze,Neutral,Clothing,1
658,48,Male,Jacket,Outerwear,80.0,Arizona,M,White,Winter,4.3,Yes,Free Shipping,Yes,Yes,6,PayPal,Quarterly,37.41496598639456,52.40136054421769,44.79051383791573,100.0,Gold,Satisfied,Outerwear,1
659,62,Male,Backpack,Accessories,37.0,Louisiana,S,White,Fall,4.9,Yes,Store Pickup,Yes,Yes,20,Venmo,Weekly,75.51020408163265,52.00850340136055,63.62745488542534,100.0,Silver,Satisfied,Accessories,1
660,62,Male,Shorts,Clothing,52.0,Virginia,S,Gold,Spring,3.6,Yes,2-Day Shipping,Yes,Yes,8,Cash,Weekly,65.71428571428571,32.76190476190477,48.408097748338164,100.0,Silver,Neutral,Clothing,1
661,50,Male,Coat,Outerwear,79.0,Montana,M,Olive,Fall,5.0,Yes,2-Day Shipping,Yes,Yes,39,Credit Card,Quarterly,64.35374149659864,83.76700680272108,75.08039664071673,100.0,Platinum,Satisfied,Outerwear,1
662,57,Male,Shirt,Clothing,68.0,Iowa,XL,Green,Fall,4.1,Yes,Store Pickup,Yes,Yes,39,Credit Card,Quarterly,64.35374149659864,67.18367346938776,66.18723136336963,100.0,Silver,Satisfied,Clothing,1
663,24,Male,Gloves,Accessories,98.0,Illinois,L,Magenta,Fall,2.8,Yes,Express,Yes,Yes,39,Venmo,Bi-Weekly,71.02040816326529,62.35034013605441,66.92858687717464,100.0,Platinum,At Risk,Accessories,1
664,59,Male,Dress,Clothing,83.0,Alaska,M,Charcoal,Fall,4.7,Yes,Express,Yes,Yes,23,Credit Card,Monthly,71.29251700680273,70.54931972789116,71.46151852200668,100.0,Platinum,Satisfied,Clothing,1
665,63,Male,Pants,Clothing,83.0,Colorado,M,Indigo,Winter,4.4,Yes,Express,Yes,Yes,41,PayPal,Bi-Weekly,72.6530612244898,78.79421768707485,76.56329255522503,100.0,Platinum,Satisfied,Clothing,1
666,41,Male,Pants,Clothing,55.0,New Mexico,M,Peach,Spring,4.9,Yes,2-Day Shipping,Yes,Yes,50,Credit Card,Annually,60.00000000000001,79.91666666666667,70.83869908614997,100.0,Silver,Satisfied,Clothing,1
667,35,Male,Hoodie,Clothing,26.0,Colorado,L,Turquoise,Winter,3.1,Yes,Free Shipping,Yes,Yes,30,Debit Card,Quarterly,57.006802721088434,30.227891156462583,42.69543754973488,100.0,Bronze,Neutral,Clothing,1
668,34,Male,Sunglasses,Accessories,76.0,Arizona,S,Blue,Winter,2.6,Yes,Standard,Yes,Yes,32,Bank Transfer,Quarterly,58.639455782312936,45.755102040816325,51.83856122752988,100.0,Gold,At Risk,Accessories,1
669,49,Male,T-shirt,Clothing,85.0,Hawaii,S,Turquoise,Fall,2.9,Yes,Express,Yes,Yes,35,Bank Transfer,Monthly,81.08843537414965,55.545918367346935,68.31358455864333,100.0,Platinum,At Risk,Clothing,1
670,43,Male,Jacket,Outerwear,89.0,Illinois,M,Gray,Spring,3.3,Yes,Free Shipping,Yes,Yes,45,Venmo,Bi-Weekly,75.91836734693878,69.34863945578232,73.1305533540779,100.0,Platinum,Neutral,Outerwear,1
671,63,Male,Sweater,Clothing,41.0,Louisiana,XL,Purple,Spring,4.8,Yes,Next Day Air,Yes,Yes,37,Cash,Bi-Weekly,69.38775510204081,63.90646258503401,66.94676411322969,100.0,Silver,Satisfied,Clothing,1
672,38,Male,Jacket,Outerwear,30.0,Iowa,L,Black,Winter,4.7,Yes,Express,Yes,Yes,45,Cash,Weekly,95.91836734693877,63.43197278911564,79.95761498879324,100.0,Bronze,Satisfied,Outerwear,1
673,59,Male,Socks,Clothing,53.0,Washington,M,Peach,Winter,3.3,Yes,2-Day Shipping,Yes,Yes,29,Cash,Quarterly,56.19047619047619,43.464285714285715,49.38557244396035,100.0,Silver,Neutral,Clothing,1
674,35,Male,Shirt,Clothing,66.0,Oklahoma,M,Indigo,Spring,4.2,Yes,Free Shipping,Yes,Yes,27,Venmo,Bi-Weekly,61.224489795918366,59.5204081632653,60.513016471933604,100.0,Silver,Satisfied,Clothing,1
675,48,Male,Jewelry,Accessories,33.0,Washington,XL,Beige,Winter,4.7,Yes,Store Pickup,Yes,Yes,36,Bank Transfer,Annually,48.57142857142857,58.5595238095238,53.671191184096344,100.0,Bronze,Satisfied,Accessories,1
676,64,Male,Sunglasses,Accessories,86.0,Arkansas,M,Yellow,Spring,2.6,Yes,2-Day Shipping,Yes,Yes,9,Cash,Annually,26.53061224489796,34.275510204081634,29.62796413094906,100.0,Gold,At Risk,Accessories,1
677,28,Male,Pants,Clothing,60.0,Connecticut,M,Peach,Winter,2.9,Yes,2-Day Shipping,Yes,Yes,38,Venmo,Bi-Weekly,70.20408163265306,47.170068027210874,58.37967976348373,100.0,Silver,At Risk,Clothing,1
678,60,Male,Socks,Clothing,62.0,Washington,S,Turquoise,Summer,2.7,Yes,Express,Yes,Yes,41,PayPal,Annually,52.6530612244898,47.37755102040816,49.715436728291074,100.0,Silver,At Risk,Clothing,1
679,27,Male,Blouse,Clothing,74.0,Maine,M,Teal,Fall,3.3,Yes,Store Pickup,Yes,Yes,25,Debit Card,Every 3 Months,46.25850340136054,49.493197278911566,47.65271812900414,100.0,Gold,Neutral,Clothing,1
680,56,Male,Sandals,Footwear,95.0,Michigan,M,Turquoise,Fall,3.4,Yes,Express,Yes,Yes,37,Venmo,Fortnightly,76.05442176870747,67.73979591836734,72.33580399308546,100.0,Platinum,Neutral,Footwear,1
681,58,Male,Sneakers,Footwear,25.0,Tennessee,M,Magenta,Spring,4.2,Yes,Express,Yes,Yes,3,PayPal,Annually,21.63265306122449,26.11054421768708,22.80034783553901,100.0,Bronze,Satisfied,Footwear,1
682,30,Male,Shirt,Clothing,59.0,Louisiana,XL,Purple,Winter,3.8,Yes,2-Day Shipping,Yes,Yes,24,Credit Card,Every 3 Months,45.442176870748305,49.22959183673469,47.103190837650565,100.0,Silver,Neutral,Clothing,1
683,23,Male,Jacket,Outerwear,29.0,Missouri,M,Brown,Summer,4.0,Yes,Standard,Yes,Yes,49,Credit Card,Bi-Weekly,79.18367346938776,56.40306122448979,67.82086469741024,100.0,Bronze,Satisfied,Outerwear,1
684,33,Male,Sandals,Footwear,36.0,Michigan,S,Violet,Winter,2.7,Yes,Free Shipping,Yes,Yes,3,Bank Transfer,Monthly,54.96598639455783,10.69387755102041,31.199499043365407,100.0,Bronze,At Risk,Footwear,1
685,63,Male,Hat,Accessories,82.0,Alabama,M,Yellow,Summer,4.7,Yes,Express,Yes,Yes,42,Debit Card,Monthly,86.80272108843539,83.0578231292517,85.92457160526871,100.0,Platinum,Satisfied,Accessories,1
686,70,Male,Blouse,Clothing,71.0,Massachusetts,XL,Magenta,Winter,3.5,Yes,Standard,Yes,Yes,32,Cash,Fortnightly,71.97278911564626,55.671768707483,63.82325135150462,100.0,Platinum,Neutral,Clothing,1
687,70,Male,Sweater,Clothing,35.0,Indiana,L,Beige,Fall,3.0,Yes,2-Day Shipping,Yes,Yes,33,Venmo,Fortnightly,72.7891156462585,34.685374149659864,52.97701409148377,100.0,Bronze,Neutral,Clothing,1
688,19,Male,Gloves,Accessories,38.0,West Virginia,XL,Turquoise,Winter,3.3,Yes,Free Shipping,Yes,Yes,46,Bank Transfer,Quarterly,70.06802721088434,48.77891156462585,59.17442912447615,100.0,Bronze,Neutral,Accessories,1
689,25,Male,Scarf,Accessories,59.0,Michigan,S,Peach,Summer,4.7,Yes,Store Pickup,Yes,Yes,44,Venmo,Monthly,88.43537414965988,74.83503401360544,82.33125254917464,100.0,Silver,Satisfied,Accessories,1
690,19,Male,Hoodie,Clothing,91.0,Pennsylvania,M,Orange,Summer,4.7,Yes,Express,Yes,Yes,35,Credit Card,Every 3 Months,54.42176870748299,82.04591836734693,69.19143995996515,100.0,Platinum,Satisfied,Clothing,1
691,25,Male,Shorts,Clothing,68.0,Alaska,XL,Red,Spring,4.8,Yes,Standard,Yes,Yes,45,Bank Transfer,Weekly,95.91836734693877,80.5986394557823,89.16360517539374,100.0,Platinum,Satisfied,Clothing,1
692,60,Male,Backpack,Accessories,21.0,Massachusetts,L,Silver,Summer,2.9,Yes,Standard,Yes,Yes,37,PayPal,Bi-Weekly,69.38775510204081,30.239795918367342,48.89229792203257,100.0,Bronze,At Risk,Accessories,1
693,35,Male,Sunglasses,Accessories,95.0,North Dakota,M,Cyan,Spring,4.0,Yes,2-Day Shipping,Yes,Yes,40,Debit Card,Every 3 Months,58.50340136054422,77.78061224489797,68.94489514245039,100.0,Platinum,Satisfied,Accessories,1
694,46,Male,Shorts,Clothing,52.0,Vermont,L,Turquoise,Spring,3.1,Yes,Free Shipping,Yes,Yes,30,Cash,Every 3 Months,50.340136054421755,41.06122448979592,45.171709673964976,100.0,Silver,Neutral,Clothing,1
695,41,Male,Dress,Clothing,21.0,Kentucky,S,Charcoal,Fall,3.5,Yes,2-Day Shipping,Yes,Yes,38,Venmo,Every 3 Months,56.87074829931973,38.92006802721088,47.28877509451876,100.0,Bronze,Neutral,Clothing,1
696,30,Male,Shorts,Clothing,67.0,Nevada,XL,Peach,Summer,3.7,Yes,Next Day Air,Yes,Yes,15,Debit Card,Every 3 Months,38.095238095238095,45.107142857142854,41.21897048770805,100.0,Silver,Neutral,Clothing,1
697,44,Male,Belt,Accessories,42.0,Utah,L,Green,Fall,2.8,Yes,Standard,Yes,Yes,49,Cash,Monthly,92.51700680272108,45.819727891156454,68.81199372476495,100.0,Silver,At Risk,Accessories,1
698,61,Male,Scarf,Accessories,63.0,North Dakota,XL,Brown,Summer,4.6,Yes,Free Shipping,Yes,Yes,40,Debit Card,Quarterly,65.17006802721087,72.44727891156461,69.41811501975248,100.0,Silver,Satisfied,Accessories,1
699,55,Male,Boots,Footwear,41.0,Iowa,M,Yellow,Winter,3.8,Yes,Standard,Yes,Yes,40,Debit Card,Weekly,91.83673469387755,52.613945578231295,72.11540143846969,100.0,Silver,Neutral,Footwear,1
700,50,Male,Handbag,Accessories,46.0,Connecticut,M,Charcoal,Fall,2.6,Yes,2-Day Shipping,Yes,Yes,5,PayPal,Weekly,63.26530612244898,14.887755102040817,37.59821496042738,100.0,Bronze,At Risk,Accessories,1
701,57,Male,Pants,Clothing,79.0,Wisconsin,L,Olive,Winter,4.1,Yes,Standard,Yes,Yes,5,PayPal,Monthly,56.59863945578232,48.63775510204081,52.36403709104165,100.0,Gold,Satisfied,Clothing,1
702,51,Male,Boots,Footwear,90.0,Idaho,L,Red,Fall,3.3,Yes,Next Day Air,Yes,Yes,5,Debit Card,Every 3 Months,29.931972789115648,42.55442176870748,35.768386846922695,100.0,Gold,Neutral,Footwear,1
703,18,Male,Shirt,Clothing,71.0,Montana,M,White,Winter,3.4,Yes,Store Pickup,Yes,Yes,1,Cash,Weekly,60.0,33.25,45.81270634587673,100.0,Gold,Neutral,Clothing,1
704,63,Male,Dress,Clothing,87.0,Connecticut,L,Pink,Summer,3.0,Yes,Standard,Yes,Yes,21,Venmo,Weekly,76.32653061224491,48.18877551020408,61.98720781200502,100.0,Platinum,Neutral,Clothing,1
705,34,Male,Hoodie,Clothing,66.0,Idaho,S,Black,Spring,3.2,Yes,Express,Yes,Yes,18,PayPal,Annually,33.877551020408156,40.06462585034014,36.405969935901325,100.0,Silver,Neutral,Clothing,1
706,25,Male,Pants,Clothing,90.0,Arkansas,XL,Indigo,Summer,4.5,Yes,Free Shipping,Yes,Yes,49,Cash,Quarterly,72.51700680272108,88.48639455782312,81.69290137301476,100.0,Platinum,Satisfied,Clothing,1
707,46,Male,Jeans,Clothing,47.0,Iowa,L,Turquoise,Summer,4.8,Yes,Express,Yes,Yes,27,Debit Card,Weekly,81.22448979591836,59.60374149659864,70.5577057446841,100.0,Silver,Satisfied,Clothing,1
708,59,Male,Shirt,Clothing,38.0,Louisiana,L,Purple,Spring,3.7,Yes,Next Day Air,Yes,Yes,21,Venmo,Annually,36.3265306122449,37.10544217687075,36.04353453619012,100.0,Bronze,Neutral,Clothing,1
709,37,Male,Backpack,Accessories,50.0,Kentucky,L,Beige,Summer,3.4,Yes,Store Pickup,Yes,Yes,19,Cash,Fortnightly,61.36054421768707,36.744897959183675,48.36719183231726,100.0,Silver,Neutral,Accessories,1
710,49,Male,Jacket,Outerwear,79.0,Massachusetts,L,Charcoal,Summer,4.6,Yes,Standard,Yes,Yes,23,Debit Card,Monthly,71.29251700680273,67.54931972789115,69.85270470298912,100.0,Platinum,Satisfied,Outerwear,1
711,22,Male,Scarf,Accessories,91.0,Virginia,L,Turquoise,Spring,4.1,Yes,Standard,Yes,Yes,26,PayPal,Fortnightly,67.07482993197277,67.92346938775509,67.94450687996408,100.0,Platinum,Satisfied,Accessories,1
712,64,Male,Boots,Footwear,60.0,New Hampshire,M,Maroon,Spring,3.5,Yes,2-Day Shipping,Yes,Yes,13,Bank Transfer,Bi-Weekly,49.79591836734694,38.163265306122454,43.34550856987999,100.0,Silver,Neutral,Footwear,1
713,42,Male,Blouse,Clothing,81.0,New Hampshire,XL,Black,Summer,3.8,Yes,Next Day Air,Yes,Yes,36,Bank Transfer,Quarterly,61.904761904761905,66.5595238095238,64.62802803480984,100.0,Platinum,Neutral,Clothing,1
714,37,Male,Hoodie,Clothing,90.0,Oregon,M,Lavender,Summer,2.6,Yes,Express,Yes,Yes,39,Bank Transfer,Bi-Weekly,71.02040816326529,56.35034013605441,63.71095923913952,100.0,Platinum,At Risk,Clothing,1
715,26,Male,Jacket,Outerwear,70.0,South Dakota,M,Magenta,Fall,4.4,Yes,Store Pickup,Yes,Yes,40,Debit Card,Fortnightly,78.50340136054422,72.69727891156464,76.21884950467063,100.0,Platinum,Satisfied,Outerwear,1
716,33,Male,Jeans,Clothing,63.0,Delaware,L,Green,Spring,2.6,Yes,Express,Yes,Yes,37,Debit Card,Quarterly,62.72108843537415,43.73979591836735,52.798626774278276,100.0,Silver,At Risk,Clothing,1
717,30,Male,Jewelry,Accessories,29.0,Missouri,M,Olive,Spring,3.6,Yes,Express,Yes,Yes,9,Venmo,Bi-Weekly,46.53061224489796,23.858843537414973,34.041805037138076,100.0,Bronze,Neutral,Accessories,1
718,21,Male,Socks,Clothing,90.0,Alaska,L,Green,Spring,4.2,Yes,Express,Yes,Yes,7,Venmo,Every 3 Months,31.56462585034014,55.91496598639456,43.74958943320502,100.0,Gold,Satisfied,Clothing,1
719,22,Male,Shirt,Clothing,22.0,Florida,M,Peach,Summer,4.6,Yes,Standard,Yes,Yes,25,Bank Transfer,Annually,39.59183673469388,45.15986394557822,41.99554261264544,100.0,Bronze,Satisfied,Clothing,1
720,63,Male,Shorts,Clothing,22.0,Mississippi,L,Turquoise,Summer,3.3,Yes,Next Day Air,Yes,Yes,42,Venmo,Bi-Weekly,73.46938775510203,39.39115646258504,55.840726017346356,100.0,Bronze,Neutral,Clothing,1
721,33,Male,Jewelry,Accessories,62.0,New Mexico,L,Orange,Fall,3.4,Yes,Free Shipping,Yes,Yes,19,Debit Card,Weekly,74.69387755102039,41.74489795918367,57.715214864013184,100.0,Silver,Neutral,Accessories,1
722,43,Male,Blouse,Clothing,57.0,California,L,Silver,Summer,4.4,Yes,Next Day Air,Yes,Yes,41,Debit Card,Every 3 Months,59.31972789115646,67.9608843537415,64.08702043099494,100.0,Silver,Satisfied,Clothing,1
723,27,Male,Sweater,Clothing,32.0,Wyoming,S,Blue,Summer,4.3,Yes,Store Pickup,Yes,Yes,50,Cash,Bi-Weekly,80.0,62.33333333333333,71.40926253579701,100.0,Bronze,Satisfied,Clothing,1
724,35,Male,Jewelry,Accessories,53.0,Missouri,L,Cyan,Fall,3.5,Yes,Express,Yes,Yes,43,PayPal,Monthly,87.61904761904762,55.654761904761905,71.6372603434603,100.0,Silver,Neutral,Accessories,1
725,37,Male,T-shirt,Clothing,79.0,New Hampshire,XL,Green,Fall,4.7,Yes,Store Pickup,Yes,Yes,36,Venmo,Every 3 Months,55.23809523809524,77.72619047619047,67.2830572500419,100.0,Platinum,Satisfied,Clothing,1
726,61,Male,Hat,Accessories,61.0,Texas,L,Silver,Winter,3.1,Yes,Standard,Yes,Yes,33,Debit Card,Fortnightly,72.7891156462585,46.852040816326536,59.50164791305501,100.0,Silver,Neutral,Accessories,1
727,32,Male,Shorts,Clothing,78.0,North Dakota,L,Yellow,Summer,3.6,Yes,Next Day Air,Yes,Yes,20,Bank Transfer,Every 3 Months,42.176870748299315,51.75850340136054,46.826720400507206,100.0,Gold,Neutral,Clothing,1
728,62,Male,Sweater,Clothing,97.0,Arkansas,S,Gray,Winter,4.8,Yes,Next Day Air,Yes,Yes,37,Venmo,Every 3 Months,56.05442176870747,87.23979591836735,72.79309381669965,100.0,Platinum,Satisfied,Clothing,1
729,29,Male,Jeans,Clothing,78.0,Nebraska,M,Pink,Winter,3.7,Yes,Next Day Air,Yes,Yes,12,PayPal,Every 3 Months,35.64625850340136,47.64965986394558,41.35795952366682,100.0,Gold,Neutral,Clothing,1
730,41,Male,Sunglasses,Accessories,56.0,Minnesota,L,Beige,Summer,3.2,Yes,Express,Yes,Yes,46,PayPal,Every 3 Months,63.40136054421768,54.94557823129252,59.14810197467892,100.0,Silver,Neutral,Accessories,1
731,48,Male,Boots,Footwear,25.0,Massachusetts,M,Indigo,Summer,3.9,Yes,Standard,Yes,Yes,28,Venmo,Fortnightly,68.70748299319727,39.11734693877551,53.31293745449952,100.0,Bronze,Neutral,Footwear,1
732,43,Male,Coat,Outerwear,28.0,Arkansas,M,Red,Spring,3.5,Yes,Free Shipping,Yes,Yes,30,PayPal,Fortnightly,70.34013605442175,36.39455782312925,52.669110399937644,100.0,Bronze,Neutral,Outerwear,1
733,34,Male,Shirt,Clothing,57.0,New Hampshire,L,Blue,Spring,2.8,Yes,Express,Yes,Yes,28,Cash,Bi-Weekly,62.04081632653061,37.784013605442176,49.264575757158376,100.0,Silver,At Risk,Clothing,1
734,45,Male,Dress,Clothing,36.0,Rhode Island,L,Cyan,Fall,2.7,Yes,2-Day Shipping,Yes,Yes,20,Debit Card,Bi-Weekly,55.51020408163265,22.258503401360542,37.67338451350115,100.0,Bronze,At Risk,Clothing,1
735,65,Male,Shirt,Clothing,69.0,New Jersey,S,Violet,Winter,3.1,Yes,Express,Yes,Yes,39,Bank Transfer,Every 3 Months,57.68707482993196,54.2670068027211,55.92706075371067,100.0,Silver,Neutral,Clothing,1
736,61,Male,Sunglasses,Accessories,48.0,Montana,M,Orange,Fall,3.6,Yes,2-Day Shipping,Yes,Yes,48,Cash,Bi-Weekly,78.36734693877551,58.30612244897959,68.43325849756935,100.0,Silver,Neutral,Accessories,1
737,18,Male,Dress,Clothing,58.0,Colorado,L,Maroon,Spring,2.9,Yes,2-Day Shipping,Yes,Yes,32,Credit Card,Every 3 Months,51.97278911564626,42.255102040816325,46.62827843867605,100.0,Silver,At Risk,Clothing,1
738,47,Male,Sunglasses,Accessories,24.0,Nebraska,M,Teal,Spring,3.6,Yes,Store Pickup,Yes,Yes,28,PayPal,Annually,42.04081632653061,34.700680272108855,37.611072665390324,100.0,Bronze,Neutral,Accessories,1
739,56,Male,Sunglasses,Accessories,31.0,Minnesota,L,Orange,Winter,3.5,Yes,2-Day Shipping,Yes,Yes,27,Venmo,Quarterly,54.5578231292517,35.60374149659864,44.353861859210234,100.0,Bronze,Neutral,Accessories,1
740,64,Male,Shorts,Clothing,29.0,Minnesota,S,Purple,Summer,3.5,Yes,Free Shipping,Yes,Yes,26,Venmo,Bi-Weekly,60.408163265306115,34.09013605442177,46.46732880993266,100.0,Bronze,Neutral,Clothing,1
741,26,Male,Jeans,Clothing,69.0,South Dakota,M,Orange,Summer,2.8,Yes,Next Day Air,Yes,Yes,22,Credit Card,Fortnightly,63.8095238095238,38.70238095238095,50.64142352488483,100.0,Silver,At Risk,Clothing,1
742,22,Male,T-shirt,Clothing,79.0,West Virginia,XL,Yellow,Summer,4.7,Yes,Free Shipping,Yes,Yes,23,Bank Transfer,Every 3 Months,44.625850340136054,68.88265306122449,57.23439973366359,100.0,Platinum,Satisfied,Clothing,1
743,64,Male,Pants,Clothing,39.0,Nevada,M,Charcoal,Summer,3.1,Yes,Express,Yes,Yes,21,Debit Card,Quarterly,49.65986394557824,29.52210884353742,38.64347738256239,100.0,Bronze,Neutral,Clothing,1
744,21,Male,Sunglasses,Accessories,84.0,North Carolina,L,Gray,Fall,4.9,Yes,Free Shipping,Yes,Yes,36,Cash,Weekly,88.57142857142857,82.47619047619048,86.49701246348639,100.0,Platinum,Satisfied,Accessories,1
745,67,Male,Boots,Footwear,66.0,Illinois,S,Charcoal,Spring,4.1,Yes,Next Day Air,Yes,Yes,42,Debit Card,Bi-Weekly,73.46938775510203,68.39115646258503,71.39259293451616,100.0,Silver,Satisfied,Footwear,1
746,46,Male,T-shirt,Clothing,92.0,Michigan,L,Orange,Fall,4.7,Yes,Standard,Yes,Yes,4,Venmo,Monthly,55.782312925170075,61.37414965986395,58.78603634876419,100.0,Platinum,Satisfied,Clothing,1
747,40,Male,Sandals,Footwear,45.0,Michigan,M,Red,Winter,2.5,Yes,Free Shipping,Yes,Yes,47,Credit Card,Annually,57.55102040816327,41.70918367346938,49.12463374712013,100.0,Silver,At Risk,Footwear,1
748,51,Male,Shorts,Clothing,74.0,Oklahoma,L,Gold,Spring,4.4,Yes,Next Day Air,Yes,Yes,13,Bank Transfer,Weekly,69.79591836734693,55.99659863945578,62.9090129384844,100.0,Platinum,Satisfied,Clothing,1
749,35,Male,Hat,Accessories,39.0,South Dakota,L,Brown,Fall,3.9,Yes,Free Shipping,Yes,Yes,8,Bank Transfer,Quarterly,39.04761904761905,31.34523809523809,34.315046778246526,100.0,Bronze,Neutral,Accessories,1
750,56,Male,Scarf,Accessories,71.0,Oklahoma,M,Olive,Winter,3.7,Yes,Standard,Yes,Yes,11,Debit Card,Quarterly,41.49659863945578,44.052721088435376,42.354194655627055,100.0,Gold,Neutral,Accessories,1
751,25,Male,T-shirt,Clothing,95.0,Maryland,L,Violet,Fall,3.4,Yes,Free Shipping,Yes,Yes,5,Venmo,Annually,23.26530612244898,45.97108843537415,34.267313696359366,100.0,Gold,Neutral,Clothing,1
752,65,Male,Gloves,Accessories,72.0,Ohio,L,Indigo,Fall,4.8,Yes,Free Shipping,Yes,Yes,1,Credit Card,Monthly,53.33333333333334,52.33333333333333,52.713216472405136,100.0,Gold,Satisfied,Accessories,1
753,39,Male,Scarf,Accessories,85.0,Ohio,L,Yellow,Fall,4.2,Yes,2-Day Shipping,Yes,Yes,17,PayPal,Every 3 Months,39.72789115646258,60.6343537414966,50.362094165503045,100.0,Gold,Satisfied,Accessories,1
754,47,Male,Boots,Footwear,54.0,Massachusetts,M,Teal,Fall,3.4,Yes,Store Pickup,Yes,Yes,27,Venmo,Quarterly,54.5578231292517,43.853741496598644,48.778099861508544,100.0,Silver,Neutral,Footwear,1
755,36,Male,Gloves,Accessories,41.0,North Carolina,L,Pink,Spring,2.9,Yes,Store Pickup,Yes,Yes,3,Debit Card,Quarterly,34.965986394557824,15.443877551020407,23.74678759014322,100.0,Bronze,At Risk,Accessories,1
756,66,Male,Coat,Outerwear,24.0,Florida,M,Violet,Spring,3.3,Yes,Free Shipping,Yes,Yes,22,PayPal,Weekly,77.14285714285714,26.61904761904762,50.82814564273076,100.0,Bronze,Neutral,Outerwear,1
757,62,Male,Belt,Accessories,99.0,Montana,S,Orange,Summer,4.8,Yes,Standard,Yes,Yes,24,Cash,Fortnightly,65.4421768707483,79.2295918367347,73.19132902782621,100.0,Platinum,Satisfied,Accessories,1
758,41,Male,Hoodie,Clothing,32.0,Minnesota,M,Red,Fall,3.8,Yes,Store Pickup,Yes,Yes,18,Debit Card,Quarterly,47.21088435374149,33.897959183673464,39.76563041903188,100.0,Bronze,Neutral,Clothing,1
759,66,Male,Shoes,Footwear,71.0,Massachusetts,L,Peach,Summer,4.6,Yes,2-Day Shipping,Yes,Yes,39,Bank Transfer,Every 3 Months,57.68707482993196,75.10034013605441,67.09937894133265,100.0,Platinum,Satisfied,Footwear,1
760,51,Male,Dress,Clothing,49.0,Rhode Island,XL,Green,Winter,2.6,Yes,Next Day Air,Yes,Yes,25,Credit Card,Fortnightly,66.25850340136054,29.743197278911566,47.06136048713851,100.0,Silver,At Risk,Clothing,1
761,33,Male,Gloves,Accessories,50.0,Minnesota,XL,Violet,Fall,3.4,Yes,Free Shipping,Yes,Yes,6,Cash,Annually,24.081632653061224,27.90136054421769,24.985200982605615,100.0,Bronze,Neutral,Accessories,1
762,57,Male,Jewelry,Accessories,91.0,Nevada,L,Yellow,Fall,4.2,Yes,Express,Yes,Yes,26,Bank Transfer,Weekly,80.40816326530611,69.25680272108843,75.32620191063857,100.0,Platinum,Satisfied,Accessories,1
763,45,Male,Belt,Accessories,46.0,New Mexico,M,Pink,Fall,3.9,Yes,Standard,Yes,Yes,43,Debit Card,Fortnightly,80.95238095238095,58.07142857142858,69.5999159198911,100.0,Silver,Neutral,Accessories,1
764,61,Male,Sweater,Clothing,50.0,North Carolina,M,Brown,Spring,2.9,Yes,2-Day Shipping,Yes,Yes,6,Credit Card,Monthly,57.41496598639456,21.234693877551013,38.07672582923324,100.0,Silver,At Risk,Clothing,1
765,55,Male,Skirt,Clothing,39.0,Virginia,XL,Silver,Fall,4.2,Yes,Free Shipping,Yes,Yes,6,Debit Card,Quarterly,37.41496598639456,33.984693877551024,34.914184560057905,100.0,Bronze,Satisfied,Clothing,1
766,54,Male,Sneakers,Footwear,99.0,Alaska,M,Pink,Summer,3.0,Yes,Store Pickup,Yes,Yes,13,Cash,Quarterly,43.12925170068028,47.74659863945578,45.151441602852756,100.0,Gold,Neutral,Footwear,1
767,57,Male,Gloves,Accessories,48.0,Nevada,M,Cyan,Winter,3.6,Yes,Next Day Air,Yes,Yes,13,PayPal,Monthly,63.12925170068028,34.49659863945579,48.04584723552519,100.0,Silver,Neutral,Accessories,1
768,27,Male,Coat,Outerwear,77.0,Pennsylvania,M,Brown,Fall,2.5,Yes,Next Day Air,Yes,Yes,11,Cash,Annually,28.163265306122447,30.552721088435376,28.447865803381344,100.0,Gold,At Risk,Outerwear,1
769,64,Male,Backpack,Accessories,95.0,Illinois,XL,Red,Spring,2.6,Yes,Express,Yes,Yes,45,Venmo,Weekly,95.91836734693877,62.51530612244897,79.46603298853788,100.0,Platinum,At Risk,Accessories,1
770,52,Male,Socks,Clothing,100.0,Delaware,M,Silver,Spring,4.3,Yes,Store Pickup,Yes,Yes,8,PayPal,Monthly,59.04761904761906,62.095238095238095,60.805388423176574,100.0,Platinum,Satisfied,Clothing,1
771,19,Male,Sneakers,Footwear,54.0,Vermont,M,Gray,Spring,3.3,Yes,Express,Yes,Yes,8,Credit Card,Annually,25.71428571428572,29.595238095238095,26.70990538381961,100.0,Silver,Neutral,Footwear,1
772,22,Male,Sweater,Clothing,68.0,Hawaii,L,Cyan,Fall,2.6,Yes,Next Day Air,Yes,Yes,34,Bank Transfer,Fortnightly,73.60544217687075,43.78231292517007,58.26360429438908,100.0,Silver,At Risk,Clothing,1
773,18,Male,Jeans,Clothing,22.0,Illinois,L,Teal,Fall,3.6,Yes,Free Shipping,Yes,Yes,40,Debit Card,Bi-Weekly,71.83673469387755,42.030612244897966,56.43986379915773,100.0,Bronze,Neutral,Clothing,1
774,29,Male,Hat,Accessories,84.0,California,L,Indigo,Winter,2.6,Yes,Express,Yes,Yes,14,Debit Card,Bi-Weekly,50.612244897959194,36.843537414965986,43.0459396789743,100.0,Gold,At Risk,Accessories,1
775,42,Male,Hat,Accessories,46.0,Nevada,M,Yellow,Summer,3.5,Yes,Standard,Yes,Yes,11,Credit Card,Quarterly,41.49659863945578,30.969387755102044,35.337978833800456,100.0,Bronze,Neutral,Accessories,1
776,49,Male,Handbag,Accessories,53.0,Kentucky,S,Gold,Winter,3.0,Yes,Store Pickup,Yes,Yes,8,PayPal,Monthly,59.04761904761906,25.178571428571434,41.00804059471043,100.0,Silver,Neutral,Accessories,1
777,49,Male,Shirt,Clothing,60.0,Alabama,M,Maroon,Spring,5.0,Yes,Standard,Yes,Yes,8,Venmo,Every 3 Months,32.38095238095238,54.76190476190476,43.5393990878003,100.0,Silver,Satisfied,Clothing,1
778,55,Male,Socks,Clothing,32.0,Wyoming,XL,Silver,Spring,2.5,Yes,Express,Yes,Yes,37,Venmo,Weekly,89.3877551020408,29.489795918367346,58.490094467278176,100.0,Bronze,At Risk,Clothing,1
779,29,Male,Socks,Clothing,50.0,Massachusetts,M,Yellow,Summer,2.9,Yes,Store Pickup,Yes,Yes,23,Debit Card,Annually,37.95918367346939,32.799319727891145,34.55061129936898,100.0,Silver,At Risk,Clothing,1
780,60,Male,Dress,Clothing,94.0,Utah,M,Blue,Spring,4.6,Yes,Express,Yes,Yes,38,Cash,Annually,50.204081632653065,84.0034013605442,68.1323383191994,100.0,Platinum,Satisfied,Clothing,1
781,34,Male,Shoes,Footwear,26.0,New York,M,Turquoise,Spring,3.6,Yes,Free Shipping,Yes,Yes,38,Cash,Quarterly,63.53741496598639,42.33673469387755,52.454368610622105,100.0,Bronze,Neutral,Footwear,1
782,30,Male,Scarf,Accessories,44.0,Vermont,L,Indigo,Winter,3.0,Yes,Store Pickup,Yes,Yes,12,Credit Card,Fortnightly,55.64625850340137,24.149659863945583,38.75558460802923,100.0,Bronze,Neutral,Accessories,1
783,28,Male,Hoodie,Clothing,57.0,Hawaii,M,Green,Summer,4.5,Yes,Standard,Yes,Yes,15,Cash,Weekly,71.42857142857142,51.607142857142854,61.37140042891278,100.0,Silver,Satisfied,Clothing,1
784,63,Male,T-shirt,Clothing,65.0,Louisiana,L,Purple,Winter,4.5,Yes,Next Day Air,Yes,Yes,38,PayPal,Fortnightly,76.87074829931973,70.58673469387755,74.27069873970417,100.0,Silver,Satisfied,Clothing,1
785,31,Male,Jeans,Clothing,72.0,Alabama,M,Peach,Winter,3.2,Yes,Store Pickup,Yes,Yes,41,Bank Transfer,Every 3 Months,59.31972789115646,58.2108843537415,58.858375519187845,100.0,Platinum,Neutral,Clothing,1
786,46,Male,Shorts,Clothing,62.0,Louisiana,S,Purple,Spring,4.0,Yes,Next Day Air,Yes,Yes,37,PayPal,Fortnightly,76.05442176870747,61.98979591836735,69.2522441733018,100.0,Silver,Satisfied,Clothing,1
787,70,Male,Hat,Accessories,21.0,Indiana,S,Teal,Winter,4.8,Yes,Express,Yes,Yes,16,Bank Transfer,Every 3 Months,38.91156462585034,41.28741496598639,39.57872341428773,100.0,Bronze,Satisfied,Accessories,1
788,53,Male,Handbag,Accessories,85.0,Michigan,S,Green,Spring,3.7,Yes,Free Shipping,Yes,Yes,25,Venmo,Weekly,79.59183673469387,59.40986394557824,69.63740825297889,100.0,Platinum,Neutral,Accessories,1
789,50,Male,Pants,Clothing,51.0,Rhode Island,XL,Yellow,Summer,3.8,Yes,Store Pickup,Yes,Yes,18,Bank Transfer,Quarterly,47.21088435374149,41.814625850340136,44.011111330328234,100.0,Silver,Neutral,Clothing,1
790,33,Male,Handbag,Accessories,84.0,Idaho,S,Purple,Fall,2.7,Yes,Standard,Yes,Yes,4,Credit Card,Bi-Weekly,42.44897959183674,31.37414965986395,36.031231491921865,100.0,Gold,At Risk,Accessories,1
791,22,Male,Sweater,Clothing,37.0,Louisiana,M,Indigo,Summer,4.9,Yes,Store Pickup,Yes,Yes,12,Bank Transfer,Quarterly,42.312925170068034,46.56632653061225,44.110332311243816,100.0,Bronze,Satisfied,Clothing,1
792,50,Male,Scarf,Accessories,44.0,North Carolina,S,Magenta,Summer,3.1,Yes,2-Day Shipping,Yes,Yes,35,PayPal,Fortnightly,74.42176870748298,41.12925170068028,57.24900703947557,100.0,Silver,Neutral,Accessories,1
793,34,Male,Sneakers,Footwear,45.0,New Jersey,M,Violet,Spring,4.2,Yes,Next Day Air,Yes,Yes,45,Venmo,Weekly,95.91836734693877,63.015306122448976,79.7341686250408,100.0,Silver,Satisfied,Footwear,1
794,24,Male,Pants,Clothing,35.0,Alabama,L,Maroon,Summer,3.8,Yes,Free Shipping,Yes,Yes,16,Credit Card,Monthly,65.578231292517,33.78741496598639,48.890022200077155,100.0,Bronze,Neutral,Clothing,1
795,69,Male,Backpack,Accessories,50.0,Kentucky,XL,Yellow,Winter,4.2,Yes,Store Pickup,Yes,Yes,10,Debit Card,Fortnightly,54.01360544217687,41.28911564625851,47.1306558484255,100.0,Silver,Satisfied,Accessories,1
796,39,Male,Sandals,Footwear,26.0,New York,M,Beige,Summer,4.6,Yes,Store Pickup,Yes,Yes,34,Venmo,Annually,46.93877551020408,52.94897959183672,49.8460909636094,100.0,Bronze,Satisfied,Footwear,1
797,42,Male,Socks,Clothing,78.0,Arizona,XL,Black,Fall,4.0,Yes,2-Day Shipping,Yes,Yes,43,Credit Card,Annually,54.28571428571429,72.73809523809524,64.13189459064365,100.0,Platinum,Satisfied,Clothing,1
798,42,Male,Coat,Outerwear,82.0,Maryland,M,Violet,Fall,4.0,Yes,2-Day Shipping,Yes,Yes,38,Debit Card,Weekly,90.20408163265306,71.00340136054422,81.16081177012329,100.0,Platinum,Satisfied,Outerwear,1
799,29,Male,Socks,Clothing,39.0,Alaska,M,Violet,Spring,3.8,Yes,2-Day Shipping,Yes,Yes,48,PayPal,Every 3 Months,65.03401360544217,57.22278911564626,61.185631285146336,100.0,Silver,Neutral,Clothing,1
800,55,Male,Belt,Accessories,55.0,Nevada,L,Brown,Summer,3.8,Yes,Free Shipping,Yes,Yes,31,PayPal,Annually,44.48979591836735,52.324829931972786,48.28688763504964,100.0,Silver,Neutral,Accessories,1
801,32,Male,Socks,Clothing,20.0,Utah,S,Gold,Summer,2.6,Yes,Free Shipping,Yes,Yes,20,Cash,Every 3 Months,42.176870748299315,14.258503401360542,26.716547662787637,100.0,Bronze,At Risk,Clothing,1
802,25,Male,Belt,Accessories,29.0,New Mexico,L,Blue,Fall,4.9,Yes,Express,Yes,Yes,12,Credit Card,Fortnightly,55.64625850340137,43.232993197278915,48.98942806789097,100.0,Bronze,Satisfied,Accessories,1
803,38,Male,Pants,Clothing,41.0,Delaware,M,Teal,Winter,3.5,Yes,Next Day Air,Yes,Yes,2,Bank Transfer,Weekly,60.816326530612244,22.763605442176875,40.59731745241737,100.0,Bronze,Neutral,Clothing,1
804,32,Male,Shorts,Clothing,38.0,Connecticut,L,Silver,Winter,2.8,Yes,Express,Yes,Yes,30,Venmo,Every 3 Months,50.340136054421755,31.22789115646258,39.89837548940739,100.0,Bronze,At Risk,Clothing,1
805,43,Male,Boots,Footwear,47.0,Mississippi,M,Maroon,Summer,2.6,Yes,Store Pickup,Yes,Yes,28,Venmo,Quarterly,55.374149659863946,30.950680272108844,42.26672205828503,100.0,Silver,At Risk,Footwear,1
806,41,Male,Dress,Clothing,30.0,Connecticut,L,White,Summer,3.7,Yes,Next Day Air,Yes,Yes,40,Debit Card,Monthly,85.17006802721087,46.69727891156463,65.60912973985171,100.0,Bronze,Neutral,Clothing,1
807,56,Male,Jeans,Clothing,56.0,Florida,L,Charcoal,Summer,2.7,Yes,Standard,Yes,Yes,46,PayPal,Quarterly,70.06802721088434,48.27891156462585,58.90629348797323,100.0,Silver,At Risk,Clothing,1
808,27,Male,T-shirt,Clothing,89.0,New York,S,Brown,Winter,3.3,Yes,Express,Yes,Yes,15,Credit Card,Weekly,71.42857142857142,48.94047619047619,59.941343700897164,100.0,Platinum,Neutral,Clothing,1
809,46,Male,Shoes,Footwear,96.0,Wisconsin,L,Lavender,Fall,4.6,Yes,Next Day Air,Yes,Yes,38,Cash,Every 3 Months,56.87074829931973,84.83673469387755,71.91256438003761,100.0,Platinum,Satisfied,Footwear,1
810,48,Male,Boots,Footwear,81.0,South Carolina,M,Violet,Fall,4.9,Yes,Next Day Air,Yes,Yes,30,PayPal,Bi-Weekly,63.6734693877551,77.14455782312926,71.18883144159291,100.0,Platinum,Satisfied,Footwear,1
811,52,Male,Scarf,Accessories,83.0,South Dakota,S,Lavender,Fall,4.9,Yes,Store Pickup,Yes,Yes,32,Debit Card,Bi-Weekly,65.3061224489796,79.33843537414967,73.18167147930986,100.0,Platinum,Satisfied,Accessories,1
812,18,Male,Sneakers,Footwear,35.0,Illinois,M,Green,Winter,2.7,Yes,Free Shipping,Yes,Yes,36,Venmo,Quarterly,61.904761904761905,32.72619047619047,46.484183298111745,100.0,Bronze,At Risk,Footwear,1
813,64,Male,Boots,Footwear,56.0,Alaska,M,Olive,Summer,3.2,Yes,Standard,Yes,Yes,32,Credit Card,Weekly,85.3061224489796,45.421768707483004,64.99313746986127,100.0,Silver,Neutral,Footwear,1
814,54,Male,Handbag,Accessories,45.0,Montana,S,Olive,Summer,2.9,Yes,Store Pickup,Yes,Yes,14,Debit Card,Annually,30.612244897959183,24.593537414965983,26.476616584652575,100.0,Bronze,At Risk,Accessories,1
815,31,Male,Shirt,Clothing,62.0,Minnesota,M,Pink,Winter,3.8,Yes,Express,Yes,Yes,8,PayPal,Monthly,59.04761904761906,39.595238095238095,48.739284780544835,100.0,Silver,Neutral,Clothing,1
816,30,Male,Hat,Accessories,84.0,West Virginia,L,Teal,Spring,3.0,Yes,Next Day Air,Yes,Yes,27,Venmo,Bi-Weekly,61.224489795918366,51.02040816326531,55.95471065138384,100.0,Platinum,Neutral,Accessories,1
817,26,Male,Sweater,Clothing,24.0,Illinois,L,Cyan,Summer,3.9,Yes,Store Pickup,Yes,Yes,24,Debit Card,Monthly,72.10884353741498,35.97959183673469,53.330929803656325,100.0,Bronze,Neutral,Clothing,1
818,25,Male,Handbag,Accessories,21.0,Nevada,S,Gray,Spring,4.7,Yes,Store Pickup,Yes,Yes,30,PayPal,Fortnightly,70.34013605442175,49.47789115646258,59.68532622176426,100.0,Bronze,Satisfied,Accessories,1
819,59,Male,Shirt,Clothing,91.0,Idaho,M,Peach,Winter,4.9,Yes,Store Pickup,Yes,Yes,34,Debit Card,Monthly,80.27210884353741,84.03231292517006,83.18185636620808,100.0,Platinum,Satisfied,Clothing,1
820,55,Male,Sunglasses,Accessories,36.0,Colorado,S,Teal,Winter,4.8,Yes,Next Day Air,Yes,Yes,28,Debit Card,Quarterly,55.374149659863946,55.70068027210884,55.53943606517995,100.0,Bronze,Satisfied,Accessories,1
821,56,Male,Sneakers,Footwear,39.0,Louisiana,M,Turquoise,Spring,2.5,Yes,2-Day Shipping,Yes,Yes,27,Debit Card,Monthly,74.5578231292517,25.603741496598637,48.99114912915169,100.0,Bronze,At Risk,Footwear,1
822,62,Male,Hoodie,Clothing,39.0,Vermont,M,Green,Spring,3.9,Yes,Standard,Yes,Yes,31,Credit Card,Bi-Weekly,64.48979591836735,46.99149659863945,55.42677417901841,100.0,Bronze,Neutral,Clothing,1
823,35,Male,Shirt,Clothing,59.0,Mississippi,L,Magenta,Winter,3.4,Yes,Standard,Yes,Yes,23,Bank Transfer,Annually,37.95918367346939,43.215986394557824,40.13677039317998,100.0,Silver,Neutral,Clothing,1
824,51,Male,Sunglasses,Accessories,27.0,Georgia,M,Green,Winter,2.5,Yes,Free Shipping,Yes,Yes,11,Credit Card,Quarterly,41.49659863945578,9.71938775510204,23.94221428242603,100.0,Bronze,At Risk,Accessories,1
825,61,Male,Blouse,Clothing,94.0,Georgia,M,White,Spring,3.0,Yes,Store Pickup,Yes,Yes,48,Cash,Quarterly,71.70068027210885,69.47278911564626,71.0882877128014,100.0,Platinum,Neutral,Clothing,1
826,27,Male,Belt,Accessories,94.0,Nebraska,XL,Brown,Fall,3.6,Yes,Next Day Air,Yes,Yes,17,Cash,Monthly,66.39455782312926,56.384353741496604,61.416274588561514,100.0,Platinum,Neutral,Accessories,1
827,54,Male,Dress,Clothing,94.0,Massachusetts,M,Purple,Winter,3.6,Yes,Standard,Yes,Yes,36,PayPal,Weekly,88.57142857142857,69.30952380952381,79.43610736890929,100.0,Platinum,Neutral,Clothing,1
828,31,Male,Shoes,Footwear,51.0,Colorado,S,Green,Fall,4.1,Yes,Free Shipping,Yes,Yes,33,Bank Transfer,Fortnightly,72.7891156462585,56.01870748299319,64.41746791560867,100.0,Silver,Satisfied,Footwear,1
829,24,Male,Socks,Clothing,62.0,Nevada,M,Peach,Fall,3.7,Yes,2-Day Shipping,Yes,Yes,27,PayPal,Bi-Weekly,61.224489795918366,51.18707482993198,56.04408919688482,100.0,Silver,Neutral,Clothing,1
830,42,Male,Socks,Clothing,57.0,Idaho,S,Silver,Spring,3.7,Yes,2-Day Shipping,Yes,Yes,14,Credit Card,Fortnightly,57.27891156462586,40.26020408163266,48.211533195077635,100.0,Silver,Neutral,Clothing,1
831,41,Male,Shorts,Clothing,76.0,Wyoming,M,Maroon,Fall,4.2,Yes,Express,Yes,Yes,5,Credit Card,Annually,23.26530612244898,48.72108843537415,35.74205969712547,100.0,Gold,Satisfied,Clothing,1
832,66,Male,Gloves,Accessories,63.0,Washington,M,Red,Summer,4.3,Yes,Express,Yes,Yes,47,Cash,Every 3 Months,64.21768707482994,73.20918367346938,69.3505121801379,100.0,Silver,Satisfied,Accessories,1
833,58,Male,Jacket,Outerwear,80.0,California,L,Blue,Fall,2.5,Yes,Express,Yes,Yes,28,Cash,Bi-Weekly,62.04081632653061,43.36734693877551,52.25875703144107,100.0,Gold,At Risk,Outerwear,1
834,43,Male,Handbag,Accessories,68.0,Oklahoma,M,Purple,Fall,3.5,Yes,Standard,Yes,Yes,11,Credit Card,Annually,28.163265306122447,40.13605442176871,33.58713216968746,100.0,Gold,Neutral,Accessories,1
835,52,Male,Backpack,Accessories,89.0,Nevada,M,Indigo,Summer,3.1,Yes,Free Shipping,Yes,Yes,18,Credit Card,Weekly,73.87755102040816,48.314625850340136,60.83020793819962,100.0,Platinum,Neutral,Accessories,1
836,35,Male,Boots,Footwear,26.0,Maryland,L,Indigo,Summer,2.5,Yes,Next Day Air,Yes,Yes,21,Debit Card,Weekly,76.32653061224491,16.105442176870746,44.78183780306716,100.0,Bronze,At Risk,Footwear,1
837,23,Male,Gloves,Accessories,90.0,West Virginia,L,Violet,Winter,3.9,Yes,Store Pickup,Yes,Yes,22,Cash,Bi-Weekly,57.14285714285714,62.119047619047606,59.86577583443861,100.0,Platinum,Neutral,Accessories,1
838,25,Male,Hoodie,Clothing,28.0,Illinois,L,Brown,Spring,4.9,Yes,Express,Yes,Yes,33,Cash,Every 3 Months,52.7891156462585,57.10204081632653,54.99842846136502,100.0,Bronze,Satisfied,Clothing,1
839,33,Male,Coat,Outerwear,29.0,Kentucky,M,Gray,Spring,4.3,Yes,Express,Yes,Yes,49,Credit Card,Annually,59.183673469387756,60.4030612244898,59.96594978943367,100.0,Bronze,Satisfied,Outerwear,1
840,48,Male,Shirt,Clothing,31.0,Illinois,L,Teal,Spring,2.6,Yes,Free Shipping,Yes,Yes,10,Debit Card,Every 3 Months,34.01360544217687,12.039115646258503,21.444721113004235,100.0,Bronze,At Risk,Clothing,1
841,42,Male,Shirt,Clothing,24.0,Alabama,L,Teal,Summer,4.2,Yes,2-Day Shipping,Yes,Yes,18,PayPal,Weekly,73.87755102040816,35.89795918367347,54.171506298376926,100.0,Bronze,Satisfied,Clothing,1
842,55,Male,Sweater,Clothing,88.0,Texas,M,Beige,Summer,2.6,Yes,Store Pickup,Yes,Yes,28,PayPal,Fortnightly,68.70748299319727,48.034013605442176,58.094689638801725,100.0,Platinum,At Risk,Clothing,1
843,59,Male,Shirt,Clothing,87.0,Missouri,M,Violet,Spring,3.6,Yes,Express,Yes,Yes,25,PayPal,Weekly,79.59183673469387,58.90986394557823,69.36927261647594,100.0,Platinum,Neutral,Clothing,1
844,65,Male,Hoodie,Clothing,80.0,Pennsylvania,S,Beige,Summer,3.2,Yes,Express,Yes,Yes,6,PayPal,Weekly,64.08163265306122,37.73469387755103,50.258535167163195,100.0,Gold,Neutral,Clothing,1
845,59,Male,Sandals,Footwear,48.0,Missouri,L,Purple,Winter,4.4,Yes,Express,Yes,Yes,44,Venmo,Bi-Weekly,75.10204081632652,66.25170068027211,71.06159078920771,100.0,Silver,Satisfied,Footwear,1
846,31,Male,Belt,Accessories,21.0,Michigan,XL,Charcoal,Winter,3.7,Yes,Standard,Yes,Yes,30,Venmo,Monthly,77.00680272108843,36.144557823129254,55.86837591501953,100.0,Bronze,Neutral,Accessories,1
847,49,Male,Boots,Footwear,72.0,Kentucky,M,Pink,Spring,3.7,Yes,Express,Yes,Yes,42,Debit Card,Quarterly,66.80272108843538,65.5578231292517,66.53982432766622,100.0,Platinum,Neutral,Footwear,1
848,53,Male,Hoodie,Clothing,44.0,New Jersey,L,Blue,Fall,4.1,Yes,Standard,Yes,Yes,30,PayPal,Monthly,77.00680272108843,51.06122448979591,63.86775573735686,100.0,Silver,Satisfied,Clothing,1
849,48,Male,Sandals,Footwear,73.0,Delaware,M,Lavender,Fall,3.6,Yes,Store Pickup,Yes,Yes,33,Credit Card,Bi-Weekly,66.12244897959184,58.51870748299321,62.42481276478999,100.0,Platinum,Neutral,Footwear,1
850,23,Male,Jeans,Clothing,61.0,Missouri,S,Charcoal,Spring,4.3,Yes,Express,Yes,Yes,24,PayPal,Quarterly,52.10884353741496,56.72959183673469,54.458558718527804,100.0,Silver,Satisfied,Clothing,1
851,68,Male,Shoes,Footwear,20.0,Connecticut,L,Turquoise,Winter,2.6,Yes,Store Pickup,Yes,Yes,13,Venmo,Monthly,63.12925170068028,9.496598639455781,34.639065410378805,100.0,Bronze,At Risk,Footwear,1
852,35,Male,Sandals,Footwear,86.0,Massachusetts,M,Red,Summer,2.9,Yes,Express,Yes,Yes,19,Debit Card,Monthly,68.02721088435375,45.078231292516996,56.16945244069939,100.0,Platinum,At Risk,Footwear,1
853,34,Male,Dress,Clothing,60.0,Florida,L,Yellow,Spring,4.2,Yes,Next Day Air,Yes,Yes,23,Debit Card,Every 3 Months,44.625850340136054,54.29931972789116,49.41377700232821,100.0,Silver,Satisfied,Clothing,1
854,62,Male,Hat,Accessories,43.0,Delaware,L,Orange,Winter,4.0,Yes,Free Shipping,Yes,Yes,35,Cash,Monthly,81.08843537414965,52.71258503401359,66.79414928512672,100.0,Silver,Satisfied,Accessories,1
855,21,Male,Pants,Clothing,44.0,California,L,Blue,Spring,4.3,Yes,Free Shipping,Yes,Yes,22,Venmo,Monthly,70.47619047619047,48.285714285714285,59.11402322452428,100.0,Silver,Satisfied,Clothing,1
856,70,Male,Socks,Clothing,76.0,Oregon,L,Gold,Spring,3.0,Yes,2-Day Shipping,Yes,Yes,14,Credit Card,Quarterly,43.94557823129252,38.843537414965986,40.78514889165268,100.0,Gold,Neutral,Clothing,1
857,55,Male,Shirt,Clothing,33.0,Alaska,M,Gold,Summer,3.5,Yes,Express,Yes,Yes,47,Debit Card,Fortnightly,84.21768707482993,50.042517006802726,66.92689435550226,100.0,Bronze,Neutral,Clothing,1
858,43,Male,Shorts,Clothing,60.0,Missouri,L,Cyan,Fall,3.0,Yes,Standard,Yes,Yes,50,Debit Card,Every 3 Months,66.66666666666667,56.66666666666668,61.70372532209718,100.0,Silver,Neutral,Clothing,1
859,19,Male,Jacket,Outerwear,26.0,Oklahoma,L,Olive,Fall,3.1,Yes,Free Shipping,Yes,Yes,33,PayPal,Weekly,86.12244897959182,32.2687074829932,58.34769184838628,100.0,Bronze,Neutral,Outerwear,1
860,47,Male,Hoodie,Clothing,73.0,Wisconsin,M,Teal,Winter,4.0,Yes,Next Day Air,Yes,Yes,7,Debit Card,Monthly,58.23129251700681,46.16496598639456,51.85427785473126,100.0,Gold,Satisfied,Clothing,1
861,26,Male,Shoes,Footwear,87.0,South Carolina,M,Maroon,Spring,4.1,Yes,Standard,Yes,Yes,3,Cash,Monthly,54.96598639455783,50.61054421768707,52.605660690849135,100.0,Platinum,Satisfied,Footwear,1
862,46,Male,Skirt,Clothing,100.0,Virginia,XL,Green,Spring,3.7,Yes,2-Day Shipping,Yes,Yes,35,Credit Card,Every 3 Months,54.42176870748299,72.4625850340136,64.05217359365903,100.0,Platinum,Neutral,Clothing,1
863,19,Male,Coat,Outerwear,84.0,Arkansas,M,Charcoal,Winter,4.9,Yes,Standard,Yes,Yes,13,PayPal,Fortnightly,56.4625850340136,66.82993197278913,62.05195172938116,100.0,Platinum,Satisfied,Outerwear,1
864,49,Male,Sneakers,Footwear,41.0,Vermont,M,Cyan,Summer,3.9,Yes,Standard,Yes,Yes,42,PayPal,Fortnightly,80.1360544217687,55.3078231292517,67.70971044602288,100.0,Silver,Neutral,Footwear,1
865,51,Male,Jeans,Clothing,59.0,Kentucky,S,Charcoal,Winter,3.9,Yes,Next Day Air,Yes,Yes,5,PayPal,Annually,23.26530612244898,37.63775510204081,29.79838642131058,100.0,Silver,Neutral,Clothing,1
866,64,Male,Blouse,Clothing,26.0,Colorado,L,Charcoal,Winter,4.8,Yes,Store Pickup,Yes,Yes,23,Venmo,Annually,37.95918367346939,48.13265306122448,42.773437485458764,100.0,Bronze,Satisfied,Clothing,1
867,67,Male,Sunglasses,Accessories,69.0,New Mexico,M,Lavender,Summer,2.7,Yes,Free Shipping,Yes,Yes,11,PayPal,Bi-Weekly,48.16326530612245,29.88605442176871,38.09035162137744,100.0,Gold,At Risk,Accessories,1
868,37,Male,Jacket,Outerwear,20.0,Colorado,M,Turquoise,Spring,3.1,Yes,Free Shipping,Yes,Yes,23,Bank Transfer,Fortnightly,64.62585034013605,22.965986394557827,42.61061044814475,100.0,Bronze,Neutral,Outerwear,1
869,40,Male,Dress,Clothing,83.0,North Carolina,M,Green,Summer,3.2,Yes,Next Day Air,Yes,Yes,2,Credit Card,Every 3 Months,27.482993197278915,36.26360544217688,31.17031297132975,100.0,Gold,Neutral,Clothing,1
870,38,Male,Hat,Accessories,54.0,New Hampshire,M,Silver,Spring,2.7,Yes,2-Day Shipping,Yes,Yes,33,PayPal,Weekly,86.12244897959182,38.60204081632653,61.74407657742336,100.0,Silver,At Risk,Accessories,1
871,66,Male,Hoodie,Clothing,66.0,West Virginia,M,Blue,Fall,2.5,Yes,Standard,Yes,Yes,6,Bank Transfer,Bi-Weekly,44.08163265306123,22.568027210884356,32.12508752657439,100.0,Gold,At Risk,Clothing,1
872,47,Male,Handbag,Accessories,42.0,Hawaii,M,Charcoal,Spring,2.6,Yes,Next Day Air,Yes,Yes,45,Debit Card,Quarterly,69.25170068027211,40.43197278911565,54.290042376325246,100.0,Silver,At Risk,Accessories,1
873,56,Male,Jeans,Clothing,33.0,North Dakota,M,Pink,Spring,2.9,Yes,Standard,Yes,Yes,25,Cash,Quarterly,52.925170068027214,27.07653061224489,38.96463709245622,100.0,Bronze,At Risk,Clothing,1
874,51,Male,Boots,Footwear,77.0,Mississippi,M,Pink,Summer,4.2,Yes,Free Shipping,Yes,Yes,24,Venmo,Quarterly,52.10884353741496,62.06292517006803,57.31867217455904,100.0,Platinum,Satisfied,Footwear,1
875,25,Male,Jacket,Outerwear,65.0,Maine,M,Magenta,Fall,4.4,Yes,Free Shipping,Yes,Yes,10,Venmo,Every 3 Months,34.01360544217687,50.20578231292517,41.91240803272771,100.0,Silver,Satisfied,Outerwear,1
876,37,Male,Sandals,Footwear,39.0,North Dakota,L,Gray,Summer,4.1,Yes,Free Shipping,Yes,Yes,7,Bank Transfer,Every 3 Months,31.56462585034014,33.33163265306122,31.638796517822783,100.0,Bronze,Satisfied,Footwear,1
877,41,Male,Belt,Accessories,51.0,Nebraska,L,Gray,Summer,3.8,Yes,2-Day Shipping,Yes,Yes,1,Debit Card,Weekly,60.0,30.25,44.20389252685916,100.0,Silver,Neutral,Accessories,1
878,64,Male,Handbag,Accessories,65.0,Nebraska,M,Orange,Winter,4.9,Yes,Next Day Air,Yes,Yes,45,Venmo,Every 3 Months,62.585034013605444,80.68197278911565,72.54162778147759,100.0,Silver,Satisfied,Accessories,1
879,23,Male,Sunglasses,Accessories,89.0,Tennessee,S,Black,Summer,4.9,Yes,Express,Yes,Yes,37,Debit Card,Weekly,89.3877551020408,85.23979591836735,88.3872179373546,100.0,Platinum,Satisfied,Accessories,1
880,62,Male,Skirt,Clothing,76.0,Wyoming,S,Lavender,Spring,4.1,Yes,Free Shipping,Yes,Yes,14,PayPal,Quarterly,43.94557823129252,53.51020408163265,48.650460895738554,100.0,Gold,Satisfied,Clothing,1
881,39,Male,Backpack,Accessories,75.0,Nevada,L,Red,Spring,3.1,Yes,Express,Yes,Yes,25,Debit Card,Monthly,72.92517006802721,47.243197278911566,59.7794410980743,100.0,Platinum,Neutral,Accessories,1
882,52,Male,Sandals,Footwear,61.0,South Carolina,M,Silver,Summer,2.7,Yes,Next Day Air,Yes,Yes,18,Venmo,Annually,33.877551020408156,31.314625850340132,31.713596297100082,100.0,Silver,At Risk,Footwear,1
883,50,Male,Boots,Footwear,35.0,Virginia,M,Cyan,Fall,3.8,Yes,Next Day Air,Yes,Yes,37,Cash,Every 3 Months,56.05442176870747,48.07312925170068,51.78913562397032,100.0,Bronze,Neutral,Footwear,1
884,28,Male,Sneakers,Footwear,37.0,Pennsylvania,S,Gold,Fall,4.3,Yes,Free Shipping,Yes,Yes,30,Bank Transfer,Monthly,77.00680272108843,50.81122448979591,63.7336879191054,100.0,Silver,Satisfied,Footwear,1
885,67,Male,Skirt,Clothing,91.0,Hawaii,L,Yellow,Winter,4.1,Yes,Express,Yes,Yes,34,Bank Transfer,Weekly,86.93877551020408,73.36564625850338,80.79496278747894,100.0,Platinum,Satisfied,Clothing,1
886,41,Male,Dress,Clothing,99.0,Ohio,L,Purple,Fall,4.4,Yes,Free Shipping,Yes,Yes,49,Debit Card,Every 3 Months,65.85034013605441,90.90306122448979,79.65555694944558,100.0,Platinum,Satisfied,Clothing,1
887,19,Male,Shorts,Clothing,54.0,Utah,S,Brown,Summer,3.6,Yes,Express,Yes,Yes,48,Bank Transfer,Monthly,91.70068027210885,60.80612244897959,76.44060334675066,100.0,Silver,Neutral,Clothing,1
888,70,Male,Handbag,Accessories,47.0,Minnesota,L,Turquoise,Winter,3.3,Yes,2-Day Shipping,Yes,Yes,33,PayPal,Fortnightly,72.7891156462585,43.685374149659864,57.80345554853646,100.0,Silver,Neutral,Accessories,1
889,49,Male,Scarf,Accessories,77.0,New Hampshire,S,Gold,Spring,3.8,Yes,Express,Yes,Yes,44,Cash,Annually,55.10204081632652,70.33503401360544,63.251365153981624,100.0,Platinum,Neutral,Accessories,1
890,59,Male,Belt,Accessories,84.0,Arizona,S,Olive,Fall,2.8,Yes,Free Shipping,Yes,Yes,50,Venmo,Weekly,100.0,63.99999999999999,82.30304799080676,100.0,Platinum,At Risk,Accessories,1
891,52,Male,Gloves,Accessories,51.0,New York,S,Purple,Spring,4.3,Yes,2-Day Shipping,Yes,Yes,47,Credit Card,Monthly,90.8843537414966,68.20918367346938,80.00248914844195,100.0,Silver,Satisfied,Accessories,1
892,20,Male,Skirt,Clothing,26.0,Pennsylvania,S,Lavender,Summer,3.9,Yes,Store Pickup,Yes,Yes,24,PayPal,Every 3 Months,45.442176870748305,36.81292517006802,40.44448919782786,100.0,Bronze,Neutral,Clothing,1
893,31,Male,Shorts,Clothing,64.0,New Mexico,L,Gray,Summer,2.7,Yes,Free Shipping,Yes,Yes,43,Debit Card,Monthly,87.61904761904762,49.57142857142857,68.37494343267467,100.0,Silver,At Risk,Clothing,1
894,33,Male,Backpack,Accessories,51.0,Nebraska,M,Red,Spring,4.7,Yes,Express,Yes,Yes,14,Venmo,Monthly,63.94557823129252,51.093537414965986,57.354471985974406,100.0,Silver,Satisfied,Accessories,1
895,44,Male,Hoodie,Clothing,60.0,Wyoming,L,Purple,Spring,3.8,Yes,Free Shipping,Yes,Yes,3,Debit Card,Quarterly,34.965986394557824,35.36054421768707,34.427523777509826,100.0,Silver,Neutral,Clothing,1
896,40,Male,Hat,Accessories,69.0,Mississippi,XL,Olive,Spring,4.7,Yes,Next Day Air,Yes,Yes,33,Debit Card,Quarterly,59.455782312925166,71.5187074829932,66.06300598053276,100.0,Platinum,Satisfied,Accessories,1
897,69,Male,Jewelry,Accessories,29.0,Arkansas,M,Lavender,Spring,4.7,Yes,Express,Yes,Yes,38,Cash,Fortnightly,76.87074829931973,58.253401360544224,67.65668637263198,100.0,Bronze,Satisfied,Accessories,1
898,29,Male,Shirt,Clothing,91.0,Illinois,M,Gray,Spring,3.4,Yes,Express,Yes,Yes,46,Venmo,Weekly,96.73469387755101,72.19557823129252,85.06544810069659,100.0,Platinum,Neutral,Clothing,1
899,54,Male,Belt,Accessories,70.0,Nevada,L,Red,Spring,3.5,Yes,2-Day Shipping,Yes,Yes,19,Bank Transfer,Every 3 Months,41.36054421768707,46.41156462585034,43.55114747137385,100.0,Gold,Neutral,Accessories,1
900,65,Male,Sweater,Clothing,58.0,Rhode Island,M,Peach,Summer,4.0,Yes,Standard,Yes,Yes,20,PayPal,Annually,35.51020408163265,48.75850340136055,41.88457324815631,100.0,Silver,Satisfied,Clothing,1
901,54,Male,Hat,Accessories,98.0,West Virginia,L,Gray,Fall,3.3,Yes,Free Shipping,Yes,Yes,42,Bank Transfer,Quarterly,66.80272108843538,71.0578231292517,69.48931632919843,100.0,Platinum,Neutral,Accessories,1
902,60,Male,Scarf,Accessories,68.0,Missouri,L,Violet,Summer,4.7,Yes,2-Day Shipping,Yes,Yes,34,Cash,Monthly,80.27210884353741,71.78231292517006,76.61253327188635,100.0,Platinum,Satisfied,Accessories,1
903,43,Male,Hat,Accessories,44.0,Kentucky,M,Beige,Summer,2.8,Yes,Next Day Air,Yes,Yes,5,Cash,Monthly,56.59863945578232,16.721088435374146,35.24804562760478,100.0,Bronze,At Risk,Accessories,1
904,44,Male,Jacket,Outerwear,45.0,Washington,M,Blue,Winter,3.3,Yes,Express,Yes,Yes,3,PayPal,Quarterly,34.965986394557824,22.443877551020407,27.5006865011842,100.0,Bronze,Neutral,Outerwear,1
905,69,Male,T-shirt,Clothing,99.0,Alaska,L,Magenta,Spring,2.9,Yes,Free Shipping,Yes,Yes,46,PayPal,Every 3 Months,63.40136054421768,68.86224489795919,66.6112105240104,100.0,Platinum,At Risk,Clothing,1
906,46,Male,Dress,Clothing,68.0,Mississippi,S,Cyan,Spring,2.8,Yes,Standard,Yes,Yes,16,Venmo,Annually,32.244897959183675,34.20408163265306,32.44680189716293,100.0,Gold,At Risk,Clothing,1
907,41,Male,Pants,Clothing,56.0,South Carolina,M,Red,Spring,4.2,Yes,Standard,Yes,Yes,21,Debit Card,Bi-Weekly,56.32653061224491,51.272108843537424,53.64071090377307,100.0,Silver,Satisfied,Clothing,1
908,32,Male,Sweater,Clothing,43.0,Missouri,L,Cyan,Winter,4.4,Yes,Express,Yes,Yes,34,Credit Card,Bi-Weekly,66.93877551020408,57.3656462585034,62.214622419385265,100.0,Silver,Satisfied,Clothing,1
909,26,Male,Sunglasses,Accessories,99.0,New Jersey,M,Turquoise,Winter,3.6,Yes,Free Shipping,Yes,Yes,9,PayPal,Every 3 Months,33.197278911564624,53.02551020408164,43.01638383314218,100.0,Gold,Neutral,Accessories,1
910,61,Male,Belt,Accessories,56.0,Louisiana,L,Silver,Fall,2.7,Yes,Express,Yes,Yes,36,PayPal,Weekly,88.57142857142857,41.476190476190474,64.50989027024632,100.0,Silver,At Risk,Accessories,1
911,49,Male,Hoodie,Clothing,25.0,South Carolina,S,Pink,Spring,3.4,Yes,Express,Yes,Yes,22,Credit Card,Monthly,70.47619047619047,28.369047619047617,48.43328703715767,100.0,Bronze,Neutral,Clothing,1
912,53,Male,Pants,Clothing,74.0,Vermont,M,Black,Winter,2.8,Yes,2-Day Shipping,Yes,Yes,2,Bank Transfer,Quarterly,34.14965986394558,27.180272108843536,29.632515574859898,100.0,Gold,At Risk,Clothing,1
913,24,Male,Hoodie,Clothing,56.0,Arkansas,M,Green,Winter,3.4,Yes,Next Day Air,Yes,Yes,32,Bank Transfer,Monthly,78.63945578231292,48.08843537414966,63.08986086454353,100.0,Silver,Neutral,Clothing,1
914,37,Male,Sneakers,Footwear,47.0,Utah,M,Yellow,Fall,2.6,Yes,Next Day Air,Yes,Yes,29,Cash,Every 3 Months,49.523809523809526,31.630952380952383,39.706362380057726,100.0,Silver,At Risk,Footwear,1
915,43,Male,Dress,Clothing,67.0,Washington,L,Purple,Summer,4.1,Yes,Standard,Yes,Yes,27,Venmo,Every 3 Months,47.89115646258503,58.60374149659863,53.35476780501156,100.0,Silver,Satisfied,Clothing,1
916,31,Male,Dress,Clothing,22.0,Rhode Island,L,Purple,Winter,2.9,Yes,Store Pickup,Yes,Yes,33,Credit Card,Fortnightly,72.7891156462585,27.935374149659857,49.357182998694235,100.0,Bronze,At Risk,Clothing,1
917,49,Male,Jeans,Clothing,34.0,Illinois,S,Blue,Spring,2.7,Yes,Standard,Yes,Yes,16,Venmo,Monthly,65.578231292517,18.704081632653065,40.801263832238845,100.0,Bronze,At Risk,Clothing,1
918,69,Male,Sweater,Clothing,64.0,Missouri,M,Maroon,Spring,3.7,Yes,Standard,Yes,Yes,11,Bank Transfer,Quarterly,41.49659863945578,41.136054421768705,40.790070109359974,100.0,Silver,Neutral,Clothing,1
919,65,Male,Shorts,Clothing,42.0,North Carolina,M,Orange,Spring,4.3,Yes,2-Day Shipping,Yes,Yes,11,Cash,Fortnightly,54.82993197278911,39.969387755102034,46.83108695751981,100.0,Bronze,Satisfied,Clothing,1
920,41,Male,Shirt,Clothing,82.0,Massachusetts,L,Green,Winter,2.6,Yes,2-Day Shipping,Yes,Yes,17,Debit Card,Bi-Weekly,53.06122448979591,38.05102040816327,44.91796791678749,100.0,Gold,At Risk,Clothing,1
921,37,Male,Belt,Accessories,81.0,Arkansas,XL,Gold,Summer,4.3,Yes,Free Shipping,Yes,Yes,37,Cash,Weekly,89.3877551020408,73.906462585034,82.30947684328824,100.0,Platinum,Satisfied,Accessories,1
922,70,Male,Coat,Outerwear,24.0,South Dakota,L,Silver,Summer,4.1,Yes,Express,Yes,Yes,18,PayPal,Weekly,73.87755102040816,34.56462585034013,53.45647793436912,100.0,Bronze,Satisfied,Outerwear,1
923,63,Male,Sneakers,Footwear,60.0,Georgia,M,Cyan,Fall,4.2,Yes,Standard,Yes,Yes,13,Credit Card,Monthly,63.12925170068028,47.49659863945578,55.0173737846013,100.0,Silver,Satisfied,Footwear,1
924,55,Male,Shirt,Clothing,24.0,Arkansas,M,Silver,Spring,4.2,Yes,2-Day Shipping,Yes,Yes,7,PayPal,Weekly,64.89795918367346,28.414965986394563,45.66879609221066,100.0,Bronze,Satisfied,Clothing,1
925,52,Male,Socks,Clothing,78.0,Kansas,XL,Beige,Winter,3.1,Yes,Standard,Yes,Yes,37,Cash,Quarterly,62.72108843537415,56.65646258503402,59.72546405060392,100.0,Platinum,Neutral,Clothing,1
926,22,Male,Jeans,Clothing,88.0,Arizona,L,Teal,Winter,4.9,Yes,Express,Yes,Yes,8,Cash,Monthly,59.04761904761906,65.0952380952381,62.414202242194136,100.0,Platinum,Satisfied,Clothing,1
927,54,Male,Jeans,Clothing,63.0,Massachusetts,XL,Green,Spring,4.4,Yes,Express,Yes,Yes,11,Cash,Bi-Weekly,48.16326530612245,50.05272108843538,48.90515562699552,100.0,Silver,Satisfied,Clothing,1
928,28,Male,Sneakers,Footwear,78.0,New Mexico,L,Black,Summer,4.4,Yes,Standard,Yes,Yes,8,Venmo,Bi-Weekly,45.714285714285715,54.26190476190478,49.93793011796405,100.0,Gold,Satisfied,Footwear,1
929,67,Male,Dress,Clothing,37.0,Arkansas,XL,Yellow,Winter,3.4,Yes,Store Pickup,Yes,Yes,31,Cash,Every 3 Months,51.156462585034014,39.49149659863945,44.73807296480783,100.0,Bronze,Neutral,Clothing,1
930,59,Male,Boots,Footwear,94.0,Nebraska,M,White,Fall,4.5,Yes,2-Day Shipping,Yes,Yes,26,Debit Card,Fortnightly,67.07482993197277,74.50680272108843,71.47495942725264,100.0,Platinum,Satisfied,Footwear,1
931,26,Male,T-shirt,Clothing,78.0,Hawaii,L,Green,Fall,4.5,Yes,Store Pickup,Yes,Yes,20,Credit Card,Bi-Weekly,55.51020408163265,63.75850340136054,59.928642343244135,100.0,Platinum,Satisfied,Clothing,1
932,24,Male,Coat,Outerwear,36.0,Nebraska,M,Silver,Winter,4.1,Yes,Standard,Yes,Yes,24,Bank Transfer,Fortnightly,65.4421768707483,43.646258503401356,54.10900956336787,100.0,Bronze,Satisfied,Outerwear,1
933,62,Male,Skirt,Clothing,24.0,Indiana,L,Blue,Winter,3.2,Yes,Standard,Yes,Yes,45,Debit Card,Bi-Weekly,75.91836734693878,40.93197278911565,57.89151134616151,100.0,Bronze,Neutral,Clothing,1
934,70,Male,Sneakers,Footwear,84.0,Colorado,M,Magenta,Spring,2.7,Yes,Store Pickup,Yes,Yes,33,Debit Card,Monthly,79.45578231292517,51.102040816326536,65.11413415666323,100.0,Platinum,At Risk,Footwear,1
935,45,Male,Jeans,Clothing,47.0,Oregon,S,Yellow,Spring,3.7,Yes,Express,Yes,Yes,21,Bank Transfer,Monthly,69.65986394557824,40.855442176870746,54.72121847662874,100.0,Silver,Neutral,Clothing,1
936,58,Male,Hoodie,Clothing,51.0,Ohio,L,White,Fall,2.6,Yes,Store Pickup,Yes,Yes,2,Bank Transfer,Fortnightly,47.48299319727891,14.930272108843539,29.72985914720484,100.0,Silver,At Risk,Clothing,1
937,31,Male,Shoes,Footwear,84.0,Maine,M,Pink,Summer,2.7,Yes,Free Shipping,Yes,Yes,28,Cash,Weekly,82.0408163265306,47.70068027210884,64.58259921446643,100.0,Platinum,At Risk,Footwear,1
938,32,Male,Shorts,Clothing,24.0,Iowa,M,Magenta,Summer,2.7,Yes,Express,Yes,Yes,18,Venmo,Quarterly,47.21088435374149,15.897959183673471,30.11274750492649,100.0,Bronze,At Risk,Clothing,1
939,36,Male,Blouse,Clothing,97.0,Wisconsin,S,Teal,Fall,4.8,Yes,Free Shipping,Yes,Yes,21,Debit Card,Fortnightly,62.99319727891157,76.35544217687075,70.42551533500327,100.0,Platinum,Satisfied,Clothing,1
940,25,Male,T-shirt,Clothing,89.0,New York,L,Indigo,Winter,4.8,Yes,Next Day Air,Yes,Yes,24,Credit Card,Monthly,72.10884353741498,75.06292517006801,74.29019872363516,100.0,Platinum,Satisfied,Clothing,1
941,48,Male,Belt,Accessories,44.0,Colorado,S,Maroon,Spring,2.6,Yes,Store Pickup,Yes,Yes,15,PayPal,Every 3 Months,38.095238095238095,20.857142857142854,28.214392117316066,100.0,Bronze,At Risk,Accessories,1
942,39,Male,Handbag,Accessories,35.0,Illinois,L,Black,Winter,4.5,Yes,2-Day Shipping,Yes,Yes,38,PayPal,Every 3 Months,56.87074829931973,58.08673469387755,57.567307827130996,100.0,Bronze,Satisfied,Accessories,1
943,26,Male,Dress,Clothing,91.0,Arizona,M,Cyan,Winter,3.2,Yes,Express,Yes,Yes,38,PayPal,Bi-Weekly,70.20408163265306,64.08673469387755,67.45160213183279,100.0,Platinum,Neutral,Clothing,1
944,32,Male,Hat,Accessories,63.0,Oklahoma,L,Cyan,Winter,3.8,Yes,Next Day Air,Yes,Yes,13,Venmo,Fortnightly,56.4625850340136,43.41326530612245,49.49426608649405,100.0,Silver,Neutral,Accessories,1
945,54,Male,Belt,Accessories,97.0,Indiana,S,Gray,Spring,4.8,Yes,Express,Yes,Yes,39,Cash,Bi-Weekly,71.02040816326529,88.60034013605443,81.00570779357837,100.0,Platinum,Satisfied,Accessories,1
946,38,Male,Boots,Footwear,38.0,Minnesota,M,Violet,Summer,4.1,Yes,Store Pickup,Yes,Yes,8,Venmo,Every 3 Months,32.38095238095238,33.59523809523809,32.18832380917637,100.0,Bronze,Satisfied,Footwear,1
947,46,Male,Coat,Outerwear,24.0,Pennsylvania,XL,Blue,Spring,2.8,Yes,Next Day Air,Yes,Yes,4,PayPal,Quarterly,35.782312925170075,7.707482993197276,20.00614469744996,100.0,Bronze,At Risk,Outerwear,1
948,57,Male,Blouse,Clothing,32.0,Indiana,M,Charcoal,Winter,3.9,Yes,Store Pickup,Yes,Yes,6,Cash,Every 3 Months,30.74829931972789,27.068027210884356,27.87164158843407,100.0,Bronze,Neutral,Clothing,1
949,49,Male,Hat,Accessories,90.0,Alabama,L,Olive,Summer,4.9,Yes,Express,Yes,Yes,11,Venmo,Every 3 Months,34.82993197278912,67.96938775510203,51.846682601683746,100.0,Platinum,Satisfied,Accessories,1
950,33,Male,Jeans,Clothing,36.0,Montana,M,Olive,Summer,3.4,Yes,Standard,Yes,Yes,49,Venmo,Monthly,92.51700680272108,51.319727891156454,71.76148572629715,100.0,Silver,Neutral,Clothing,1
951,54,Male,Backpack,Accessories,37.0,New Mexico,XL,Turquoise,Winter,4.1,Yes,Free Shipping,Yes,Yes,30,PayPal,Quarterly,57.006802721088434,48.14455782312924,52.303631191089785,100.0,Bronze,Satisfied,Accessories,1
952,47,Male,Dress,Clothing,51.0,Alaska,M,Cyan,Summer,2.9,Yes,Express,Yes,Yes,34,Bank Transfer,Monthly,80.27210884353741,40.69897959183673,59.94343453595435,100.0,Silver,At Risk,Clothing,1
953,36,Male,Hat,Accessories,71.0,Idaho,S,Red,Fall,3.1,Yes,2-Day Shipping,Yes,Yes,28,PayPal,Monthly,75.37414965986396,47.61734693877552,61.20457660838263,100.0,Platinum,Neutral,Accessories,1
954,68,Male,Sunglasses,Accessories,50.0,Utah,S,Cyan,Spring,3.6,Yes,2-Day Shipping,Yes,Yes,36,Venmo,Quarterly,61.904761904761905,50.976190476190474,56.271134030468616,100.0,Silver,Neutral,Accessories,1
955,60,Male,Hat,Accessories,74.0,Louisiana,S,Turquoise,Fall,3.5,Yes,Standard,Yes,Yes,18,Credit Card,Every 3 Months,40.54421768707483,47.39795918367347,43.67195927127759,100.0,Gold,Neutral,Accessories,1
956,55,Male,Dress,Clothing,75.0,Mississippi,L,Lavender,Summer,3.4,Yes,Free Shipping,Yes,Yes,4,PayPal,Monthly,55.782312925170075,36.957482993197274,45.692079432871225,100.0,Gold,Neutral,Clothing,1
957,29,Male,Shirt,Clothing,99.0,Mississippi,XL,Cyan,Spring,2.9,Yes,2-Day Shipping,Yes,Yes,42,Debit Card,Quarterly,66.80272108843538,66.14115646258504,66.85264923691966,100.0,Platinum,At Risk,Clothing,1
958,38,Male,Scarf,Accessories,23.0,Indiana,XL,Violet,Spring,4.7,Yes,Store Pickup,Yes,Yes,11,Cash,Quarterly,41.49659863945578,37.38605442176871,38.779052835588026,100.0,Bronze,Satisfied,Accessories,1
959,70,Male,Sneakers,Footwear,53.0,Washington,XL,Beige,Winter,4.4,Yes,Free Shipping,Yes,Yes,31,Credit Card,Bi-Weekly,64.48979591836735,59.49149659863946,62.13016509159161,100.0,Silver,Satisfied,Footwear,1
960,36,Male,Skirt,Clothing,99.0,Nevada,M,Cyan,Spring,2.6,Yes,Standard,Yes,Yes,12,Cash,Fortnightly,55.64625850340137,41.732993197278915,48.18502115838218,100.0,Gold,At Risk,Clothing,1
961,18,Male,Jewelry,Accessories,48.0,Louisiana,XL,Indigo,Spring,4.4,Yes,Standard,Yes,Yes,20,Venmo,Quarterly,48.843537414965986,49.92517006802722,49.17688973332981,100.0,Silver,Satisfied,Accessories,1
962,62,Male,Boots,Footwear,72.0,Pennsylvania,L,Olive,Fall,3.7,Yes,Next Day Air,Yes,Yes,37,Debit Card,Quarterly,62.72108843537415,62.156462585034014,62.67495605213611,100.0,Platinum,Neutral,Footwear,1
963,29,Male,Sunglasses,Accessories,64.0,Michigan,L,Green,Spring,4.4,Yes,Standard,Yes,Yes,26,Debit Card,Fortnightly,67.07482993197277,60.673469387755105,64.05654015067164,100.0,Silver,Satisfied,Accessories,1
964,21,Male,Boots,Footwear,63.0,South Carolina,L,Green,Spring,2.5,Yes,2-Day Shipping,Yes,Yes,14,Credit Card,Weekly,70.61224489795919,26.760204081632654,47.63853767616526,100.0,Silver,At Risk,Footwear,1
965,42,Male,Sandals,Footwear,51.0,Arizona,M,Beige,Spring,2.6,Yes,Next Day Air,Yes,Yes,12,Venmo,Bi-Weekly,48.9795918367347,21.732993197278912,34.12626236493175,100.0,Silver,At Risk,Footwear,1
966,43,Male,Boots,Footwear,55.0,Delaware,L,Black,Spring,5.0,Yes,Store Pickup,Yes,Yes,10,Credit Card,Annually,27.346938775510203,54.039115646258495,40.634781245916805,100.0,Silver,Satisfied,Footwear,1
967,58,Male,Dress,Clothing,55.0,Kentucky,M,Brown,Spring,4.9,Yes,Express,Yes,Yes,19,Cash,Annually,34.69387755102041,58.82823129251701,46.876515777863226,100.0,Silver,Satisfied,Clothing,1
968,27,Male,Hoodie,Clothing,26.0,Georgia,S,Silver,Summer,3.7,Yes,Store Pickup,Yes,Yes,4,Cash,Weekly,62.44897959183673,20.54081632653062,40.22162603435844,100.0,Bronze,Neutral,Clothing,1
969,57,Male,Shorts,Clothing,67.0,North Carolina,L,Gray,Summer,3.1,Yes,Next Day Air,Yes,Yes,48,Bank Transfer,Quarterly,71.70068027210885,59.5561224489796,65.77026425549334,100.0,Silver,Neutral,Clothing,1
970,40,Male,Coat,Outerwear,31.0,California,S,Pink,Fall,3.2,Yes,Express,Yes,Yes,37,PayPal,Monthly,82.72108843537416,38.40646258503402,59.93851331824707,100.0,Bronze,Neutral,Outerwear,1
971,45,Male,Jeans,Clothing,66.0,California,S,Maroon,Winter,4.4,Yes,Free Shipping,Yes,Yes,4,Cash,Monthly,55.782312925170075,46.54081632653062,50.83134579917734,100.0,Silver,Satisfied,Clothing,1
972,47,Male,Sunglasses,Accessories,67.0,Indiana,M,Cyan,Summer,4.3,Yes,Next Day Air,Yes,Yes,15,Credit Card,Weekly,71.42857142857142,53.107142857142854,62.17580733842156,100.0,Silver,Satisfied,Accessories,1
973,61,Male,Sneakers,Footwear,61.0,Colorado,L,Gold,Winter,3.0,Yes,Standard,Yes,Yes,33,Credit Card,Weekly,86.12244897959182,45.5187074829932,65.45328621571387,100.0,Silver,Neutral,Footwear,1
974,60,Male,Jacket,Outerwear,75.0,Colorado,M,Teal,Fall,3.5,Yes,2-Day Shipping,Yes,Yes,30,Bank Transfer,Quarterly,57.006802721088434,55.97789115646259,56.50442282963566,100.0,Platinum,Neutral,Outerwear,1
975,69,Male,Skirt,Clothing,90.0,North Carolina,M,Beige,Spring,3.6,Yes,2-Day Shipping,Yes,Yes,23,Bank Transfer,Monthly,71.29251700680273,58.79931972789115,65.16033106418789,100.0,Platinum,Neutral,Clothing,1
976,58,Male,Sweater,Clothing,40.0,Washington,M,Olive,Summer,3.8,Yes,2-Day Shipping,Yes,Yes,2,Bank Transfer,Weekly,60.816326530612244,26.346938775510203,42.51895618068835,100.0,Bronze,Neutral,Clothing,1
977,34,Male,T-shirt,Clothing,90.0,Florida,M,Gray,Fall,3.6,Yes,Express,Yes,Yes,50,Credit Card,Every 3 Months,66.66666666666667,77.16666666666667,72.6972864187172,100.0,Platinum,Neutral,Clothing,1
978,20,Male,Belt,Accessories,20.0,Washington,M,Black,Spring,4.6,Yes,Express,Yes,Yes,34,Cash,Bi-Weekly,66.93877551020408,50.44897959183672,58.50541278109477,100.0,Bronze,Satisfied,Accessories,1
979,56,Male,Gloves,Accessories,40.0,Colorado,M,Turquoise,Summer,2.5,Yes,Standard,Yes,Yes,33,Credit Card,Weekly,86.12244897959182,30.102040816326525,57.18577075687359,100.0,Silver,At Risk,Accessories,1
980,64,Male,Hat,Accessories,33.0,New Hampshire,S,Brown,Fall,3.5,Yes,Store Pickup,Yes,Yes,34,Debit Card,Monthly,80.27210884353741,41.19897959183674,60.211570172457286,100.0,Bronze,Neutral,Accessories,1
981,56,Male,Boots,Footwear,98.0,Maryland,S,Magenta,Spring,4.0,Yes,Free Shipping,Yes,Yes,39,PayPal,Every 3 Months,57.68707482993196,78.35034013605441,68.84226057860167,100.0,Platinum,Satisfied,Footwear,1
982,27,Male,Belt,Accessories,42.0,Maryland,M,Silver,Spring,3.5,Yes,Next Day Air,Yes,Yes,47,Credit Card,Quarterly,70.8843537414966,53.79251700680272,62.27124496260754,100.0,Silver,Neutral,Accessories,1
983,35,Male,Coat,Outerwear,62.0,Texas,S,Red,Summer,3.2,Yes,Standard,Yes,Yes,37,PayPal,Monthly,82.72108843537416,51.323129251700685,66.86535059457267,100.0,Silver,Neutral,Outerwear,1
984,24,Male,Hat,Accessories,45.0,New Mexico,L,Indigo,Winter,3.5,Yes,Free Shipping,Yes,Yes,40,Venmo,Bi-Weekly,71.83673469387755,50.28061224489795,60.86410180145603,100.0,Silver,Neutral,Accessories,1
985,26,Male,Shoes,Footwear,78.0,Utah,M,Green,Summer,3.4,Yes,Free Shipping,Yes,Yes,8,Credit Card,Bi-Weekly,45.714285714285715,40.92857142857144,42.78764647788598,100.0,Gold,Neutral,Footwear,1
986,32,Male,Handbag,Accessories,80.0,West Virginia,M,Gray,Fall,5.0,Yes,Express,Yes,Yes,12,Bank Transfer,Annually,28.9795918367347,65.81632653061224,47.766887649939854,100.0,Gold,Satisfied,Accessories,1
987,54,Male,Scarf,Accessories,96.0,Connecticut,S,Peach,Spring,4.5,Yes,Store Pickup,Yes,Yes,36,Bank Transfer,Monthly,81.9047619047619,82.14285714285714,82.98492203915109,100.0,Platinum,Satisfied,Accessories,1
988,62,Male,Handbag,Accessories,47.0,West Virginia,M,Charcoal,Summer,2.8,Yes,Express,Yes,Yes,48,PayPal,Weekly,98.36734693877551,47.22278911564625,72.48958522175445,100.0,Silver,At Risk,Accessories,1
989,50,Male,Pants,Clothing,84.0,Ohio,M,Orange,Winter,4.9,Yes,2-Day Shipping,Yes,Yes,47,PayPal,Fortnightly,84.21768707482993,89.95918367346938,88.33305600298598,100.0,Platinum,Satisfied,Clothing,1
990,70,Male,Shoes,Footwear,31.0,Texas,M,Beige,Spring,3.1,Yes,Store Pickup,Yes,Yes,2,Bank Transfer,Monthly,54.14965986394557,13.263605442176878,32.169407025528415,100.0,Bronze,Neutral,Footwear,1
991,48,Male,Sunglasses,Accessories,63.0,Washington,S,Yellow,Spring,4.8,Yes,Store Pickup,Yes,Yes,24,Cash,Weekly,78.77551020408163,64.22959183673468,71.81392659940504,100.0,Silver,Satisfied,Accessories,1
992,20,Male,Shorts,Clothing,97.0,Wisconsin,XL,White,Spring,2.7,Yes,Standard,Yes,Yes,40,Bank Transfer,Bi-Weekly,71.83673469387755,61.280612244897966,66.76308580452044,100.0,Platinum,At Risk,Clothing,1
993,46,Male,Jacket,Outerwear,99.0,Louisiana,M,Gray,Winter,4.6,Yes,Express,Yes,Yes,50,Debit Card,Weekly,100.0,94.24999999999999,98.52525399923388,100.0,Platinum,Satisfied,Outerwear,1
994,51,Male,Sandals,Footwear,90.0,Iowa,M,Peach,Winter,4.4,Yes,Store Pickup,Yes,Yes,25,Cash,Weekly,79.59183673469387,70.8265306122449,75.75983861979572,100.0,Platinum,Satisfied,Footwear,1
995,53,Male,Shoes,Footwear,68.0,New York,L,Violet,Fall,3.2,Yes,Express,Yes,Yes,20,Debit Card,Monthly,68.84353741496598,42.25850340136055,55.06547664028491,100.0,Silver,Neutral,Footwear,1
996,44,Male,Jewelry,Accessories,80.0,Idaho,M,Magenta,Spring,3.0,Yes,2-Day Shipping,Yes,Yes,10,Venmo,Weekly,67.3469387755102,37.78911564625851,51.920373059571666,100.0,Gold,Neutral,Accessories,1
997,29,Male,Sandals,Footwear,91.0,Delaware,L,Maroon,Summer,4.9,Yes,Standard,Yes,Yes,32,Bank Transfer,Quarterly,58.639455782312936,82.67176870748298,71.63590905599602,100.0,Platinum,Satisfied,Footwear,1
998,64,Male,Pants,Clothing,30.0,Kentucky,M,Cyan,Spring,3.6,Yes,Express,Yes,Yes,31,Cash,Fortnightly,71.156462585034,39.24149659863946,54.60400514655637,100.0,Bronze,Neutral,Clothing,1
999,51,Male,Shoes,Footwear,90.0,Connecticut,M,White,Spring,3.8,Yes,Next Day Air,Yes,Yes,48,Bank Transfer,Bi-Weekly,78.36734693877551,78.47278911564626,79.24806250318743,100.0,Platinum,Neutral,Footwear,1
1000,50,Male,Socks,Clothing,28.0,New Mexico,L,Brown,Spring,2.9,Yes,Standard,Yes,Yes,23,Debit Card,Monthly,71.29251700680273,23.632653061224485,46.30145796348198,100.0,Bronze,At Risk,Clothing,1
1001,43,Male,Socks,Clothing,46.0,Georgia,M,Red,Winter,3.9,Yes,Express,Yes,Yes,1,Bank Transfer,Bi-Weekly,40.0,29.500000000000004,33.80168907210477,100.0,Bronze,Neutral,Clothing,1
1002,61,Male,Dress,Clothing,60.0,Washington,M,Orange,Fall,3.6,Yes,Standard,Yes,Yes,4,Debit Card,Fortnightly,49.1156462585034,33.37414965986395,40.43710737126691,100.0,Silver,Neutral,Clothing,1
1003,55,Male,Shoes,Footwear,59.0,North Dakota,M,White,Spring,3.5,Yes,Store Pickup,Yes,Yes,3,Bank Transfer,Bi-Weekly,41.63265306122449,30.94387755102041,35.3923256550673,100.0,Silver,Neutral,Footwear,1
1004,56,Male,Hat,Accessories,68.0,Ohio,M,Green,Fall,4.0,Yes,Store Pickup,Yes,Yes,3,Cash,Bi-Weekly,41.63265306122449,41.36054421768708,40.978484748878294,100.0,Silver,Satisfied,Accessories,1
1005,33,Male,Backpack,Accessories,79.0,Tennessee,M,Black,Summer,4.8,Yes,2-Day Shipping,Yes,Yes,44,Cash,Annually,55.10204081632652,84.5017006802721,70.84854152156456,100.0,Platinum,Satisfied,Accessories,1
1006,43,Male,Backpack,Accessories,94.0,New York,M,Gold,Winter,3.9,Yes,Store Pickup,Yes,Yes,5,Debit Card,Bi-Weekly,43.26530612244898,52.22108843537415,47.619009152645965,100.0,Gold,Neutral,Accessories,1
1007,21,Male,Pants,Clothing,83.0,Michigan,S,Lavender,Summer,4.5,Yes,Next Day Air,Yes,Yes,50,Venmo,Quarterly,73.33333333333334,86.25,80.90175048185372,100.0,Platinum,Satisfied,Clothing,1
1008,58,Male,Gloves,Accessories,62.0,Georgia,XL,Turquoise,Spring,4.8,Yes,Standard,Yes,Yes,2,Credit Card,Annually,20.816326530612244,48.8469387755102,34.58505982332009,100.0,Silver,Satisfied,Accessories,1
1009,41,Male,Scarf,Accessories,85.0,New Mexico,M,Pink,Spring,2.6,Yes,Store Pickup,Yes,Yes,29,PayPal,Annually,42.85714285714286,47.464285714285715,44.8639908693171,100.0,Gold,At Risk,Accessories,1
1010,39,Male,Hoodie,Clothing,30.0,Louisiana,M,Silver,Summer,3.1,Yes,Express,Yes,Yes,11,Venmo,Annually,28.163265306122447,18.969387755102048,22.236056891063523,100.0,Bronze,Neutral,Clothing,1
1011,54,Male,Jeans,Clothing,24.0,South Dakota,XL,Gray,Spring,4.7,Yes,2-Day Shipping,Yes,Yes,37,Credit Card,Fortnightly,76.05442176870747,55.48979591836735,65.76648089876373,100.0,Bronze,Satisfied,Clothing,1
1012,43,Male,Backpack,Accessories,25.0,Montana,L,Indigo,Spring,2.9,Yes,Next Day Air,Yes,Yes,32,Debit Card,Fortnightly,71.97278911564626,28.505102040816322,49.254548434845546,100.0,Bronze,At Risk,Accessories,1
1013,28,Male,Sandals,Footwear,37.0,New Mexico,L,Teal,Summer,3.8,Yes,Express,Yes,Yes,27,Credit Card,Annually,41.224489795918366,42.10374149659864,41.17295846708163,100.0,Bronze,Neutral,Footwear,1
1014,59,Male,Belt,Accessories,69.0,South Carolina,XL,Green,Summer,3.8,Yes,2-Day Shipping,Yes,Yes,31,Venmo,Bi-Weekly,64.48979591836735,58.158163265306115,61.415136727583786,100.0,Silver,Neutral,Accessories,1
1015,28,Male,Shoes,Footwear,97.0,Ohio,M,Violet,Summer,3.0,Yes,Standard,Yes,Yes,36,Debit Card,Fortnightly,75.23809523809524,62.55952380952382,69.14960960945311,100.0,Platinum,Neutral,Footwear,1
1016,68,Male,Gloves,Accessories,24.0,North Carolina,M,Cyan,Summer,4.1,Yes,Standard,Yes,Yes,34,Cash,Weekly,86.93877551020408,45.44897959183673,65.8240564160655,100.0,Bronze,Satisfied,Accessories,1
1017,20,Male,Belt,Accessories,30.0,Idaho,XL,Blue,Summer,3.4,Yes,Express,Yes,Yes,15,Bank Transfer,Every 3 Months,38.095238095238095,25.690476190476186,30.80636993684437,100.0,Bronze,Neutral,Accessories,1
1018,21,Male,Jacket,Outerwear,53.0,Oklahoma,L,Orange,Fall,2.5,Yes,Express,Yes,Yes,14,Credit Card,Annually,30.612244897959183,22.593537414965986,25.40407403864086,100.0,Silver,At Risk,Outerwear,1
1019,50,Male,Dress,Clothing,70.0,Georgia,XL,Charcoal,Spring,4.9,Yes,Next Day Air,Yes,Yes,46,Cash,Weekly,96.73469387755101,83.44557823129252,91.09849992201246,100.0,Platinum,Satisfied,Clothing,1
1020,32,Male,Shirt,Clothing,76.0,Kentucky,S,Beige,Winter,2.8,Yes,Standard,Yes,Yes,33,Venmo,Bi-Weekly,66.12244897959184,49.10204081632653,57.37492494398485,100.0,Platinum,At Risk,Clothing,1
1021,24,Male,Scarf,Accessories,95.0,Delaware,M,Black,Fall,4.5,Yes,Express,Yes,Yes,41,Debit Card,Annually,52.6530612244898,85.12755102040816,69.95967728426211,100.0,Platinum,Satisfied,Accessories,1
1022,55,Male,Coat,Outerwear,51.0,Massachusetts,S,Lavender,Winter,4.9,Yes,2-Day Shipping,Yes,Yes,39,PayPal,Weekly,91.02040816326529,70.76700680272108,81.44220342497393,100.0,Silver,Satisfied,Outerwear,1
1023,61,Male,Handbag,Accessories,41.0,Nebraska,M,Lavender,Winter,4.9,Yes,Store Pickup,Yes,Yes,7,Cash,Annually,24.89795918367347,44.831632653061234,34.47258282405679,100.0,Bronze,Satisfied,Accessories,1
1024,61,Male,Sunglasses,Accessories,71.0,Maine,S,Turquoise,Winter,3.5,Yes,Free Shipping,Yes,Yes,29,Bank Transfer,Every 3 Months,49.523809523809526,53.630952380952394,51.50433038618654,100.0,Silver,Neutral,Accessories,1
1025,28,Male,T-shirt,Clothing,66.0,Pennsylvania,M,Purple,Summer,3.5,Yes,Free Shipping,Yes,Yes,18,Venmo,Quarterly,47.21088435374149,44.064625850340136,45.217721694591404,100.0,Silver,Neutral,Clothing,1
1026,60,Male,Shirt,Clothing,84.0,Nebraska,M,Olive,Winter,4.9,Yes,Free Shipping,Yes,Yes,15,Credit Card,Annually,31.428571428571427,68.19047619047619,50.26456570625988,100.0,Gold,Satisfied,Clothing,1
1027,49,Male,Handbag,Accessories,95.0,Virginia,L,Turquoise,Winter,3.0,Yes,Express,Yes,Yes,39,PayPal,Bi-Weekly,71.02040816326529,63.76700680272109,67.68830451393295,100.0,Platinum,Neutral,Accessories,1
1028,33,Male,Jewelry,Accessories,90.0,Ohio,L,Teal,Summer,2.8,Yes,Next Day Air,Yes,Yes,11,Cash,Monthly,61.49659863945578,39.969387755102034,50.16442029085314,100.0,Gold,At Risk,Accessories,1
1029,45,Male,Hoodie,Clothing,36.0,Nebraska,S,Lavender,Summer,3.7,Yes,Standard,Yes,Yes,4,Cash,Fortnightly,49.1156462585034,24.70748299319728,35.78942300521617,100.0,Bronze,Neutral,Clothing,1
1030,29,Male,Gloves,Accessories,22.0,Ohio,M,Purple,Spring,3.6,Yes,2-Day Shipping,Yes,Yes,33,Venmo,Bi-Weekly,66.12244897959184,37.2687074829932,51.029048213415564,100.0,Bronze,Neutral,Accessories,1
1031,58,Male,Coat,Outerwear,89.0,Kentucky,L,Blue,Winter,3.3,Yes,Next Day Air,Yes,Yes,37,Debit Card,Quarterly,62.72108843537415,63.90646258503401,63.61343077989636,100.0,Platinum,Neutral,Outerwear,1
1032,22,Male,Sandals,Footwear,50.0,Tennessee,M,Teal,Spring,3.4,Yes,Free Shipping,Yes,Yes,32,Cash,Quarterly,58.639455782312936,45.58843537414966,51.7491826820289,100.0,Silver,Neutral,Footwear,1
1033,55,Male,Boots,Footwear,36.0,Maine,M,Lavender,Fall,4.0,Yes,Free Shipping,Yes,Yes,44,Credit Card,Quarterly,68.43537414965986,55.918367346938766,62.18678763481387,100.0,Bronze,Satisfied,Footwear,1
1034,19,Male,Pants,Clothing,52.0,Montana,S,Silver,Spring,4.6,Yes,Free Shipping,Yes,Yes,41,Bank Transfer,Quarterly,65.98639455782313,68.54421768707482,67.73317867358168,100.0,Silver,Satisfied,Clothing,1
1035,68,Male,Socks,Clothing,29.0,Maryland,M,Olive,Fall,4.2,Yes,Next Day Air,Yes,Yes,44,Bank Transfer,Weekly,95.10204081632652,55.66836734693877,75.38605314989574,100.0,Bronze,Satisfied,Clothing,1
1036,61,Male,Blouse,Clothing,89.0,Georgia,M,Brown,Fall,2.8,Yes,Express,Yes,Yes,32,Venmo,Annually,45.30612244897959,53.838435374149654,49.50675401766054,100.0,Gold,At Risk,Clothing,1
1037,68,Male,Handbag,Accessories,47.0,Hawaii,M,Yellow,Fall,3.7,Yes,2-Day Shipping,Yes,Yes,13,Bank Transfer,Monthly,63.12925170068028,35.413265306122454,48.53742923578056,100.0,Silver,Neutral,Accessories,1
1038,52,Male,Jewelry,Accessories,25.0,Rhode Island,XL,Brown,Spring,3.4,Yes,Standard,Yes,Yes,48,Debit Card,Quarterly,71.70068027210885,46.056122448979586,58.530602069914295,100.0,Bronze,Neutral,Accessories,1
1039,41,Male,Pants,Clothing,74.0,Nebraska,XL,Cyan,Fall,3.0,Yes,Express,Yes,Yes,3,Bank Transfer,Weekly,61.632653061224495,30.527210884353746,45.168879291314866,100.0,Gold,Neutral,Clothing,1
1040,29,Male,Belt,Accessories,46.0,Michigan,M,Magenta,Fall,4.8,Yes,Standard,Yes,Yes,39,Venmo,Monthly,84.35374149659864,67.35034013605441,76.2766099088706,100.0,Silver,Satisfied,Accessories,1
1041,68,Male,Jeans,Clothing,22.0,North Carolina,S,Magenta,Fall,4.0,Yes,Next Day Air,Yes,Yes,7,Cash,Fortnightly,51.56462585034014,24.91496598639456,37.1251799700235,100.0,Bronze,Satisfied,Clothing,1
1042,36,Male,Shirt,Clothing,25.0,Minnesota,M,Orange,Summer,4.9,Yes,Next Day Air,Yes,Yes,11,Cash,Fortnightly,54.82993197278911,40.88605442176871,47.322668957775186,100.0,Bronze,Satisfied,Clothing,1
1043,55,Male,Belt,Accessories,80.0,Maryland,M,Maroon,Spring,4.9,Yes,Next Day Air,Yes,Yes,47,Credit Card,Weekly,97.55102040816325,88.29251700680271,94.10593721464288,100.0,Platinum,Satisfied,Accessories,1
1044,28,Male,Jeans,Clothing,76.0,Hawaii,M,Green,Spring,3.3,Yes,2-Day Shipping,Yes,Yes,28,Debit Card,Fortnightly,68.70748299319727,52.36734693877552,60.4185318218271,100.0,Platinum,Neutral,Clothing,1
1045,39,Male,Jeans,Clothing,30.0,Oregon,L,Teal,Summer,4.4,Yes,Next Day Air,Yes,Yes,17,Bank Transfer,Every 3 Months,39.72789115646258,40.384353741496604,39.502600887134484,100.0,Bronze,Satisfied,Clothing,1
1046,54,Male,Sweater,Clothing,79.0,New Mexico,L,Black,Fall,3.5,Yes,2-Day Shipping,Yes,Yes,11,PayPal,Bi-Weekly,48.16326530612245,44.71938775510204,46.04504217096429,100.0,Gold,Neutral,Clothing,1
1047,40,Male,Sneakers,Footwear,22.0,Illinois,M,Magenta,Winter,4.2,Yes,Standard,Yes,Yes,12,Venmo,Annually,28.9795918367347,30.98299319727892,29.08677164023591,100.0,Bronze,Satisfied,Footwear,1
1048,31,Male,Socks,Clothing,36.0,Utah,S,Olive,Fall,4.2,Yes,Standard,Yes,Yes,7,Credit Card,Fortnightly,51.56462585034014,33.41496598639456,41.68348579057327,100.0,Bronze,Satisfied,Clothing,1
1049,30,Male,Socks,Clothing,77.0,Maine,L,Yellow,Fall,2.7,Yes,Standard,Yes,Yes,19,Venmo,Fortnightly,61.36054421768707,38.66156462585034,49.395045105578475,100.0,Gold,At Risk,Clothing,1
1050,45,Male,Sunglasses,Accessories,33.0,Virginia,S,Purple,Fall,2.8,Yes,Store Pickup,Yes,Yes,24,Cash,Quarterly,52.10884353741496,25.062925170068024,37.47663507334239,100.0,Bronze,At Risk,Accessories,1
1051,48,Male,Sneakers,Footwear,64.0,Florida,M,Beige,Winter,3.8,Yes,Next Day Air,Yes,Yes,19,Venmo,Monthly,68.02721088435375,47.91156462585034,57.68888771421597,100.0,Silver,Neutral,Footwear,1
1052,45,Male,Socks,Clothing,53.0,Ohio,M,Indigo,Fall,2.6,Yes,Free Shipping,Yes,Yes,39,PayPal,Annually,51.020408163265294,40.933673469387756,45.44344378029926,100.0,Silver,At Risk,Clothing,1
1053,60,Male,Shoes,Footwear,36.0,Virginia,XL,Pink,Fall,3.0,Yes,2-Day Shipping,Yes,Yes,1,Credit Card,Fortnightly,46.666666666666664,13.33333333333334,28.465303491843454,100.0,Bronze,Neutral,Footwear,1
1054,59,Male,Blouse,Clothing,70.0,Kansas,M,Blue,Spring,3.3,No,2-Day Shipping,Yes,Yes,10,Debit Card,Bi-Weekly,27.346938775510203,37.62244897959184,31.8309945140707,100.0,Gold,Neutral,Clothing,1
1055,18,Male,Shorts,Clothing,96.0,Arkansas,L,Cyan,Winter,4.9,No,Express,Yes,Yes,48,PayPal,Quarterly,51.70068027210885,95.63945578231294,75.12071935645461,100.0,Platinum,Satisfied,Clothing,1
1056,70,Male,Jacket,Outerwear,27.0,Massachusetts,M,Orange,Spring,3.3,No,Next Day Air,Yes,Yes,24,Debit Card,Annually,18.775510204081634,29.22959183673469,23.044432044200125,100.0,Bronze,Neutral,Outerwear,1
1057,20,Male,Sweater,Clothing,64.0,Idaho,L,Black,Winter,2.9,No,2-Day Shipping,Yes,Yes,42,Venmo,Fortnightly,60.136054421768705,51.5578231292517,55.69869317225093,100.0,Silver,At Risk,Clothing,1
1058,65,Male,Jacket,Outerwear,23.0,Wisconsin,S,Maroon,Spring,4.4,No,2-Day Shipping,Yes,Yes,20,Credit Card,Weekly,55.51020408163265,39.50850340136055,46.924063972852146,100.0,Bronze,Satisfied,Outerwear,1
1059,29,Male,Scarf,Accessories,33.0,New Mexico,L,Violet,Summer,3.1,No,Next Day Air,Yes,Yes,49,Bank Transfer,Every 3 Months,45.85034013605442,46.06972789115646,45.61272820968308,100.0,Bronze,Neutral,Accessories,1
1060,22,Male,Jacket,Outerwear,34.0,North Carolina,M,Beige,Winter,2.5,No,Standard,Yes,Yes,25,Debit Card,Monthly,52.925170068027214,22.15986394557823,36.32797000017744,100.0,Bronze,At Risk,Outerwear,1
1061,27,Male,Sweater,Clothing,35.0,Iowa,S,Gray,Summer,2.6,No,Next Day Air,Yes,Yes,21,Debit Card,Every 3 Months,22.993197278911566,21.18877551020408,20.84121677418026,100.0,Bronze,At Risk,Clothing,1
1062,36,Male,Coat,Outerwear,62.0,Idaho,M,Gray,Summer,4.4,No,Free Shipping,Yes,Yes,12,Venmo,Every 3 Months,15.646258503401361,50.31632653061225,32.788016251682436,100.0,Silver,Satisfied,Outerwear,1
1063,59,Male,Boots,Footwear,75.0,Ohio,M,Brown,Fall,2.6,No,Next Day Air,Yes,Yes,21,Debit Card,Every 3 Months,22.993197278911566,37.85544217687075,29.779071324277844,100.0,Gold,At Risk,Footwear,1
1064,62,Male,Hoodie,Clothing,29.0,Alabama,S,Indigo,Summer,3.3,No,Free Shipping,Yes,Yes,35,Cash,Monthly,61.088435374149654,37.545918367346935,48.66070164453793,100.0,Bronze,Neutral,Clothing,1
1065,34,Male,Hat,Accessories,28.0,Wyoming,M,Violet,Spring,3.5,No,Express,Yes,Yes,42,Credit Card,Every 3 Months,40.136054421768705,44.5578231292517,41.944794261209935,100.0,Bronze,Neutral,Accessories,1
1066,59,Male,T-shirt,Clothing,20.0,Alabama,XL,Blue,Spring,4.1,No,Store Pickup,Yes,Yes,3,PayPal,Every 3 Months,8.299319727891156,22.693877551020403,14.30142098610233,100.0,Bronze,Satisfied,Clothing,1
1067,49,Male,Coat,Outerwear,96.0,Mississippi,M,Red,Winter,4.0,No,Store Pickup,Yes,Yes,11,PayPal,Bi-Weekly,28.163265306122447,58.46938775510204,43.418772174794796,100.0,Gold,Satisfied,Outerwear,1
1068,18,Male,Dress,Clothing,43.0,Pennsylvania,S,Peach,Summer,2.7,No,2-Day Shipping,Yes,Yes,22,PayPal,Quarterly,30.476190476190478,26.535714285714285,27.45012303664694,100.0,Bronze,At Risk,Clothing,1
1069,55,Male,Shirt,Clothing,94.0,Wyoming,M,Olive,Fall,2.5,No,Standard,Yes,Yes,47,Credit Card,Weekly,77.55102040816327,62.12585034013605,70.07350557098968,100.0,Platinum,At Risk,Clothing,1
1070,38,Male,Skirt,Clothing,81.0,Maryland,XL,White,Fall,4.3,No,Next Day Air,Yes,Yes,33,Venmo,Every 3 Months,32.7891156462585,71.18537414965986,52.55091555619749,100.0,Gold,Satisfied,Clothing,1
1071,50,Male,Jewelry,Accessories,75.0,North Carolina,M,Magenta,Summer,3.3,No,Free Shipping,Yes,Yes,50,Debit Card,Weekly,80.0,66.91666666666667,73.86717253707386,100.0,Platinum,Neutral,Accessories,1
1072,61,Male,Hat,Accessories,81.0,Pennsylvania,M,Beige,Summer,2.6,No,Express,Yes,Yes,46,Credit Card,Monthly,70.06802721088435,57.36224489795917,63.7774242177764,100.0,Platinum,At Risk,Accessories,1
1073,48,Male,Shorts,Clothing,92.0,Idaho,L,Gold,Fall,3.7,No,Express,Yes,Yes,34,Debit Card,Fortnightly,53.60544217687075,68.44897959183675,61.49162902853351,100.0,Platinum,Neutral,Clothing,1
1074,22,Male,Scarf,Accessories,96.0,California,XL,Purple,Spring,4.0,No,Store Pickup,Yes,Yes,33,Credit Card,Monthly,59.455782312925166,73.43537414965986,67.090859253794,100.0,Platinum,Satisfied,Accessories,1
1075,48,Male,Jewelry,Accessories,71.0,Tennessee,S,White,Fall,2.6,No,Standard,Yes,Yes,45,Bank Transfer,Fortnightly,62.585034013605444,52.515306122448976,57.43665359181265,100.0,Silver,At Risk,Accessories,1
1076,57,Male,Sunglasses,Accessories,50.0,Missouri,L,Indigo,Summer,4.9,No,Next Day Air,Yes,Yes,32,Debit Card,Bi-Weekly,45.30612244897959,65.58843537414967,55.80794147547934,100.0,Silver,Satisfied,Accessories,1
1077,33,Male,Coat,Outerwear,72.0,North Dakota,L,Charcoal,Spring,2.9,No,Standard,Yes,Yes,47,Venmo,Bi-Weekly,57.55102040816327,58.292517006802726,58.01779902446723,100.0,Platinum,At Risk,Outerwear,1
1078,58,Male,Jacket,Outerwear,28.0,West Virginia,M,Pink,Winter,3.7,No,Standard,Yes,Yes,5,PayPal,Quarterly,16.598639455782315,22.05442176870749,18.10815908363601,100.0,Bronze,Neutral,Outerwear,1
1079,37,Male,Sweater,Clothing,59.0,Arizona,M,Silver,Fall,4.4,No,Express,Yes,Yes,49,Credit Card,Fortnightly,65.85034013605441,74.23639455782313,70.717702399348,100.0,Silver,Satisfied,Clothing,1
1080,18,Male,Coat,Outerwear,33.0,Oklahoma,S,Blue,Summer,4.4,No,Free Shipping,Yes,Yes,48,Bank Transfer,Monthly,71.70068027210885,62.72278911564626,67.46845662001189,100.0,Bronze,Satisfied,Outerwear,1
1081,65,Male,Scarf,Accessories,59.0,Pennsylvania,L,Blue,Fall,3.8,No,Express,Yes,Yes,22,Cash,Every 3 Months,23.809523809523807,47.86904761904761,35.55724352743851,100.0,Silver,Neutral,Accessories,1
1082,62,Male,Belt,Accessories,30.0,Idaho,XL,Brown,Spring,4.5,No,Standard,Yes,Yes,45,Credit Card,Annually,35.91836734693877,60.76530612244897,48.52755826077762,100.0,Bronze,Satisfied,Accessories,1
1083,54,Male,Hat,Accessories,85.0,South Carolina,XL,Cyan,Winter,2.6,No,Next Day Air,Yes,Yes,30,Venmo,Quarterly,37.006802721088434,48.14455782312925,42.303631191089785,100.0,Gold,At Risk,Accessories,1
1084,35,Male,Backpack,Accessories,97.0,Washington,L,Teal,Summer,3.3,No,Store Pickup,Yes,Yes,43,Cash,Weekly,74.28571428571429,71.32142857142858,73.37217695388536,100.0,Platinum,Neutral,Accessories,1
1085,34,Male,T-shirt,Clothing,36.0,Arkansas,S,Purple,Fall,4.1,No,Next Day Air,Yes,Yes,48,Cash,Quarterly,51.70068027210885,59.97278911564625,55.993710619245775,100.0,Bronze,Satisfied,Clothing,1
1086,25,Male,Jewelry,Accessories,85.0,Utah,M,Turquoise,Winter,3.0,No,Store Pickup,Yes,Yes,23,Venmo,Fortnightly,44.625850340136054,48.715986394557824,46.41959572804551,100.0,Gold,Neutral,Accessories,1
1087,53,Male,Sunglasses,Accessories,62.0,Alaska,M,Olive,Winter,3.0,No,Free Shipping,Yes,Yes,27,PayPal,Bi-Weekly,41.224489795918366,41.85374149659864,41.03889064883016,100.0,Silver,Neutral,Accessories,1
1088,45,Male,Jeans,Clothing,71.0,West Virginia,S,White,Winter,3.4,No,Next Day Air,Yes,Yes,7,Bank Transfer,Monthly,38.23129251700681,37.331632653061234,37.11721494317955,100.0,Gold,Neutral,Clothing,1
1089,49,Male,Pants,Clothing,21.0,Louisiana,M,Turquoise,Winter,2.7,No,Free Shipping,Yes,Yes,2,PayPal,Weekly,40.81632653061224,3.7636054421768734,20.40816326530612,100.0,Bronze,At Risk,Clothing,1
1090,40,Male,Backpack,Accessories,61.0,Arizona,M,Silver,Spring,3.8,No,Next Day Air,Yes,Yes,33,PayPal,Bi-Weekly,46.12244897959184,56.185374149659864,51.173513127776324,100.0,Silver,Neutral,Accessories,1
1091,38,Male,Scarf,Accessories,58.0,Connecticut,M,Violet,Spring,4.2,No,Store Pickup,Yes,Yes,27,Cash,Fortnightly,47.89115646258503,56.18707482993197,52.058778895247414,100.0,Silver,Satisfied,Accessories,1
1092,44,Male,Sweater,Clothing,80.0,North Carolina,L,Lavender,Spring,4.7,No,Store Pickup,Yes,Yes,6,Credit Card,Fortnightly,30.74829931972789,57.73469387755101,44.31729396061362,100.0,Gold,Satisfied,Clothing,1
1093,68,Male,Jewelry,Accessories,50.0,South Dakota,L,Magenta,Spring,4.1,No,2-Day Shipping,Yes,Yes,20,Venmo,Quarterly,28.843537414965986,46.75850340136054,37.47869736881127,100.0,Silver,Satisfied,Accessories,1
1094,60,Male,Sneakers,Footwear,48.0,Delaware,S,Indigo,Winter,4.2,No,2-Day Shipping,Yes,Yes,46,Venmo,Every 3 Months,43.40136054421768,64.94557823129253,54.510814704737484,100.0,Silver,Satisfied,Footwear,1
1095,25,Male,Jewelry,Accessories,40.0,Connecticut,M,Black,Winter,4.8,No,Next Day Air,Yes,Yes,25,Cash,Quarterly,32.925170068027214,55.326530612244895,44.11430055487163,100.0,Bronze,Satisfied,Accessories,1
1096,19,Male,Coat,Outerwear,34.0,Tennessee,S,Peach,Summer,3.0,No,Free Shipping,Yes,Yes,30,Bank Transfer,Quarterly,37.006802721088434,32.22789115646258,33.76798009574659,100.0,Bronze,Neutral,Outerwear,1
1097,57,Male,Coat,Outerwear,46.0,New Hampshire,S,Beige,Fall,2.6,No,Standard,Yes,Yes,48,Credit Card,Annually,38.36734693877551,44.13945578231292,40.83608212998641,100.0,Silver,At Risk,Outerwear,1
1098,58,Male,Sunglasses,Accessories,27.0,Vermont,M,Black,Summer,3.2,No,Store Pickup,Yes,Yes,47,Bank Transfer,Weekly,77.55102040816327,43.542517006802726,60.107797747630876,100.0,Bronze,Neutral,Accessories,1
1099,49,Male,Handbag,Accessories,98.0,Idaho,S,Turquoise,Spring,3.6,No,Next Day Air,Yes,Yes,27,Credit Card,Weekly,61.224489795918366,64.85374149659864,63.37312992796483,100.0,Platinum,Neutral,Accessories,1
1100,19,Male,Sweater,Clothing,73.0,North Carolina,M,Peach,Fall,2.6,No,Next Day Air,Yes,Yes,45,Bank Transfer,Fortnightly,62.585034013605444,53.34863945578231,57.88354631931754,100.0,Platinum,At Risk,Clothing,1
1101,50,Male,Pants,Clothing,28.0,Nevada,L,Gold,Spring,4.4,No,Express,Yes,Yes,2,Credit Card,Weekly,40.81632653061224,29.34693877551021,34.12776999970591,100.0,Bronze,Satisfied,Clothing,1
1102,30,Male,Gloves,Accessories,76.0,Delaware,XL,Silver,Fall,3.0,No,Free Shipping,Yes,Yes,39,Cash,Fortnightly,57.68707482993196,55.85034013605442,56.77615693596994,100.0,Platinum,Neutral,Accessories,1
1103,52,Male,Sweater,Clothing,83.0,Texas,M,Peach,Fall,2.9,No,Express,Yes,Yes,24,Cash,Fortnightly,45.4421768707483,47.22959183673469,46.03064829163885,100.0,Gold,At Risk,Clothing,1
1104,35,Male,Hoodie,Clothing,23.0,Tennessee,S,Charcoal,Spring,4.3,No,Free Shipping,Yes,Yes,8,Debit Card,Bi-Weekly,25.71428571428572,30.011904761904763,26.933351747572054,100.0,Bronze,Satisfied,Clothing,1
1105,35,Male,Hat,Accessories,28.0,Delaware,M,Beige,Fall,3.1,No,Express,Yes,Yes,8,Bank Transfer,Quarterly,19.04761904761905,16.095238095238102,16.136909864907242,100.0,Bronze,Neutral,Accessories,1
1106,33,Male,T-shirt,Clothing,83.0,Massachusetts,S,Olive,Spring,3.0,No,Next Day Air,Yes,Yes,6,Venmo,Every 3 Months,10.748299319727892,36.31802721088436,22.83215086373823,100.0,Gold,Neutral,Clothing,1
1107,52,Male,Skirt,Clothing,96.0,Minnesota,L,Violet,Winter,3.6,No,Store Pickup,Yes,Yes,12,Venmo,Fortnightly,35.64625850340136,53.81632653061226,44.66496570720294,100.0,Gold,Neutral,Clothing,1
1108,69,Male,Sneakers,Footwear,62.0,Texas,M,Peach,Fall,2.8,No,Store Pickup,Yes,Yes,26,Bank Transfer,Weekly,60.408163265306115,38.50680272108843,48.83586026570852,100.0,Silver,At Risk,Footwear,1
1109,27,Male,Shorts,Clothing,25.0,Nebraska,M,Teal,Fall,2.8,No,Standard,Yes,Yes,50,Cash,Fortnightly,66.66666666666667,39.416666666666664,52.45304586274617,100.0,Bronze,At Risk,Clothing,1
1110,66,Male,Hoodie,Clothing,97.0,Oklahoma,L,Violet,Winter,3.7,No,Next Day Air,Yes,Yes,2,Venmo,Weekly,40.81632653061224,48.76360544217688,44.540370550569605,100.0,Gold,Neutral,Clothing,1
1111,28,Male,Hoodie,Clothing,61.0,Texas,L,Cyan,Fall,3.0,No,Standard,Yes,Yes,31,Cash,Bi-Weekly,44.48979591836735,44.15816326530612,43.90733890550182,100.0,Silver,Neutral,Clothing,1
1112,22,Male,Shoes,Footwear,66.0,New York,S,Olive,Summer,4.1,No,Next Day Air,Yes,Yes,4,Credit Card,Bi-Weekly,22.44897959183674,42.5408163265306,32.01959404048724,100.0,Gold,Satisfied,Footwear,1
1113,69,Male,Hoodie,Clothing,67.0,Washington,XL,Pink,Spring,4.6,No,Free Shipping,Yes,Yes,32,PayPal,Quarterly,38.63945578231293,68.67176870748298,54.128111233914055,100.0,Silver,Satisfied,Clothing,1
1114,28,Male,Sunglasses,Accessories,80.0,Maryland,M,Purple,Summer,4.8,No,Next Day Air,Yes,Yes,11,PayPal,Bi-Weekly,28.163265306122447,62.469387755102034,45.56385726681821,100.0,Gold,Satisfied,Accessories,1
1115,55,Male,Skirt,Clothing,25.0,New Hampshire,L,Violet,Fall,2.6,No,Next Day Air,Yes,Yes,47,Bank Transfer,Every 3 Months,44.21768707482993,34.70918367346938,38.70406816941247,100.0,Bronze,At Risk,Clothing,1
1116,30,Male,Hat,Accessories,58.0,New York,S,Peach,Fall,4.0,No,2-Day Shipping,Yes,Yes,37,Cash,Weekly,69.3877551020408,60.32312925170068,65.0251253849587,100.0,Silver,Satisfied,Accessories,1
1117,67,Male,Backpack,Accessories,96.0,Hawaii,M,Charcoal,Winter,4.2,No,Express,Yes,Yes,39,PayPal,Fortnightly,57.68707482993196,80.18367346938776,69.82542457911241,100.0,Platinum,Satisfied,Accessories,1
1118,25,Male,Sunglasses,Accessories,77.0,California,L,Lavender,Spring,4.5,No,Store Pickup,Yes,Yes,24,Credit Card,Monthly,52.10884353741497,66.06292517006803,59.46375726658246,100.0,Platinum,Satisfied,Accessories,1
1119,49,Male,Belt,Accessories,65.0,Indiana,M,Purple,Summer,4.9,No,Standard,Yes,Yes,11,PayPal,Every 3 Months,14.829931972789115,57.552721088435376,36.26052350787276,100.0,Silver,Satisfied,Accessories,1
1120,34,Male,Jewelry,Accessories,36.0,Louisiana,M,Indigo,Spring,3.1,No,Standard,Yes,Yes,36,Credit Card,Weekly,68.57142857142857,38.47619047619048,52.901076451228754,100.0,Bronze,Neutral,Accessories,1
1121,22,Male,Sneakers,Footwear,84.0,Pennsylvania,M,Magenta,Winter,4.0,No,Next Day Air,Yes,Yes,40,Debit Card,Monthly,65.17006802721087,73.19727891156462,69.82031847450688,100.0,Platinum,Satisfied,Footwear,1
1122,63,Male,T-shirt,Clothing,58.0,Florida,XL,Peach,Fall,3.2,No,Express,Yes,Yes,25,Cash,Quarterly,32.925170068027214,41.49319727891157,36.69588127829064,100.0,Silver,Neutral,Clothing,1
1123,70,Male,Handbag,Accessories,62.0,North Carolina,S,Charcoal,Spring,4.3,No,2-Day Shipping,Yes,Yes,12,Credit Card,Annually,8.979591836734695,48.982993197278915,28.739654554341293,100.0,Silver,Satisfied,Accessories,1
1124,36,Male,Hat,Accessories,67.0,Massachusetts,S,Purple,Fall,2.5,No,Store Pickup,Yes,Yes,38,Cash,Monthly,63.53741496598639,44.75340136054421,53.75035752038625,100.0,Silver,At Risk,Accessories,1
1125,42,Male,Sweater,Clothing,20.0,Iowa,M,Orange,Spring,3.7,No,Express,Yes,Yes,40,Cash,Quarterly,45.17006802721089,42.53061224489796,43.37466610232733,100.0,Bronze,Neutral,Clothing,1
1126,27,Male,Sandals,Footwear,90.0,North Dakota,M,Lavender,Summer,2.7,No,2-Day Shipping,Yes,Yes,10,Bank Transfer,Weekly,47.3469387755102,37.955782312925166,42.009751605072644,100.0,Gold,At Risk,Footwear,1
1127,23,Male,Scarf,Accessories,58.0,Iowa,L,Beige,Winter,3.4,No,Standard,Yes,Yes,47,Venmo,Fortnightly,64.21768707482994,59.125850340136054,61.798025085305454,100.0,Silver,Neutral,Accessories,1
1128,50,Male,Shirt,Clothing,53.0,Delaware,XL,Maroon,Spring,4.8,No,Store Pickup,Yes,Yes,22,Debit Card,Monthly,50.476190476190474,58.70238095238095,54.700182318335266,100.0,Silver,Satisfied,Clothing,1
1129,56,Male,Gloves,Accessories,30.0,New York,L,Charcoal,Winter,4.7,No,Next Day Air,Yes,Yes,35,Debit Card,Monthly,61.088435374149654,56.62925170068027,58.89454510439967,100.0,Bronze,Satisfied,Accessories,1
1130,37,Male,Hoodie,Clothing,65.0,New Hampshire,XL,White,Winter,4.7,No,Express,Yes,Yes,46,Venmo,Fortnightly,63.40136054421768,78.69557823129252,71.88454470856797,100.0,Silver,Satisfied,Clothing,1
1131,67,Male,Jewelry,Accessories,41.0,Kentucky,M,Lavender,Summer,3.9,No,Standard,Yes,Yes,30,PayPal,Bi-Weekly,43.6734693877551,47.144557823129254,45.10069325141727,100.0,Bronze,Neutral,Accessories,1
1132,67,Male,Shirt,Clothing,73.0,Illinois,M,Black,Spring,3.7,No,Express,Yes,Yes,20,Bank Transfer,Monthly,48.843537414965986,51.00850340136055,49.75785027908615,100.0,Gold,Neutral,Clothing,1
1133,50,Male,Hoodie,Clothing,98.0,North Carolina,S,Teal,Spring,4.3,No,Store Pickup,Yes,Yes,25,Cash,Fortnightly,46.25850340136054,72.8265306122449,60.16571449914076,100.0,Platinum,Satisfied,Clothing,1
1134,36,Male,Shoes,Footwear,36.0,Connecticut,XL,Magenta,Winter,4.1,No,2-Day Shipping,Yes,Yes,29,Cash,Weekly,62.857142857142854,47.04761904761904,54.64054450556465,100.0,Bronze,Satisfied,Footwear,1
1135,62,Male,T-shirt,Clothing,81.0,Wisconsin,M,Brown,Summer,3.7,No,Express,Yes,Yes,2,Venmo,Every 3 Months,7.482993197278912,42.0969387755102,24.298562063863898,100.0,Gold,Neutral,Clothing,1
1136,65,Male,Skirt,Clothing,90.0,Massachusetts,L,Peach,Winter,3.6,No,2-Day Shipping,Yes,Yes,32,Bank Transfer,Quarterly,38.63945578231293,64.92176870748298,52.1170939601421,100.0,Platinum,Neutral,Clothing,1
1137,23,Male,Handbag,Accessories,83.0,Illinois,S,Cyan,Summer,4.8,No,Free Shipping,Yes,Yes,37,Cash,Monthly,62.72108843537415,81.406462585034,72.99817805749882,100.0,Platinum,Satisfied,Accessories,1
1138,46,Male,Shirt,Clothing,91.0,New Mexico,XL,Pink,Winter,2.8,No,2-Day Shipping,Yes,Yes,16,Bank Transfer,Every 3 Months,18.91156462585034,43.787414965986386,30.919401596802366,100.0,Gold,At Risk,Clothing,1
1139,18,Male,Pants,Clothing,36.0,Iowa,M,Purple,Summer,4.7,No,Express,Yes,Yes,32,Venmo,Fortnightly,51.97278911564626,57.08843537414965,54.58296898826289,100.0,Bronze,Satisfied,Clothing,1
1140,58,Male,Coat,Outerwear,53.0,Alabama,L,Purple,Spring,3.9,No,Standard,Yes,Yes,42,Debit Card,Bi-Weekly,53.46938775510204,60.3078231292517,57.05773347771883,100.0,Silver,Neutral,Outerwear,1
1141,31,Male,Jeans,Clothing,39.0,Maryland,M,White,Winter,2.6,No,Store Pickup,Yes,Yes,6,Credit Card,Every 3 Months,10.748299319727892,12.651360544217688,10.140397402599657,100.0,Bronze,At Risk,Clothing,1
1142,39,Male,Gloves,Accessories,33.0,Ohio,S,Silver,Winter,4.7,No,Next Day Air,Yes,Yes,23,PayPal,Fortnightly,44.625850340136054,49.715986394557824,46.95586700105137,100.0,Bronze,Satisfied,Accessories,1
1143,69,Male,T-shirt,Clothing,76.0,Ohio,L,Green,Spring,3.5,No,Store Pickup,Yes,Yes,27,Venmo,Bi-Weekly,41.224489795918366,54.35374149659864,47.74228156140335,100.0,Gold,Neutral,Clothing,1
1144,68,Male,Boots,Footwear,23.0,Nevada,L,Teal,Winter,4.4,No,Standard,Yes,Yes,43,PayPal,Quarterly,47.61904761904762,55.15476190476192,51.36912470695737,100.0,Bronze,Satisfied,Footwear,1
1145,41,Male,Jeans,Clothing,54.0,South Carolina,S,Indigo,Fall,4.4,No,2-Day Shipping,Yes,Yes,25,Bank Transfer,Fortnightly,46.25850340136054,55.82653061224491,51.04910285804123,100.0,Silver,Satisfied,Clothing,1
1146,31,Male,Sneakers,Footwear,89.0,Nevada,L,Pink,Summer,3.0,No,Express,Yes,Yes,30,Cash,Every 3 Months,30.340136054421762,55.14455782312925,42.724196768797434,100.0,Gold,Neutral,Footwear,1
1147,48,Male,Sneakers,Footwear,38.0,Wisconsin,M,Indigo,Summer,4.2,No,Standard,Yes,Yes,7,Bank Transfer,Every 3 Months,11.564625850340136,34.24829931972789,22.13037851807815,100.0,Bronze,Satisfied,Footwear,1
1148,59,Male,Hat,Accessories,36.0,Tennessee,XL,Red,Winter,4.3,No,Next Day Air,Yes,Yes,17,Debit Card,Annually,13.061224489795917,41.55102040816326,26.79491737230798,100.0,Bronze,Satisfied,Accessories,1
1149,34,Male,Pants,Clothing,66.0,Florida,M,Violet,Spring,2.6,No,Store Pickup,Yes,Yes,10,PayPal,Fortnightly,34.01360544217687,26.62244897959184,29.265343844339625,100.0,Gold,At Risk,Clothing,1
1150,21,Male,Jewelry,Accessories,42.0,Georgia,L,Cyan,Spring,3.3,No,Store Pickup,Yes,Yes,40,Venmo,Annually,31.83673469387755,46.363945578231295,38.763705982183104,100.0,Bronze,Neutral,Accessories,1
1151,29,Male,Jewelry,Accessories,36.0,Kentucky,S,Red,Winter,2.7,No,Next Day Air,Yes,Yes,50,Venmo,Bi-Weekly,60.00000000000001,42.666666666666664,50.86259416668186,100.0,Bronze,At Risk,Accessories,1
1152,41,Male,Blouse,Clothing,86.0,Ohio,M,Gray,Spring,3.7,No,Express,Yes,Yes,24,Credit Card,Weekly,58.77551020408163,59.14625850340136,59.087880961625295,100.0,Platinum,Neutral,Clothing,1
1153,62,Male,Handbag,Accessories,49.0,Connecticut,M,Gold,Fall,4.0,No,Standard,Yes,Yes,8,PayPal,Every 3 Months,12.380952380952381,36.845238095238095,23.931205446445393,100.0,Bronze,Satisfied,Accessories,1
1154,27,Male,Shirt,Clothing,41.0,Idaho,M,Pink,Summer,4.0,No,Free Shipping,Yes,Yes,6,Bank Transfer,Quarterly,17.41496598639456,32.15136054421769,23.931020559547164,100.0,Bronze,Satisfied,Clothing,1
1155,49,Male,Dress,Clothing,82.0,Georgia,L,Cyan,Spring,2.9,No,2-Day Shipping,Yes,Yes,44,Credit Card,Bi-Weekly,55.10204081632652,60.41836734693877,57.933341696673544,100.0,Platinum,At Risk,Clothing,1
1156,67,Male,T-shirt,Clothing,53.0,Tennessee,S,Red,Fall,2.6,No,Express,Yes,Yes,47,PayPal,Quarterly,50.884353741496604,46.375850340136054,48.293899687814125,100.0,Silver,At Risk,Clothing,1
1157,20,Male,Shoes,Footwear,21.0,Hawaii,M,Gold,Summer,4.8,No,Express,Yes,Yes,6,Venmo,Every 3 Months,10.748299319727892,34.484693877551024,21.848986863227495,100.0,Bronze,Satisfied,Footwear,1
1158,37,Male,Belt,Accessories,66.0,Maryland,M,Charcoal,Fall,4.4,No,Standard,Yes,Yes,11,Cash,Quarterly,21.496598639455783,51.30272108843539,36.24216138491951,100.0,Silver,Satisfied,Accessories,1
1159,69,Male,Belt,Accessories,89.0,Nevada,L,Orange,Summer,4.0,No,2-Day Shipping,Yes,Yes,41,Bank Transfer,Annually,32.6530612244898,75.96088435374149,55.04385728170844,100.0,Platinum,Satisfied,Accessories,1
1160,66,Male,Handbag,Accessories,55.0,New Hampshire,L,Blue,Fall,3.6,No,2-Day Shipping,Yes,Yes,46,Venmo,Every 3 Months,43.40136054421768,59.86224489795918,51.7847690669577,100.0,Silver,Neutral,Accessories,1
1161,37,Male,Scarf,Accessories,42.0,North Dakota,S,Blue,Summer,3.2,No,Next Day Air,Yes,Yes,9,Venmo,Bi-Weekly,26.53061224489796,23.94217687074831,24.08649430988856,100.0,Bronze,Neutral,Accessories,1
1162,63,Male,Shorts,Clothing,52.0,Oklahoma,S,Orange,Fall,3.1,No,2-Day Shipping,Yes,Yes,37,PayPal,Monthly,62.72108843537415,45.823129251700685,53.91585859304049,100.0,Silver,Neutral,Clothing,1
1163,47,Male,Sandals,Footwear,92.0,North Carolina,M,Blue,Winter,4.2,No,Express,Yes,Yes,13,PayPal,Weekly,49.795918367346935,60.82993197278912,55.500990758012705,100.0,Platinum,Satisfied,Footwear,1
1164,26,Male,Pants,Clothing,56.0,Tennessee,L,White,Summer,3.0,No,2-Day Shipping,Yes,Yes,24,Debit Card,Monthly,52.10884353741497,37.31292517006803,44.045958167664125,100.0,Silver,Neutral,Clothing,1
1165,68,Male,Dress,Clothing,96.0,Montana,M,Green,Winter,4.2,No,Standard,Yes,Yes,47,PayPal,Quarterly,50.884353741496604,85.62585034013605,69.34254715329394,100.0,Platinum,Satisfied,Clothing,1
1166,51,Male,T-shirt,Clothing,64.0,Wisconsin,M,Silver,Winter,2.9,No,Next Day Air,Yes,Yes,21,Venmo,Every 3 Months,22.993197278911566,37.27210884353741,29.466246415024422,100.0,Silver,At Risk,Clothing,1
1167,48,Male,Dress,Clothing,48.0,Connecticut,S,Lavender,Winter,3.7,No,Store Pickup,Yes,Yes,22,Venmo,Fortnightly,43.80952380952381,41.95238095238095,42.384305162153865,100.0,Silver,Neutral,Clothing,1
1168,60,Male,Socks,Clothing,83.0,New Jersey,XL,Beige,Summer,3.6,No,Free Shipping,Yes,Yes,16,PayPal,Quarterly,25.578231292517007,51.12074829931973,38.18539093217864,100.0,Gold,Neutral,Clothing,1
1169,68,Male,Scarf,Accessories,91.0,Mississippi,L,Violet,Summer,3.6,No,Standard,Yes,Yes,37,Debit Card,Fortnightly,56.05442176870747,68.73979591836734,62.87207526609131,100.0,Platinum,Neutral,Accessories,1
1170,25,Male,Backpack,Accessories,94.0,Wyoming,S,Gray,Fall,4.5,No,2-Day Shipping,Yes,Yes,3,Cash,Annually,1.6326530612244898,58.86054421768707,30.36323202648076,100.0,Gold,Satisfied,Accessories,1
1171,57,Male,Skirt,Clothing,62.0,Illinois,S,Red,Spring,3.2,No,Express,Yes,Yes,33,Cash,Bi-Weekly,46.12244897959184,48.60204081632653,47.106789307481925,100.0,Silver,Neutral,Clothing,1
1172,41,Male,Socks,Clothing,55.0,Louisiana,M,Lavender,Spring,3.9,No,Next Day Air,Yes,Yes,15,Debit Card,Annually,11.428571428571427,42.77380952380952,26.634337517361057,100.0,Silver,Neutral,Clothing,1
1173,59,Male,Coat,Outerwear,68.0,Oregon,L,Peach,Spring,4.6,No,Store Pickup,Yes,Yes,42,Bank Transfer,Bi-Weekly,53.46938775510204,75.89115646258502,65.41462748206006,100.0,Silver,Satisfied,Outerwear,1
1174,44,Male,Jewelry,Accessories,76.0,South Dakota,M,Indigo,Winter,2.5,No,Express,Yes,Yes,42,Cash,Bi-Weekly,53.46938775510204,51.22448979591836,52.18660274791564,100.0,Gold,At Risk,Accessories,1
1175,42,Male,Backpack,Accessories,31.0,Michigan,M,Black,Winter,4.3,No,Express,Yes,Yes,19,Bank Transfer,Bi-Weekly,34.69387755102041,40.828231292517,37.22363286375783,100.0,Bronze,Satisfied,Accessories,1
1176,35,Male,Belt,Accessories,81.0,New Jersey,M,Beige,Spring,4.1,No,Store Pickup,Yes,Yes,26,PayPal,Quarterly,33.74149659863945,63.75680272108843,49.04337657577303,100.0,Gold,Satisfied,Accessories,1
1177,36,Male,Dress,Clothing,83.0,Oregon,M,Red,Winter,3.7,No,Free Shipping,Yes,Yes,39,PayPal,Quarterly,44.35374149659864,68.10034013605443,56.678813363625004,100.0,Platinum,Neutral,Clothing,1
1178,54,Male,Skirt,Clothing,21.0,Iowa,M,Black,Spring,4.8,No,Standard,Yes,Yes,24,Debit Card,Monthly,52.10884353741497,46.72959183673469,49.095845988469264,100.0,Bronze,Satisfied,Clothing,1
1179,37,Male,Dress,Clothing,22.0,South Carolina,M,Teal,Spring,4.9,No,Express,Yes,Yes,23,Debit Card,Annually,17.959183673469386,47.79931972789116,32.59468039445681,100.0,Bronze,Satisfied,Clothing,1
1180,20,Male,T-shirt,Clothing,33.0,Indiana,M,Blue,Summer,2.8,No,Free Shipping,Yes,Yes,44,Bank Transfer,Annually,35.10204081632653,38.66836734693877,36.269441508796206,100.0,Bronze,At Risk,Clothing,1
1181,23,Male,Skirt,Clothing,23.0,Oregon,S,Beige,Spring,4.9,No,Standard,Yes,Yes,34,Cash,Monthly,60.27210884353742,55.69897959183674,57.987503631042195,100.0,Bronze,Satisfied,Clothing,1
1182,61,Male,Shorts,Clothing,96.0,New York,L,Teal,Summer,3.5,No,Free Shipping,Yes,Yes,43,Bank Transfer,Quarterly,47.61904761904762,73.57142857142858,61.2454539848152,100.0,Platinum,Neutral,Clothing,1
1183,37,Male,Jewelry,Accessories,21.0,New Mexico,M,Maroon,Spring,3.8,No,Express,Yes,Yes,45,PayPal,Quarterly,49.25170068027211,47.68197278911564,48.17800910561769,100.0,Bronze,Neutral,Accessories,1
1184,23,Male,Pants,Clothing,39.0,Louisiana,M,Yellow,Spring,4.5,No,2-Day Shipping,Yes,Yes,4,Credit Card,Weekly,42.44897959183673,36.624149659863946,38.8466556752026,100.0,Bronze,Satisfied,Clothing,1
1185,63,Male,Belt,Accessories,73.0,South Carolina,S,Indigo,Fall,3.4,No,Express,Yes,Yes,19,Credit Card,Annually,14.693877551020407,46.32823129251701,30.173124865290035,100.0,Gold,Neutral,Accessories,1
1186,47,Male,Jeans,Clothing,64.0,Maine,M,Magenta,Spring,3.9,No,Standard,Yes,Yes,29,Credit Card,Monthly,56.19047619047619,56.047619047619044,56.133652629284015,100.0,Silver,Neutral,Clothing,1
1187,63,Male,Jeans,Clothing,68.0,Indiana,M,Beige,Summer,4.1,No,2-Day Shipping,Yes,Yes,27,Credit Card,Annually,21.224489795918366,59.0204081632653,40.24488083543068,100.0,Silver,Satisfied,Clothing,1
1188,56,Male,Hat,Accessories,89.0,Iowa,L,Maroon,Fall,3.0,No,Express,Yes,Yes,37,Credit Card,Every 3 Months,36.05442176870748,59.906462585034014,48.135012354539604,100.0,Gold,Neutral,Accessories,1
1189,68,Male,Blouse,Clothing,29.0,Mississippi,M,Magenta,Summer,3.3,No,Next Day Air,Yes,Yes,11,Credit Card,Weekly,48.16326530612244,21.219387755102044,33.4426672553267,100.0,Bronze,Neutral,Clothing,1
1190,64,Male,Shirt,Clothing,97.0,Arkansas,XL,Teal,Summer,3.7,No,Free Shipping,Yes,Yes,28,Debit Card,Annually,22.04081632653061,66.45068027210884,44.63768558332622,100.0,Gold,Neutral,Clothing,1
1191,62,Male,Shirt,Clothing,45.0,South Carolina,M,Orange,Winter,4.3,No,Next Day Air,Yes,Yes,31,Credit Card,Weekly,64.48979591836735,54.824829931972786,59.627565817564275,100.0,Silver,Satisfied,Clothing,1
1192,34,Male,T-shirt,Clothing,70.0,Indiana,L,Charcoal,Winter,4.1,No,Free Shipping,Yes,Yes,50,Venmo,Quarterly,53.33333333333334,75.49999999999999,65.13683429704076,100.0,Platinum,Satisfied,Clothing,1
1193,49,Male,Coat,Outerwear,56.0,Florida,M,Turquoise,Summer,4.0,No,2-Day Shipping,Yes,Yes,42,Venmo,Quarterly,46.802721088435376,62.89115646258503,55.10976759965062,100.0,Silver,Satisfied,Outerwear,1
1194,40,Male,Jacket,Outerwear,55.0,Alaska,L,Pink,Fall,5.0,No,2-Day Shipping,Yes,Yes,18,Credit Card,Fortnightly,40.54421768707483,59.4812925170068,50.15190382009834,100.0,Silver,Satisfied,Outerwear,1
1195,50,Male,Hoodie,Clothing,46.0,New York,S,Teal,Winter,3.1,No,2-Day Shipping,Yes,Yes,6,Credit Card,Fortnightly,30.74829931972789,22.234693877551027,25.27966376890577,100.0,Bronze,Neutral,Clothing,1
1196,25,Male,Scarf,Accessories,95.0,Texas,M,White,Winter,4.0,No,2-Day Shipping,Yes,Yes,33,Venmo,Monthly,59.455782312925166,73.0187074829932,66.86741289004155,100.0,Platinum,Satisfied,Accessories,1
1197,30,Male,Belt,Accessories,88.0,North Dakota,M,Maroon,Winter,3.2,No,2-Day Shipping,Yes,Yes,13,Bank Transfer,Bi-Weekly,29.795918367346943,45.82993197278912,37.45692166292488,100.0,Gold,Neutral,Accessories,1
1198,54,Male,Sneakers,Footwear,92.0,Vermont,L,Violet,Fall,3.9,No,Standard,Yes,Yes,26,PayPal,Annually,20.40816326530612,65.6734693877551,43.404563182367596,100.0,Gold,Neutral,Footwear,1
1199,40,Male,Socks,Clothing,49.0,New Jersey,M,Brown,Summer,3.9,No,2-Day Shipping,Yes,Yes,17,Cash,Annually,13.061224489795917,41.6343537414966,26.839606645058467,100.0,Bronze,Neutral,Clothing,1
1200,49,Male,Sandals,Footwear,89.0,Maryland,M,Indigo,Fall,4.5,No,Free Shipping,Yes,Yes,3,Debit Card,Weekly,41.63265306122449,56.77721088435375,49.246000207718566,100.0,Gold,Satisfied,Footwear,1
1201,27,Male,Coat,Outerwear,22.0,Connecticut,XL,Black,Winter,4.4,No,Store Pickup,Yes,Yes,7,PayPal,Weekly,44.897959183673464,30.2482993197279,36.651960092721396,100.0,Bronze,Satisfied,Outerwear,1
1202,27,Male,Shoes,Footwear,61.0,Illinois,XL,Black,Summer,3.1,No,2-Day Shipping,Yes,Yes,46,Venmo,Fortnightly,63.40136054421768,55.69557823129252,59.550305429433315,100.0,Silver,Neutral,Footwear,1
1203,48,Male,Scarf,Accessories,29.0,Maryland,S,Olive,Spring,2.9,No,Standard,Yes,Yes,14,Venmo,Every 3 Months,17.278911564625847,17.92687074829932,16.23480809794687,100.0,Bronze,At Risk,Accessories,1
1204,40,Male,Sneakers,Footwear,82.0,Minnesota,M,Orange,Winter,3.7,No,Free Shipping,Yes,Yes,23,Bank Transfer,Annually,17.959183673469386,56.79931972789116,37.42112185150951,100.0,Gold,Neutral,Footwear,1
1205,67,Male,Belt,Accessories,94.0,Florida,M,Pink,Spring,3.2,No,2-Day Shipping,Yes,Yes,20,Credit Card,Every 3 Months,22.176870748299315,53.091836734693885,37.54174876451501,100.0,Gold,Neutral,Accessories,1
1206,52,Male,Handbag,Accessories,99.0,California,M,Olive,Spring,3.5,No,Standard,Yes,Yes,38,Bank Transfer,Fortnightly,56.87074829931973,71.42006802721087,64.71759146720906,100.0,Platinum,Neutral,Accessories,1
1207,22,Male,Handbag,Accessories,59.0,Mississippi,S,Cyan,Fall,3.0,No,Free Shipping,Yes,Yes,16,Venmo,Every 3 Months,18.91156462585034,33.12074829931973,25.199174684739916,100.0,Silver,Neutral,Accessories,1
1208,62,Male,Boots,Footwear,90.0,Washington,M,White,Summer,4.1,No,Next Day Air,Yes,Yes,48,Credit Card,Every 3 Months,45.034013605442176,82.47278911564625,64.72648092854418,100.0,Platinum,Satisfied,Footwear,1
1209,20,Male,Boots,Footwear,100.0,Wisconsin,S,Red,Winter,3.8,No,2-Day Shipping,Yes,Yes,8,Debit Card,Annually,5.714285714285714,55.42857142857143,30.563579936470873,100.0,Gold,Neutral,Footwear,1
1210,41,Male,Pants,Clothing,62.0,Pennsylvania,M,Blue,Winter,3.8,No,Next Day Air,Yes,Yes,16,Bank Transfer,Monthly,45.57823129251701,45.037414965986386,44.92307402139302,100.0,Silver,Neutral,Clothing,1
1211,34,Male,Sunglasses,Accessories,78.0,Missouri,M,Olive,Fall,4.1,No,Next Day Air,Yes,Yes,5,Cash,Quarterly,16.598639455782315,48.22108843537415,32.140590727289215,100.0,Gold,Satisfied,Accessories,1
1212,23,Male,Hoodie,Clothing,94.0,Oklahoma,M,Green,Spring,4.6,No,Store Pickup,Yes,Yes,14,Venmo,Every 3 Months,17.278911564625847,67.67687074829931,42.91430392998815,100.0,Gold,Satisfied,Clothing,1
1213,32,Male,Shoes,Footwear,74.0,Pennsylvania,M,Yellow,Summer,2.5,No,Free Shipping,Yes,Yes,18,Credit Card,Weekly,53.877551020408156,34.064625850340136,43.188342297866186,100.0,Gold,At Risk,Footwear,1
1214,68,Male,Handbag,Accessories,52.0,Kentucky,XL,Black,Spring,3.7,No,Express,Yes,Yes,14,Debit Card,Every 3 Months,17.278911564625847,38.17687074829932,27.09430137631544,100.0,Silver,Neutral,Accessories,1
1215,30,Male,Jacket,Outerwear,81.0,Vermont,M,Blue,Fall,3.8,No,Free Shipping,Yes,Yes,5,Cash,Every 3 Months,9.931972789115646,45.47108843537415,27.33251139318978,100.0,Gold,Neutral,Outerwear,1
1216,66,Male,Blouse,Clothing,20.0,Oregon,L,Pink,Winter,2.6,No,2-Day Shipping,Yes,Yes,15,Credit Card,Every 3 Months,18.09523809523809,10.857142857142856,12.851679387257517,100.0,Bronze,At Risk,Clothing,1
1217,62,Male,Pants,Clothing,32.0,Utah,XL,Lavender,Summer,3.7,No,Free Shipping,Yes,Yes,3,Venmo,Every 3 Months,8.299319727891156,22.36054421768708,14.122663895100388,100.0,Bronze,Neutral,Clothing,1
1218,50,Male,Boots,Footwear,63.0,Nebraska,XL,Cyan,Fall,2.6,No,Free Shipping,Yes,Yes,12,Cash,Every 3 Months,15.646258503401361,26.732993197278915,20.140952063294353,100.0,Gold,At Risk,Footwear,1
1219,55,Male,Boots,Footwear,79.0,Pennsylvania,M,Cyan,Spring,3.1,No,Store Pickup,Yes,Yes,43,Cash,Every 3 Months,40.95238095238095,61.15476190476191,51.25341901165916,100.0,Gold,Neutral,Footwear,1
1220,19,Male,Sweater,Clothing,23.0,Vermont,M,Gold,Winter,2.5,No,Next Day Air,Yes,Yes,35,Credit Card,Bi-Weekly,47.755102040816325,24.379251700680268,34.93312988329417,100.0,Bronze,At Risk,Clothing,1
1221,67,Male,Gloves,Accessories,64.0,Kentucky,M,Green,Winter,3.8,No,Express,Yes,Yes,36,Bank Transfer,Quarterly,41.904761904761905,59.476190476190474,50.82943985101838,100.0,Silver,Neutral,Accessories,1
1222,18,Male,Socks,Clothing,69.0,Iowa,M,Red,Winter,4.5,No,Standard,Yes,Yes,3,Cash,Quarterly,14.965986394557826,48.44387755102041,31.44373959933644,100.0,Gold,Satisfied,Clothing,1
1223,58,Male,Jeans,Clothing,69.0,Indiana,L,Magenta,Fall,3.4,No,Store Pickup,Yes,Yes,27,Bank Transfer,Annually,21.224489795918366,50.103741496598644,35.46312865112847,100.0,Gold,Neutral,Clothing,1
1224,69,Male,Pants,Clothing,24.0,Kansas,L,Red,Winter,3.9,No,Free Shipping,Yes,Yes,21,Bank Transfer,Weekly,56.326530612244895,33.93877551020408,44.345342171671575,100.0,Bronze,Neutral,Clothing,1
1225,62,Male,Shorts,Clothing,50.0,Illinois,M,Yellow,Summer,3.7,No,Store Pickup,Yes,Yes,18,Venmo,Weekly,53.877551020408156,40.06462585034014,46.40596993590132,100.0,Silver,Neutral,Clothing,1
1226,28,Male,Gloves,Accessories,97.0,North Carolina,S,Turquoise,Fall,2.6,No,Free Shipping,Yes,Yes,16,Debit Card,Weekly,52.24489795918367,43.62074829931973,47.49668971796805,100.0,Gold,At Risk,Accessories,1
1227,53,Male,Sandals,Footwear,91.0,Ohio,S,Cyan,Fall,3.4,No,Store Pickup,Yes,Yes,18,Venmo,Bi-Weekly,33.877551020408156,53.147959183673464,43.422185757727924,100.0,Gold,Neutral,Footwear,1
1228,27,Male,Blouse,Clothing,37.0,Illinois,L,Yellow,Spring,4.9,No,Store Pickup,Yes,Yes,19,Bank Transfer,Bi-Weekly,34.69387755102041,51.32823129251701,42.85448123031931,100.0,Bronze,Satisfied,Clothing,1
1229,55,Male,Jacket,Outerwear,55.0,Indiana,S,Yellow,Winter,3.9,No,Express,Yes,Yes,1,Cash,Annually,0.0,33.25,15.812706345876727,100.0,Silver,Neutral,Outerwear,1
1230,34,Male,Jewelry,Accessories,52.0,Kansas,XL,Maroon,Winter,3.6,No,Express,Yes,Yes,39,Bank Transfer,Annually,31.0204081632653,53.85034013605442,42.37028105662489,100.0,Silver,Neutral,Accessories,1
1231,25,Male,Hat,Accessories,80.0,Illinois,L,Brown,Spring,3.8,No,Standard,Yes,Yes,49,Venmo,Monthly,72.51700680272108,74.98639455782312,74.45323918743571,100.0,Platinum,Neutral,Accessories,1
1232,66,Male,Socks,Clothing,79.0,Pennsylvania,M,Gold,Spring,4.0,No,2-Day Shipping,Yes,Yes,43,Credit Card,Fortnightly,60.952380952380956,73.15476190476191,67.68867428772943,100.0,Platinum,Satisfied,Clothing,1
1233,57,Male,Handbag,Accessories,23.0,New York,M,Charcoal,Summer,3.6,No,Free Shipping,Yes,Yes,31,Debit Card,Every 3 Months,31.15646258503401,36.32482993197279,33.03988060028929,100.0,Bronze,Neutral,Accessories,1
1234,46,Male,Pants,Clothing,73.0,Utah,L,Beige,Winter,3.5,No,Next Day Air,Yes,Yes,40,Venmo,Every 3 Months,38.50340136054422,61.94727891156462,50.45393331985768,100.0,Gold,Neutral,Clothing,1
1235,38,Male,Gloves,Accessories,99.0,New Jersey,M,Indigo,Fall,4.1,No,Store Pickup,Yes,Yes,2,Bank Transfer,Bi-Weekly,20.816326530612244,54.93027210884354,37.84737673410571,100.0,Gold,Satisfied,Accessories,1
1236,23,Male,Sweater,Clothing,22.0,Idaho,M,Red,Spring,3.0,No,Store Pickup,Yes,Yes,46,PayPal,Every 3 Months,43.40136054421768,38.11224489795919,40.12086887908036,100.0,Bronze,Neutral,Clothing,1
1237,42,Male,Hat,Accessories,68.0,New Mexico,M,White,Summer,4.4,No,Store Pickup,Yes,Yes,35,Debit Card,Every 3 Months,34.42176870748298,68.46258503401361,51.90708850163562,100.0,Silver,Satisfied,Accessories,1
1238,25,Male,Dress,Clothing,92.0,Michigan,S,Charcoal,Spring,4.4,No,2-Day Shipping,Yes,Yes,42,Credit Card,Quarterly,46.802721088435376,83.22448979591837,66.01395015076967,100.0,Platinum,Satisfied,Clothing,1
1239,55,Male,Pants,Clothing,77.0,Wyoming,M,Violet,Winter,3.7,No,Express,Yes,Yes,3,Venmo,Fortnightly,28.29931972789116,41.110544217687085,34.17775026396017,100.0,Gold,Neutral,Clothing,1
1240,62,Male,Coat,Outerwear,37.0,New Jersey,XL,Magenta,Spring,4.8,No,Standard,Yes,Yes,32,Debit Card,Every 3 Months,31.972789115646254,58.838435374149654,45.52144371602315,100.0,Bronze,Satisfied,Outerwear,1
1241,41,Male,Scarf,Accessories,79.0,New Jersey,L,White,Winter,2.9,No,Store Pickup,Yes,Yes,48,Debit Card,Annually,38.36734693877551,61.88945578231292,50.35489722584033,100.0,Gold,At Risk,Accessories,1
1242,58,Male,Hoodie,Clothing,51.0,Hawaii,XL,Pink,Winter,3.1,No,Express,Yes,Yes,34,Credit Card,Weekly,66.93877551020408,43.36564625850341,54.7068245973033,100.0,Silver,Neutral,Clothing,1
1243,56,Male,Socks,Clothing,27.0,Nevada,M,Lavender,Summer,4.0,No,Next Day Air,Yes,Yes,15,Bank Transfer,Quarterly,24.761904761904763,32.44047619047619,27.759534362967226,100.0,Bronze,Satisfied,Clothing,1
1244,25,Male,Blouse,Clothing,23.0,New Hampshire,S,Pink,Spring,3.0,No,Store Pickup,Yes,Yes,22,Debit Card,Annually,17.14285714285714,22.202380952380956,18.459614186954898,100.0,Bronze,Neutral,Clothing,1
1245,70,Male,Socks,Clothing,76.0,Indiana,S,Silver,Summer,3.9,No,2-Day Shipping,Yes,Yes,2,Cash,Monthly,34.14965986394558,42.68027210884354,37.944720306450655,100.0,Gold,Neutral,Clothing,1
1246,42,Male,Dress,Clothing,31.0,New York,M,Violet,Fall,3.4,No,Standard,Yes,Yes,30,Bank Transfer,Weekly,63.67346938775509,36.31122448979591,49.291087793853826,100.0,Bronze,Neutral,Clothing,1
1247,27,Male,Hoodie,Clothing,60.0,Louisiana,M,Charcoal,Winter,2.7,No,Standard,Yes,Yes,27,Cash,Monthly,54.5578231292517,37.0204081632653,45.11357949596852,100.0,Silver,At Risk,Clothing,1
1248,65,Male,T-shirt,Clothing,99.0,Virginia,M,Charcoal,Spring,3.7,No,Express,Yes,Yes,18,Venmo,Bi-Weekly,33.877551020408156,60.4812925170068,47.35484175977086,100.0,Gold,Neutral,Clothing,1
1249,62,Male,Hat,Accessories,37.0,Wisconsin,XL,Red,Winter,3.0,No,Free Shipping,Yes,Yes,8,Credit Card,Annually,5.714285714285714,18.51190476190477,10.766232108004726,100.0,Bronze,Neutral,Accessories,1
1250,62,Male,Boots,Footwear,50.0,Oregon,M,Peach,Winter,4.5,No,Express,Yes,Yes,48,Venmo,Fortnightly,65.03401360544217,71.13945578231292,68.64873983447782,100.0,Silver,Satisfied,Footwear,1
1251,52,Male,Jeans,Clothing,26.0,New Hampshire,XL,Purple,Winter,4.1,No,Free Shipping,Yes,Yes,24,Cash,Monthly,52.10884353741497,39.479591836734684,45.207879259176806,100.0,Bronze,Satisfied,Clothing,1
1252,56,Male,Shorts,Clothing,86.0,Indiana,XL,Orange,Spring,5.0,No,Next Day Air,Yes,Yes,43,Credit Card,Monthly,67.61904761904762,89.4047619047619,79.7364158074079,100.0,Platinum,Satisfied,Clothing,1
1253,28,Male,Sandals,Footwear,41.0,Massachusetts,L,Magenta,Fall,4.0,No,Standard,Yes,Yes,8,Cash,Quarterly,19.04761904761905,33.511904761904766,25.476967869759214,100.0,Bronze,Satisfied,Footwear,1
1254,39,Male,Sandals,Footwear,23.0,Montana,XL,Red,Winter,4.9,No,Express,Yes,Yes,49,PayPal,Annually,39.183673469387756,65.90306122448979,52.91544179096588,100.0,Bronze,Satisfied,Footwear,1
1255,54,Male,Sneakers,Footwear,56.0,California,XL,Black,Spring,3.3,No,2-Day Shipping,Yes,Yes,2,Credit Card,Bi-Weekly,20.816326530612244,26.34693877551021,22.518956180688356,100.0,Silver,Neutral,Footwear,1
1256,30,Male,Hat,Accessories,68.0,Indiana,M,Peach,Fall,4.1,No,Standard,Yes,Yes,38,Cash,Fortnightly,56.87074829931973,66.50340136054422,62.08092437493027,100.0,Silver,Satisfied,Accessories,1
1257,45,Male,Coat,Outerwear,48.0,West Virginia,S,Olive,Winter,3.6,No,Express,Yes,Yes,4,Cash,Fortnightly,29.115646258503403,28.374149659863956,27.755751006237638,100.0,Bronze,Neutral,Outerwear,1
1258,68,Male,Dress,Clothing,67.0,Minnesota,L,Gold,Spring,3.0,No,Free Shipping,Yes,Yes,31,Cash,Every 3 Months,31.15646258503401,46.65816326530612,38.58135042134979,100.0,Silver,Neutral,Clothing,1
1259,47,Male,Boots,Footwear,87.0,Ohio,XL,Gold,Spring,4.1,No,2-Day Shipping,Yes,Yes,34,Debit Card,Every 3 Months,33.605442176870746,71.69897959183672,53.23451066580252,100.0,Platinum,Satisfied,Footwear,1
1260,68,Male,Skirt,Clothing,64.0,Minnesota,M,Turquoise,Fall,3.9,No,Standard,Yes,Yes,45,Credit Card,Monthly,69.25170068027211,66.93197278911565,68.50123111098041,100.0,Silver,Neutral,Clothing,1
1261,63,Male,Shirt,Clothing,93.0,Virginia,XL,Green,Spring,4.1,No,Store Pickup,Yes,Yes,30,Debit Card,Quarterly,37.006802721088434,71.47789115646258,54.8166275612264,100.0,Platinum,Satisfied,Clothing,1
1262,20,Male,Shirt,Clothing,29.0,Connecticut,L,Maroon,Summer,2.8,No,Next Day Air,Yes,Yes,2,Credit Card,Fortnightly,27.48299319727891,8.430272108843534,16.244095872666776,100.0,Bronze,At Risk,Clothing,1
1263,29,Male,Boots,Footwear,62.0,Tennessee,L,Brown,Winter,4.8,No,Store Pickup,Yes,Yes,44,Venmo,Monthly,68.43537414965986,77.41836734693877,73.71662000443975,100.0,Silver,Satisfied,Footwear,1
1264,41,Male,Hoodie,Clothing,70.0,Delaware,L,Brown,Winter,4.6,No,2-Day Shipping,Yes,Yes,1,Credit Card,Bi-Weekly,20.0,48.83333333333332,34.16960035021796,100.0,Gold,Satisfied,Clothing,1
1265,52,Male,Sweater,Clothing,92.0,Vermont,S,Blue,Winter,2.5,No,Next Day Air,Yes,Yes,1,Venmo,Bi-Weekly,20.0,30.000000000000004,24.069824708607698,100.0,Gold,At Risk,Clothing,1
1266,32,Male,Shirt,Clothing,79.0,Louisiana,M,Lavender,Spring,2.7,No,Next Day Air,Yes,Yes,27,Bank Transfer,Weekly,61.224489795918366,44.93707482993197,52.69239374059822,100.0,Gold,At Risk,Clothing,1
1267,20,Male,Blouse,Clothing,31.0,North Dakota,M,Peach,Fall,4.0,No,Standard,Yes,Yes,14,Debit Card,Every 3 Months,17.278911564625847,33.42687074829932,24.547012829537625,100.0,Bronze,Satisfied,Clothing,1
1268,47,Male,T-shirt,Clothing,83.0,Oregon,S,Gray,Spring,2.7,No,Standard,Yes,Yes,41,Cash,Weekly,72.65306122448979,56.12755102040817,64.40781036709231,100.0,Platinum,At Risk,Clothing,1
1269,23,Male,Jacket,Outerwear,88.0,Idaho,XL,Charcoal,Winter,2.9,No,Next Day Air,Yes,Yes,25,Debit Card,Bi-Weekly,39.59183673469388,49.99319727891155,44.58752043217373,100.0,Gold,At Risk,Outerwear,1
1270,43,Male,Jewelry,Accessories,53.0,Vermont,M,Lavender,Spring,3.0,No,Standard,Yes,Yes,47,PayPal,Quarterly,50.884353741496604,51.7091836734694,51.154013143845354,100.0,Silver,Neutral,Accessories,1
1271,67,Male,Hoodie,Clothing,98.0,West Virginia,M,Green,Fall,3.3,No,Standard,Yes,Yes,20,Cash,Annually,15.51020408163265,56.09183673469388,35.81722925019925,100.0,Gold,Neutral,Clothing,1
1272,70,Male,Jewelry,Accessories,57.0,Kentucky,S,Gray,Spring,4.3,No,Store Pickup,Yes,Yes,42,PayPal,Annually,33.46938775510204,67.3078231292517,50.81163238875981,100.0,Silver,Satisfied,Accessories,1
1273,35,Male,Sandals,Footwear,80.0,Wisconsin,M,Orange,Winter,4.4,No,Express,Yes,Yes,16,Bank Transfer,Monthly,45.57823129251701,60.5374149659864,53.23527875298378,100.0,Gold,Satisfied,Footwear,1
1274,41,Male,Jeans,Clothing,29.0,Mississippi,L,Silver,Spring,4.1,No,Next Day Air,Yes,Yes,32,Credit Card,Every 3 Months,31.972789115646254,46.17176870748298,38.728674257948974,100.0,Bronze,Satisfied,Clothing,1
1275,54,Male,Hat,Accessories,73.0,Missouri,M,Olive,Spring,3.1,No,2-Day Shipping,Yes,Yes,37,PayPal,Quarterly,42.72108843537415,54.57312925170068,48.60823223184171,100.0,Gold,Neutral,Accessories,1
1276,55,Male,Sweater,Clothing,32.0,Arkansas,S,Turquoise,Fall,4.5,No,Standard,Yes,Yes,1,PayPal,Monthly,33.333333333333336,31.666666666666664,31.63027683028412,100.0,Bronze,Satisfied,Clothing,1
1277,51,Male,Boots,Footwear,68.0,Wyoming,L,Turquoise,Spring,4.8,No,Next Day Air,Yes,Yes,37,Bank Transfer,Weekly,69.3877551020408,75.156462585034,72.97981593454556,100.0,Platinum,Satisfied,Footwear,1
1278,19,Male,Blouse,Clothing,97.0,Rhode Island,L,Green,Spring,5.0,No,Express,Yes,Yes,5,Venmo,Quarterly,16.598639455782315,68.13775510204081,42.82132691465583,100.0,Gold,Satisfied,Clothing,1
1279,28,Male,Shorts,Clothing,98.0,Utah,M,Violet,Fall,2.8,No,Next Day Air,Yes,Yes,31,Venmo,Fortnightly,51.156462585034014,56.90816326530611,54.078130969659796,100.0,Platinum,At Risk,Clothing,1
1280,63,Male,Hoodie,Clothing,56.0,Maryland,L,Charcoal,Fall,3.7,No,Express,Yes,Yes,18,Debit Card,Annually,13.877551020408161,42.56462585034014,27.746648118415962,100.0,Silver,Neutral,Clothing,1
1281,30,Male,Pants,Clothing,78.0,Georgia,L,White,Winter,4.4,No,2-Day Shipping,Yes,Yes,39,Venmo,Every 3 Months,37.687074829931966,75.35034013605443,57.233446759584105,100.0,Platinum,Satisfied,Clothing,1
1282,29,Male,Belt,Accessories,81.0,New Jersey,M,Olive,Spring,4.5,No,Store Pickup,Yes,Yes,8,Venmo,Bi-Weekly,25.71428571428572,56.845238095238095,41.32329757322917,100.0,Gold,Satisfied,Accessories,1
1283,24,Male,Shirt,Clothing,68.0,New Hampshire,L,Violet,Winter,3.0,No,Free Shipping,Yes,Yes,20,Venmo,Monthly,48.843537414965986,39.59183673469388,43.6354199122693,100.0,Silver,Neutral,Clothing,1
1284,69,Male,Shirt,Clothing,94.0,Oregon,M,Violet,Winter,3.9,No,2-Day Shipping,Yes,Yes,23,Debit Card,Every 3 Months,24.62585034013605,64.46598639455782,44.86586827788772,100.0,Gold,Neutral,Clothing,1
1285,65,Male,Dress,Clothing,93.0,Arkansas,M,Black,Spring,3.9,No,Express,Yes,Yes,38,PayPal,Fortnightly,56.87074829931973,74.25340136054422,66.23702674072564,100.0,Platinum,Neutral,Clothing,1
1286,64,Male,Gloves,Accessories,99.0,North Carolina,M,Charcoal,Fall,3.5,No,Next Day Air,Yes,Yes,45,Bank Transfer,Fortnightly,62.585034013605444,76.18197278911565,70.12840705295122,100.0,Platinum,Neutral,Accessories,1
1287,40,Male,Gloves,Accessories,49.0,West Virginia,L,Yellow,Winter,4.9,No,Next Day Air,Yes,Yes,44,Debit Card,Fortnightly,61.76870748299319,73.33503401360544,68.19351230633251,100.0,Silver,Satisfied,Accessories,1
1288,24,Male,Jeans,Clothing,28.0,Utah,XL,Blue,Winter,3.4,No,Standard,Yes,Yes,20,PayPal,Monthly,48.843537414965986,28.258503401360546,37.557678818202945,100.0,Bronze,Neutral,Clothing,1
1289,66,Male,Belt,Accessories,93.0,South Dakota,XL,Charcoal,Winter,4.1,No,Standard,Yes,Yes,34,PayPal,Bi-Weekly,46.93877551020408,74.19897959183673,61.24185551498383,100.0,Platinum,Satisfied,Accessories,1
1290,35,Male,Jacket,Outerwear,24.0,New Hampshire,M,Red,Fall,2.9,No,Next Day Air,Yes,Yes,10,PayPal,Weekly,47.3469387755102,13.122448979591834,28.69234832542724,100.0,Bronze,At Risk,Outerwear,1
1291,67,Male,Skirt,Clothing,35.0,Maryland,M,Indigo,Spring,3.4,No,Free Shipping,Yes,Yes,3,PayPal,Annually,1.6326530612244898,19.610544217687075,9.314584561000947,100.0,Bronze,Neutral,Clothing,1
1292,69,Male,Sandals,Footwear,68.0,South Dakota,S,Beige,Spring,3.2,No,2-Day Shipping,Yes,Yes,23,Debit Card,Fortnightly,44.625850340136054,44.29931972789116,44.05106427226965,100.0,Silver,Neutral,Footwear,1
1293,26,Male,Belt,Accessories,61.0,Kentucky,M,Maroon,Summer,3.8,No,Free Shipping,Yes,Yes,42,Bank Transfer,Annually,33.46938775510204,62.307823129251695,48.13027602373053,100.0,Silver,Neutral,Accessories,1
1294,23,Male,Sweater,Clothing,74.0,Florida,XL,Yellow,Fall,4.1,No,Standard,Yes,Yes,30,Debit Card,Annually,23.673469387755098,63.56122448979591,43.90447998326338,100.0,Gold,Satisfied,Clothing,1
1295,27,Male,Shirt,Clothing,64.0,Texas,M,Silver,Summer,4.5,No,Standard,Yes,Yes,21,Cash,Every 3 Months,22.993197278911566,58.605442176870746,40.90670023914934,100.0,Silver,Satisfied,Clothing,1
1296,30,Male,Sneakers,Footwear,60.0,New Mexico,M,Olive,Fall,2.8,No,Standard,Yes,Yes,50,PayPal,Weekly,80.0,53.99999999999999,66.94033526074821,100.0,Silver,At Risk,Footwear,1
1297,48,Male,Jeans,Clothing,29.0,South Dakota,S,Teal,Spring,2.8,No,Express,Yes,Yes,16,Cash,Bi-Weekly,32.244897959183675,17.954081632653054,23.732393710817778,100.0,Bronze,At Risk,Clothing,1
1298,44,Male,Sandals,Footwear,85.0,New Jersey,M,Silver,Summer,4.6,No,Standard,Yes,Yes,32,Venmo,Annually,25.30612244897959,76.17176870748298,51.483479114791294,100.0,Gold,Satisfied,Footwear,1
1299,29,Male,Pants,Clothing,81.0,Indiana,S,Indigo,Summer,3.0,No,Free Shipping,Yes,Yes,14,Bank Transfer,Fortnightly,37.27891156462585,40.92687074829932,38.56904737708154,100.0,Gold,Neutral,Clothing,1
1300,29,Male,Belt,Accessories,23.0,Louisiana,L,Teal,Fall,3.6,No,2-Day Shipping,Yes,Yes,42,Venmo,Bi-Weekly,53.46938775510204,43.8078231292517,48.209257473122214,100.0,Bronze,Neutral,Accessories,1
1301,67,Male,T-shirt,Clothing,100.0,West Virginia,M,Charcoal,Spring,4.5,No,Next Day Air,Yes,Yes,47,Credit Card,Every 3 Months,44.21768707482993,91.29251700680273,69.04808436699379,100.0,Platinum,Satisfied,Clothing,1
1302,42,Male,Shirt,Clothing,54.0,Maine,M,Orange,Fall,5.0,No,Express,Yes,Yes,21,Debit Card,Weekly,56.326530612244895,61.10544217687075,58.914045088330646,100.0,Silver,Satisfied,Clothing,1
1303,23,Male,Sneakers,Footwear,25.0,Idaho,M,Gold,Fall,2.9,No,Next Day Air,Yes,Yes,37,Credit Card,Monthly,62.72108843537415,31.906462585034006,46.45275004370899,100.0,Bronze,At Risk,Footwear,1
1304,34,Male,Blouse,Clothing,32.0,New York,L,Silver,Summer,3.1,No,Next Day Air,Yes,Yes,10,Credit Card,Annually,7.346938775510203,19.122448979591844,11.90997596346238,100.0,Bronze,Neutral,Clothing,1
1305,64,Male,Backpack,Accessories,63.0,Montana,S,Orange,Spring,4.0,No,2-Day Shipping,Yes,Yes,18,PayPal,Every 3 Months,20.544217687074827,49.4812925170068,34.789191090039786,100.0,Silver,Satisfied,Accessories,1
1306,31,Male,Pants,Clothing,56.0,Mississippi,XL,Peach,Spring,4.5,No,Express,Yes,Yes,2,PayPal,Every 3 Months,7.482993197278912,42.3469387755102,24.432629882115364,100.0,Silver,Satisfied,Clothing,1
1307,54,Male,Sweater,Clothing,33.0,Alaska,L,Brown,Winter,4.5,No,Next Day Air,Yes,Yes,40,PayPal,Annually,31.83673469387755,58.613945578231295,45.33302907650483,100.0,Bronze,Satisfied,Clothing,1
1308,23,Male,Coat,Outerwear,32.0,Missouri,L,Black,Summer,3.1,No,Express,Yes,Yes,43,PayPal,Annually,34.285714285714285,41.57142857142858,37.41810658196116,100.0,Bronze,Neutral,Outerwear,1
1309,59,Male,Dress,Clothing,38.0,Rhode Island,L,Red,Summer,4.4,No,Next Day Air,Yes,Yes,14,Credit Card,Every 3 Months,17.278911564625847,41.67687074829933,28.97125083183594,100.0,Bronze,Satisfied,Clothing,1
1310,32,Male,Blouse,Clothing,21.0,Hawaii,L,Lavender,Summer,4.7,No,Store Pickup,Yes,Yes,41,Cash,Quarterly,45.98639455782313,56.96088435374149,51.521369761263855,100.0,Bronze,Satisfied,Clothing,1
1311,43,Male,Hoodie,Clothing,59.0,South Carolina,L,Brown,Winter,3.1,No,Store Pickup,Yes,Yes,38,Credit Card,Every 3 Months,36.87074829931973,49.42006802721088,42.91962346108025,100.0,Silver,Neutral,Clothing,1
1312,32,Male,Shoes,Footwear,87.0,Tennessee,M,Maroon,Fall,4.2,No,Express,Yes,Yes,12,Venmo,Annually,8.979591836734695,58.066326530612244,33.61078528414447,100.0,Gold,Satisfied,Footwear,1
1313,66,Male,T-shirt,Clothing,79.0,Missouri,M,Violet,Winter,3.0,No,Store Pickup,Yes,Yes,19,Bank Transfer,Monthly,48.02721088435374,43.494897959183675,45.320356258440114,100.0,Gold,Neutral,Clothing,1
1314,70,Male,Shoes,Footwear,28.0,Missouri,M,Lavender,Summer,3.8,No,Free Shipping,Yes,Yes,23,Credit Card,Bi-Weekly,37.95918367346939,35.63265306122449,36.07004657288558,100.0,Bronze,Neutral,Footwear,1
1315,42,Male,Boots,Footwear,67.0,Missouri,S,Magenta,Summer,3.4,No,Free Shipping,Yes,Yes,49,Debit Card,Annually,39.183673469387756,64.23639455782312,52.02165633595611,100.0,Silver,Neutral,Footwear,1
1316,56,Male,Shorts,Clothing,75.0,Mississippi,L,Green,Spring,4.2,No,2-Day Shipping,Yes,Yes,29,Debit Card,Quarterly,36.1904761904762,64.63095238095238,50.73664772258428,100.0,Gold,Satisfied,Clothing,1
1317,28,Male,Belt,Accessories,32.0,Arkansas,S,Lavender,Spring,4.6,No,Standard,Yes,Yes,14,Debit Card,Bi-Weekly,30.612244897959183,41.84353741496597,35.727296044003566,100.0,Bronze,Satisfied,Accessories,1
1318,28,Male,Pants,Clothing,43.0,Kentucky,M,Green,Spring,2.8,No,Free Shipping,Yes,Yes,19,Cash,Monthly,48.02721088435374,25.828231292517,35.84623043533667,100.0,Bronze,At Risk,Clothing,1
1319,52,Male,Shorts,Clothing,93.0,Connecticut,M,Maroon,Spring,2.7,No,Express,Yes,Yes,19,Credit Card,Bi-Weekly,34.69387755102041,45.32823129251701,39.63685359228418,100.0,Gold,At Risk,Clothing,1
1320,65,Male,Sunglasses,Accessories,24.0,Oklahoma,M,Magenta,Spring,4.0,No,Standard,Yes,Yes,48,Bank Transfer,Weekly,78.36734693877551,53.63945578231293,65.93065922354204,100.0,Bronze,Satisfied,Accessories,1
1321,56,Male,Hat,Accessories,31.0,California,XL,Teal,Fall,3.1,No,Free Shipping,Yes,Yes,19,Debit Card,Annually,14.693877551020407,24.82823129251701,18.643292495664156,100.0,Bronze,Neutral,Accessories,1
1322,59,Male,T-shirt,Clothing,84.0,Missouri,L,Orange,Winter,3.7,No,Express,Yes,Yes,45,Bank Transfer,Every 3 Months,42.58503401360544,72.5986394557823,58.20676832468023,100.0,Platinum,Neutral,Clothing,1
1323,23,Male,Pants,Clothing,74.0,Washington,M,Violet,Winter,4.0,No,Next Day Air,Yes,Yes,17,Bank Transfer,Quarterly,26.39455782312925,53.3843537414966,39.80746076954394,100.0,Gold,Satisfied,Clothing,1
1324,58,Male,Shorts,Clothing,62.0,New York,M,Yellow,Spring,4.6,No,Standard,Yes,Yes,15,Debit Card,Every 3 Months,18.09523809523809,55.02380952380951,36.536993945016114,100.0,Silver,Satisfied,Clothing,1
1325,39,Male,Jewelry,Accessories,77.0,Indiana,S,Orange,Summer,3.8,No,Free Shipping,Yes,Yes,11,Credit Card,Fortnightly,34.82993197278911,47.88605442176871,41.07656786881616,100.0,Gold,Neutral,Accessories,1
1326,28,Male,Backpack,Accessories,73.0,Oregon,L,Gold,Summer,3.5,No,Express,Yes,Yes,1,Cash,Monthly,33.333333333333336,35.41666666666667,33.64129410405609,100.0,Gold,Neutral,Accessories,1
1327,40,Male,Shoes,Footwear,50.0,Texas,M,Indigo,Spring,3.8,No,Free Shipping,Yes,Yes,17,Cash,Monthly,46.394557823129254,40.71768707482993,43.01469131146977,100.0,Silver,Neutral,Footwear,1
1328,52,Male,Coat,Outerwear,40.0,Florida,M,Turquoise,Winter,2.8,No,Standard,Yes,Yes,37,Cash,Weekly,69.3877551020408,36.82312925170068,52.42275046932111,100.0,Bronze,At Risk,Outerwear,1
1329,37,Male,Sweater,Clothing,97.0,Rhode Island,M,Orange,Winter,3.7,No,Standard,Yes,Yes,40,Bank Transfer,Weekly,71.83673469387755,74.6139455782313,73.91336944459852,100.0,Platinum,Neutral,Clothing,1
1330,70,Male,Gloves,Accessories,63.0,Texas,M,Indigo,Fall,3.3,No,Express,Yes,Yes,50,PayPal,Every 3 Months,46.666666666666664,61.916666666666664,54.519149505377904,100.0,Silver,Neutral,Accessories,1
1331,30,Male,Handbag,Accessories,65.0,Vermont,M,Charcoal,Fall,2.9,No,Standard,Yes,Yes,20,PayPal,Bi-Weekly,35.51020408163265,37.008503401360535,35.5833857903375,100.0,Silver,At Risk,Accessories,1
1332,38,Male,Socks,Clothing,91.0,Maryland,M,Lavender,Spring,3.2,No,Standard,Yes,Yes,8,PayPal,Bi-Weekly,25.71428571428572,43.67857142857143,34.262392478652075,100.0,Gold,Neutral,Clothing,1
1333,66,Male,Hoodie,Clothing,60.0,Alaska,S,Gold,Spring,4.3,No,Store Pickup,Yes,Yes,16,Bank Transfer,Quarterly,25.578231292517007,50.87074829931972,38.05132311392717,100.0,Silver,Satisfied,Clothing,1
1334,29,Male,Pants,Clothing,69.0,Idaho,M,Lavender,Winter,2.7,No,Next Day Air,Yes,Yes,9,Bank Transfer,Quarterly,19.863945578231295,28.525510204081634,23.21107097783206,100.0,Gold,At Risk,Clothing,1
1335,46,Male,Coat,Outerwear,52.0,West Virginia,S,White,Spring,3.8,No,Store Pickup,Yes,Yes,12,Venmo,Monthly,42.312925170068034,38.14965986394558,39.596715763444536,100.0,Silver,Neutral,Outerwear,1
1336,56,Male,Boots,Footwear,49.0,Nevada,M,Lavender,Fall,4.8,No,2-Day Shipping,Yes,Yes,26,Credit Card,Weekly,60.408163265306115,59.756802721088434,60.23162481708294,100.0,Silver,Satisfied,Footwear,1
1337,23,Male,Sneakers,Footwear,85.0,Oregon,M,Charcoal,Spring,4.8,No,Store Pickup,Yes,Yes,44,Debit Card,Fortnightly,61.76870748299319,87.0017006802721,75.52255303741254,100.0,Platinum,Satisfied,Footwear,1
1338,37,Male,Sweater,Clothing,86.0,Tennessee,L,Silver,Spring,3.4,No,Express,Yes,Yes,19,Credit Card,Bi-Weekly,34.69387755102041,51.74489795918367,43.07792759407175,100.0,Gold,Neutral,Clothing,1
1339,56,Male,Handbag,Accessories,51.0,Alabama,S,Yellow,Winter,2.6,No,Standard,Yes,Yes,43,PayPal,Fortnightly,60.952380952380956,42.82142857142857,51.421779006551816,100.0,Silver,At Risk,Accessories,1
1340,36,Male,Belt,Accessories,56.0,Indiana,L,Olive,Winter,5.0,No,Next Day Air,Yes,Yes,5,Bank Transfer,Every 3 Months,9.931972789115646,51.05442176870748,30.32669266747247,100.0,Silver,Satisfied,Accessories,1
1341,40,Male,Belt,Accessories,72.0,Idaho,M,Peach,Fall,4.4,No,Next Day Air,Yes,Yes,5,Debit Card,Every 3 Months,9.931972789115646,49.72108843537416,29.611664303464675,100.0,Gold,Satisfied,Accessories,1
1342,26,Male,Hoodie,Clothing,27.0,Rhode Island,XL,Yellow,Fall,3.7,No,Standard,Yes,Yes,31,Bank Transfer,Quarterly,37.823129251700685,39.32482993197279,37.98202775264019,100.0,Bronze,Neutral,Clothing,1
1343,57,Male,Sunglasses,Accessories,43.0,Arizona,XL,Yellow,Summer,3.4,No,2-Day Shipping,Yes,Yes,11,Bank Transfer,Monthly,41.49659863945578,28.38605442176871,33.95261137853532,100.0,Bronze,Neutral,Accessories,1
1344,68,Male,Sneakers,Footwear,56.0,Florida,M,Indigo,Spring,3.4,No,Standard,Yes,Yes,34,Bank Transfer,Monthly,60.27210884353742,49.44897959183674,54.635808174755596,100.0,Silver,Neutral,Footwear,1
1345,56,Male,T-shirt,Clothing,37.0,New York,S,Violet,Fall,4.9,No,Next Day Air,Yes,Yes,14,Cash,Annually,10.612244897959183,47.92687074829932,28.98961295478919,100.0,Bronze,Satisfied,Clothing,1
1346,40,Male,Dress,Clothing,21.0,Nebraska,M,White,Fall,3.6,No,Standard,Yes,Yes,42,Venmo,Weekly,73.46938775510203,42.974489795918366,57.76236474561733,100.0,Bronze,Neutral,Clothing,1
1347,44,Male,Hoodie,Clothing,91.0,Mississippi,L,White,Winter,3.0,No,Free Shipping,Yes,Yes,15,Venmo,Bi-Weekly,31.428571428571427,45.773809523809526,38.24315133637863,100.0,Gold,Neutral,Clothing,1
1348,44,Male,Sweater,Clothing,95.0,Vermont,M,Cyan,Summer,3.9,No,2-Day Shipping,Yes,Yes,47,Bank Transfer,Monthly,70.8843537414966,81.20918367346938,76.97401569751807,100.0,Platinum,Neutral,Clothing,1
1349,19,Male,Belt,Accessories,54.0,Nebraska,XL,Purple,Spring,3.2,No,Standard,Yes,Yes,23,Credit Card,Fortnightly,44.625850340136054,38.46598639455783,40.9228151797355,100.0,Silver,Neutral,Accessories,1
1350,21,Male,Socks,Clothing,36.0,South Carolina,XL,Black,Spring,3.2,No,Next Day Air,Yes,Yes,23,Cash,Bi-Weekly,37.95918367346939,30.96598639455783,33.567447298858255,100.0,Bronze,Neutral,Clothing,1
1351,31,Male,Sunglasses,Accessories,71.0,Delaware,M,Orange,Fall,4.3,No,Next Day Air,Yes,Yes,1,Cash,Every 3 Months,6.666666666666667,45.25,25.58129495528032,100.0,Gold,Satisfied,Accessories,1
1352,30,Male,Coat,Outerwear,31.0,Vermont,L,Maroon,Summer,2.8,No,2-Day Shipping,Yes,Yes,28,Bank Transfer,Quarterly,35.374149659863946,26.95068027210884,30.12163696626161,100.0,Bronze,At Risk,Outerwear,1
1353,65,Male,Hat,Accessories,89.0,Indiana,XL,Orange,Spring,4.5,No,Next Day Air,Yes,Yes,37,Credit Card,Bi-Weekly,49.38775510204081,79.906462585034,65.52710448132338,100.0,Platinum,Satisfied,Accessories,1
1354,39,Male,Pants,Clothing,83.0,Oregon,M,Teal,Winter,4.1,No,Next Day Air,Yes,Yes,4,Cash,Every 3 Months,9.115646258503402,49.624149659863946,29.15151555761205,100.0,Gold,Satisfied,Clothing,1
1355,64,Male,Backpack,Accessories,42.0,Maryland,M,Gray,Spring,3.6,No,2-Day Shipping,Yes,Yes,21,Bank Transfer,Quarterly,29.659863945578234,37.43877551020409,32.888958293858735,100.0,Bronze,Neutral,Accessories,1
1356,59,Male,Shorts,Clothing,91.0,Florida,M,Blue,Summer,3.0,No,2-Day Shipping,Yes,Yes,50,PayPal,Bi-Weekly,60.00000000000001,69.58333333333334,65.29722926508947,100.0,Platinum,Neutral,Clothing,1
1357,49,Male,Jacket,Outerwear,61.0,Indiana,M,Cyan,Spring,4.0,No,Free Shipping,Yes,Yes,34,Bank Transfer,Annually,26.93877551020408,59.532312925170075,43.37654351089796,100.0,Silver,Satisfied,Outerwear,1
1358,24,Male,Backpack,Accessories,66.0,Texas,S,Red,Summer,3.5,No,Next Day Air,Yes,Yes,20,Cash,Quarterly,28.843537414965986,45.425170068027214,36.763669004803454,100.0,Silver,Neutral,Accessories,1
1359,19,Male,Scarf,Accessories,22.0,Nebraska,XL,Pink,Spring,2.5,No,Store Pickup,Yes,Yes,25,Venmo,Every 3 Months,26.258503401360546,17.15986394557823,20.313280301814828,100.0,Bronze,At Risk,Accessories,1
1360,27,Male,Hoodie,Clothing,68.0,North Carolina,S,Cyan,Winter,4.3,No,Store Pickup,Yes,Yes,26,Bank Transfer,Fortnightly,47.074829931972786,61.00680272108843,54.2352972416736,100.0,Silver,Satisfied,Clothing,1
1361,56,Male,Skirt,Clothing,43.0,Alabama,L,Black,Fall,2.8,No,Express,Yes,Yes,4,Bank Transfer,Annually,2.4489795918367347,15.624149659863939,7.584958942079645,100.0,Bronze,At Risk,Clothing,1
1362,49,Male,Dress,Clothing,32.0,Alabama,M,Beige,Fall,3.7,No,Next Day Air,Yes,Yes,39,Debit Card,Monthly,64.35374149659864,46.85034013605443,55.28304881225059,100.0,Bronze,Neutral,Clothing,1
1363,41,Male,Coat,Outerwear,46.0,Colorado,M,Gray,Fall,4.3,No,Express,Yes,Yes,29,Cash,Weekly,62.857142857142854,53.88095238095239,58.305064871104676,100.0,Silver,Satisfied,Outerwear,1
1364,36,Male,Blouse,Clothing,90.0,Wisconsin,L,Red,Summer,4.0,No,Express,Yes,Yes,47,PayPal,Quarterly,50.884353741496604,80.45918367346938,66.57181224276368,100.0,Platinum,Satisfied,Clothing,1
1365,68,Male,Hat,Accessories,75.0,Delaware,L,Yellow,Fall,4.7,No,Express,Yes,Yes,5,Cash,Every 3 Months,9.931972789115646,54.97108843537415,32.427088486745404,100.0,Gold,Satisfied,Accessories,1
1366,28,Male,Handbag,Accessories,69.0,Indiana,M,Magenta,Winter,4.5,No,Store Pickup,Yes,Yes,18,Bank Transfer,Fortnightly,40.54421768707483,58.64795918367347,49.705011092593466,100.0,Silver,Satisfied,Accessories,1
1367,45,Male,Belt,Accessories,40.0,Iowa,M,Magenta,Fall,3.1,No,Free Shipping,Yes,Yes,10,Credit Card,Fortnightly,34.01360544217687,22.455782312925177,27.030880206815226,100.0,Bronze,Neutral,Accessories,1
1368,60,Male,Belt,Accessories,63.0,Iowa,S,Black,Fall,3.8,No,Express,Yes,Yes,25,Cash,Quarterly,32.925170068027214,51.576530612244895,42.10328328109968,100.0,Silver,Neutral,Accessories,1
1369,21,Male,Shirt,Clothing,36.0,Wisconsin,L,Orange,Summer,4.9,No,Express,Yes,Yes,2,Cash,Weekly,40.81632653061224,39.34693877551021,39.490482729764466,100.0,Bronze,Satisfied,Clothing,1
1370,32,Male,Shoes,Footwear,75.0,Iowa,M,Green,Winter,3.2,No,Standard,Yes,Yes,48,Venmo,Fortnightly,65.03401360544217,64.22278911564626,64.93953019618732,100.0,Platinum,Neutral,Footwear,1
1371,27,Male,Scarf,Accessories,67.0,Montana,L,Peach,Summer,3.8,No,2-Day Shipping,Yes,Yes,41,Bank Transfer,Every 3 Months,39.31972789115646,64.12755102040816,52.03131388447248,100.0,Silver,Neutral,Accessories,1
1372,40,Male,Pants,Clothing,64.0,Mississippi,M,Charcoal,Spring,2.8,No,Store Pickup,Yes,Yes,42,Credit Card,Monthly,66.80272108843538,50.22448979591836,58.31699814157645,100.0,Silver,At Risk,Clothing,1
1373,64,Male,Blouse,Clothing,61.0,Michigan,M,Gray,Fall,4.0,No,2-Day Shipping,Yes,Yes,44,PayPal,Bi-Weekly,55.10204081632652,66.33503401360544,61.106280061958195,100.0,Silver,Satisfied,Clothing,1
1374,18,Male,Gloves,Accessories,40.0,Virginia,L,Turquoise,Winter,2.6,No,Store Pickup,Yes,Yes,6,Cash,Quarterly,17.41496598639456,13.068027210884352,13.697177099685431,100.0,Bronze,At Risk,Accessories,1
1375,22,Male,Handbag,Accessories,97.0,New York,M,Red,Fall,2.7,No,Free Shipping,Yes,Yes,5,Bank Transfer,Quarterly,16.598639455782315,37.47108843537415,26.37567454247627,100.0,Gold,At Risk,Accessories,1
1376,42,Male,Sneakers,Footwear,31.0,Maine,L,Brown,Spring,4.1,No,2-Day Shipping,Yes,Yes,8,Credit Card,Annually,5.714285714285714,30.678571428571423,17.290865929575954,100.0,Bronze,Satisfied,Footwear,1
1377,57,Male,Sandals,Footwear,65.0,New Jersey,L,Pink,Spring,5.0,No,Free Shipping,Yes,Yes,24,PayPal,Annually,18.775510204081634,67.72959183673468,43.69087605492554,100.0,Silver,Satisfied,Footwear,1
1378,33,Male,Sunglasses,Accessories,54.0,Maryland,L,Olive,Spring,3.0,No,Next Day Air,Yes,Yes,42,Venmo,Monthly,66.80272108843538,48.724489795918366,57.51259123206766,100.0,Silver,Neutral,Accessories,1
1379,37,Male,Jacket,Outerwear,49.0,Kentucky,XL,Lavender,Fall,3.6,No,Free Shipping,Yes,Yes,24,Venmo,Weekly,58.77551020408163,42.39625850340136,50.105337138777216,100.0,Silver,Neutral,Outerwear,1
1380,21,Male,T-shirt,Clothing,64.0,Minnesota,L,Purple,Fall,2.8,No,2-Day Shipping,Yes,Yes,38,Venmo,Bi-Weekly,50.204081632653065,47.50340136054421,48.558436854485684,100.0,Silver,At Risk,Clothing,1
1381,51,Male,Sneakers,Footwear,35.0,Massachusetts,S,Beige,Winter,4.6,No,Standard,Yes,Yes,41,Cash,Fortnightly,59.31972789115646,61.460884353741484,60.60125715645685,100.0,Bronze,Satisfied,Footwear,1
1382,30,Male,Shoes,Footwear,86.0,Illinois,L,Green,Winter,2.9,No,Standard,Yes,Yes,48,Venmo,Quarterly,51.70068027210885,64.80612244897958,58.58568843877408,100.0,Platinum,At Risk,Footwear,1
1383,68,Male,Jacket,Outerwear,55.0,Michigan,L,Brown,Winter,4.8,No,Express,Yes,Yes,16,Bank Transfer,Quarterly,25.578231292517007,55.45408163265305,40.509233115204005,100.0,Silver,Satisfied,Outerwear,1
1384,36,Male,Scarf,Accessories,58.0,Wisconsin,M,Beige,Spring,3.3,No,Express,Yes,Yes,4,Venmo,Monthly,35.782312925170075,28.540816326530617,31.178462885071944,100.0,Silver,Neutral,Accessories,1
1385,46,Male,Sneakers,Footwear,96.0,Alaska,M,Beige,Fall,4.6,No,Standard,Yes,Yes,8,Bank Transfer,Weekly,45.714285714285715,64.42857142857143,55.39002139352357,100.0,Platinum,Satisfied,Footwear,1
1386,41,Male,Jewelry,Accessories,64.0,Mississippi,M,Indigo,Fall,2.6,No,Store Pickup,Yes,Yes,1,Bank Transfer,Bi-Weekly,20.0,19.666666666666668,18.528354887547195,100.0,Gold,At Risk,Accessories,1
1387,68,Male,Jacket,Outerwear,56.0,Oregon,M,Silver,Fall,4.0,No,Next Day Air,Yes,Yes,4,Debit Card,Quarterly,15.782312925170071,37.04081632653061,25.736768705621714,100.0,Silver,Satisfied,Outerwear,1
1388,21,Male,Blouse,Clothing,85.0,Maryland,M,Gold,Winter,3.8,No,Standard,Yes,Yes,20,Credit Card,Monthly,48.843537414965986,57.34183673469387,53.154235008123216,100.0,Platinum,Neutral,Clothing,1
1389,62,Male,Dress,Clothing,23.0,Arkansas,M,Lavender,Spring,3.9,No,Express,Yes,Yes,40,Cash,Quarterly,45.17006802721089,46.447278911564624,45.47506192160026,100.0,Bronze,Neutral,Clothing,1
1390,59,Male,Scarf,Accessories,72.0,Illinois,L,Orange,Fall,2.6,No,Store Pickup,Yes,Yes,8,Debit Card,Fortnightly,32.38095238095238,27.761904761904766,29.060074716642216,100.0,Gold,At Risk,Accessories,1
1391,25,Male,Hat,Accessories,38.0,Arkansas,M,Maroon,Summer,4.3,No,Standard,Yes,Yes,42,Debit Card,Weekly,73.46938775510203,59.39115646258504,66.56615147746345,100.0,Silver,Satisfied,Accessories,1
1392,53,Male,Blouse,Clothing,29.0,Mississippi,S,White,Winter,3.6,No,Express,Yes,Yes,38,Credit Card,Annually,30.20408163265306,43.58673469387755,36.458041035212766,100.0,Bronze,Neutral,Clothing,1
1393,31,Male,Gloves,Accessories,46.0,Arkansas,M,Yellow,Spring,4.2,No,Express,Yes,Yes,34,Venmo,Every 3 Months,33.605442176870746,55.94897959183673,44.78823811596031,100.0,Silver,Satisfied,Accessories,1
1394,46,Male,Gloves,Accessories,58.0,Idaho,L,Yellow,Spring,3.9,No,Express,Yes,Yes,14,PayPal,Fortnightly,37.27891156462585,43.343537414965986,39.86503628684569,100.0,Silver,Neutral,Accessories,1
1395,26,Male,Coat,Outerwear,43.0,Iowa,L,Magenta,Fall,4.7,No,Next Day Air,Yes,Yes,39,Cash,Weekly,71.02040816326529,64.76700680272108,68.2245757869388,100.0,Silver,Satisfied,Outerwear,1
1396,47,Male,Scarf,Accessories,32.0,West Virginia,L,Turquoise,Spring,2.8,No,Next Day Air,Yes,Yes,40,PayPal,Bi-Weekly,51.83673469387755,35.53061224489795,42.95410052461966,100.0,Bronze,At Risk,Accessories,1
1397,37,Male,Pants,Clothing,30.0,Wisconsin,XL,Lavender,Winter,3.0,No,Next Day Air,Yes,Yes,49,Debit Card,Monthly,72.51700680272108,43.486394557823125,57.56069408775129,100.0,Bronze,Neutral,Clothing,1
1398,55,Male,Sunglasses,Accessories,67.0,Massachusetts,S,Magenta,Summer,4.7,No,Store Pickup,Yes,Yes,33,PayPal,Annually,26.122448979591834,70.68537414965986,48.94944658636122,100.0,Silver,Satisfied,Accessories,1
1399,30,Male,Dress,Clothing,45.0,Texas,M,Cyan,Summer,2.5,No,Free Shipping,Yes,Yes,25,Credit Card,Weekly,59.591836734693885,26.743197278911563,42.11921333478761,100.0,Silver,At Risk,Clothing,1
1400,19,Male,Hat,Accessories,81.0,Nebraska,M,Olive,Winter,3.1,No,Store Pickup,Yes,Yes,48,Venmo,Annually,38.36734693877551,65.38945578231292,52.23184668136083,100.0,Gold,Neutral,Accessories,1
1401,36,Male,Backpack,Accessories,23.0,Nevada,M,Red,Fall,3.6,No,Next Day Air,Yes,Yes,22,Credit Card,Every 3 Months,23.809523809523807,30.20238095238096,26.08311770433508,100.0,Bronze,Neutral,Accessories,1
1402,23,Male,Sandals,Footwear,59.0,Indiana,M,Blue,Fall,3.5,No,2-Day Shipping,Yes,Yes,1,PayPal,Weekly,40.0,29.58333333333334,33.84637834485526,100.0,Silver,Neutral,Footwear,1
1403,62,Male,Sunglasses,Accessories,21.0,North Dakota,L,White,Summer,3.1,No,Express,Yes,Yes,47,PayPal,Monthly,70.8843537414966,39.70918367346939,54.71875786777509,100.0,Bronze,Neutral,Accessories,1
1404,26,Male,Backpack,Accessories,20.0,Georgia,M,Peach,Spring,3.6,No,Store Pickup,Yes,Yes,20,Credit Card,Bi-Weekly,35.51020408163265,27.59183673469388,30.533497969532377,100.0,Bronze,Neutral,Accessories,1
1405,36,Male,Jewelry,Accessories,28.0,New Mexico,M,Charcoal,Winter,3.5,No,Next Day Air,Yes,Yes,10,Debit Card,Weekly,47.3469387755102,22.789115646258505,33.876303964483846,100.0,Bronze,Neutral,Accessories,1
1406,33,Male,Socks,Clothing,100.0,New Hampshire,M,Peach,Winter,2.7,No,Store Pickup,Yes,Yes,39,Credit Card,Monthly,64.35374149659864,61.85034013605443,63.327117907338405,100.0,Platinum,At Risk,Clothing,1
1407,32,Male,Shirt,Clothing,46.0,Washington,L,Turquoise,Spring,3.6,No,Express,Yes,Yes,15,Debit Card,Monthly,44.761904761904766,35.02380952380953,39.144901818232356,100.0,Bronze,Neutral,Clothing,1
1408,56,Male,Handbag,Accessories,61.0,Nevada,XL,Charcoal,Spring,4.5,No,Express,Yes,Yes,11,Credit Card,Annually,8.16326530612245,50.55272108843537,29.17329126349844,100.0,Silver,Satisfied,Accessories,1
1409,58,Male,Blouse,Clothing,58.0,Maine,M,Yellow,Winter,4.1,No,Free Shipping,Yes,Yes,38,Venmo,Weekly,70.20408163265306,62.33673469387754,66.51312740407253,100.0,Silver,Satisfied,Clothing,1
1410,34,Male,Backpack,Accessories,50.0,Idaho,M,Blue,Spring,4.2,No,Standard,Yes,Yes,41,Cash,Fortnightly,59.31972789115646,62.37755102040816,61.092839156712245,100.0,Silver,Satisfied,Accessories,1
1411,61,Male,Hat,Accessories,93.0,Tennessee,M,Purple,Summer,4.0,No,Store Pickup,Yes,Yes,18,Debit Card,Annually,13.877551020408161,61.9812925170068,38.15924866927964,100.0,Gold,Satisfied,Accessories,1
1412,48,Male,Skirt,Clothing,24.0,Louisiana,L,Green,Summer,2.8,No,Store Pickup,Yes,Yes,13,Venmo,Quarterly,23.129251700680275,13.829931972789112,16.962907593404175,100.0,Bronze,At Risk,Clothing,1
1413,25,Male,Shorts,Clothing,100.0,Michigan,M,Charcoal,Summer,2.6,No,2-Day Shipping,Yes,Yes,43,Venmo,Annually,34.285714285714285,63.23809523809524,49.037317497088026,100.0,Gold,At Risk,Clothing,1
1414,51,Male,Blouse,Clothing,79.0,New Hampshire,S,Indigo,Fall,2.7,No,Store Pickup,Yes,Yes,12,Bank Transfer,Quarterly,22.31292517006803,34.73299319727891,27.764455580674525,100.0,Gold,At Risk,Clothing,1
1415,29,Male,Socks,Clothing,51.0,Minnesota,M,Black,Summer,4.5,No,Store Pickup,Yes,Yes,3,Credit Card,Bi-Weekly,21.63265306122449,40.94387755102041,30.755038385125854,100.0,Silver,Satisfied,Clothing,1
1416,54,Male,Belt,Accessories,90.0,Illinois,M,Blue,Winter,3.7,No,Free Shipping,Yes,Yes,12,Credit Card,Every 3 Months,15.646258503401361,52.64965986394557,34.039315888696095,100.0,Gold,Neutral,Accessories,1
1417,48,Male,Boots,Footwear,56.0,Idaho,L,Silver,Summer,3.4,No,Free Shipping,Yes,Yes,46,Cash,Quarterly,50.068027210884345,57.61224489795919,53.91149203602787,100.0,Silver,Neutral,Footwear,1
1418,62,Male,Shorts,Clothing,25.0,Montana,S,Brown,Spring,4.6,No,Standard,Yes,Yes,21,Debit Card,Fortnightly,42.993197278911566,43.68877551020407,42.90732041681199,100.0,Bronze,Satisfied,Clothing,1
1419,18,Male,Shirt,Clothing,75.0,Alabama,M,Violet,Summer,4.1,No,2-Day Shipping,Yes,Yes,23,Venmo,Every 3 Months,24.62585034013605,59.21598639455782,42.05044409460699,100.0,Gold,Satisfied,Clothing,1
1420,43,Male,Handbag,Accessories,75.0,Montana,M,Orange,Summer,2.6,No,Free Shipping,Yes,Yes,4,Debit Card,Quarterly,15.782312925170071,26.290816326530614,19.971852520808774,100.0,Gold,At Risk,Accessories,1
1421,22,Male,Jeans,Clothing,53.0,California,XL,Gray,Summer,4.6,No,Store Pickup,Yes,Yes,45,PayPal,Every 3 Months,42.58503401360544,71.68197278911563,57.71518632442487,100.0,Silver,Satisfied,Clothing,1
1422,68,Male,Dress,Clothing,100.0,Pennsylvania,S,Gold,Spring,3.0,No,Standard,Yes,Yes,24,Bank Transfer,Fortnightly,45.4421768707483,55.64625850340137,50.544264839438135,100.0,Platinum,Neutral,Clothing,1
1423,44,Male,Dress,Clothing,27.0,Texas,L,Charcoal,Fall,3.4,No,Free Shipping,Yes,Yes,3,PayPal,Bi-Weekly,21.63265306122449,16.277210884353742,17.52701365098143,100.0,Bronze,Neutral,Clothing,1
1424,51,Male,Sandals,Footwear,60.0,Michigan,S,Black,Fall,3.5,No,Free Shipping,Yes,Yes,12,Venmo,Every 3 Months,15.646258503401361,37.482993197278915,25.905868248107293,100.0,Silver,Neutral,Footwear,1
1425,66,Male,Jacket,Outerwear,23.0,Connecticut,S,Indigo,Fall,3.5,No,Standard,Yes,Yes,34,Bank Transfer,Every 3 Months,33.605442176870746,37.03231292517007,34.64377320159955,100.0,Bronze,Neutral,Outerwear,1
1426,59,Male,Coat,Outerwear,40.0,Wyoming,S,White,Winter,3.7,No,Next Day Air,Yes,Yes,39,Credit Card,Annually,31.0204081632653,50.183673469387756,40.403953055603424,100.0,Bronze,Neutral,Outerwear,1
1427,60,Male,Pants,Clothing,38.0,Michigan,M,Yellow,Summer,4.8,No,Free Shipping,Yes,Yes,35,PayPal,Every 3 Months,34.42176870748298,61.295918367346935,48.06381104509365,100.0,Bronze,Satisfied,Clothing,1
1428,31,Male,Backpack,Accessories,90.0,South Dakota,S,Orange,Summer,4.9,No,Store Pickup,Yes,Yes,8,Credit Card,Annually,5.714285714285714,65.92857142857143,36.19442830303235,100.0,Gold,Satisfied,Accessories,1
1429,20,Male,Blouse,Clothing,97.0,North Dakota,S,Green,Summer,4.9,No,Express,Yes,Yes,42,PayPal,Quarterly,46.802721088435376,91.97448979591837,70.70632378957092,100.0,Platinum,Satisfied,Clothing,1
1430,24,Male,Skirt,Clothing,38.0,Maryland,L,Gold,Fall,4.7,No,Standard,Yes,Yes,6,Credit Card,Every 3 Months,10.748299319727892,40.23469387755102,24.932546683011157,100.0,Bronze,Satisfied,Clothing,1
1431,48,Male,Sandals,Footwear,30.0,Michigan,S,Orange,Summer,4.9,No,Free Shipping,Yes,Yes,3,Credit Card,Fortnightly,28.29931972789116,37.52721088435374,32.256111535689186,100.0,Bronze,Satisfied,Footwear,1
1432,39,Male,Pants,Clothing,88.0,South Dakota,M,Cyan,Fall,2.9,No,Express,Yes,Yes,29,Venmo,Quarterly,36.1904761904762,52.714285714285715,44.346081719264504,100.0,Gold,At Risk,Clothing,1
1433,34,Male,Hat,Accessories,33.0,Florida,L,Black,Winter,4.4,No,Express,Yes,Yes,32,Debit Card,Quarterly,38.63945578231293,51.83843537414967,45.1008781383155,100.0,Bronze,Satisfied,Accessories,1
1434,70,Male,Hoodie,Clothing,60.0,Minnesota,L,Yellow,Winter,3.2,No,Next Day Air,Yes,Yes,45,Debit Card,Weekly,75.91836734693878,55.93197278911565,65.93558044124934,100.0,Silver,Neutral,Clothing,1
1435,59,Male,Sweater,Clothing,64.0,New York,L,Maroon,Summer,4.6,No,Free Shipping,Yes,Yes,21,Debit Card,Bi-Weekly,36.3265306122449,59.93877551020408,48.28839526982381,100.0,Silver,Satisfied,Clothing,1
1436,45,Male,Scarf,Accessories,95.0,Oregon,XL,Black,Fall,4.0,No,Standard,Yes,Yes,41,Cash,Weekly,72.65306122448979,78.4608843537415,76.38453546422308,100.0,Platinum,Satisfied,Accessories,1
1437,35,Male,Sneakers,Footwear,83.0,Minnesota,M,Gray,Winter,3.7,No,Free Shipping,Yes,Yes,23,PayPal,Fortnightly,44.625850340136054,57.21598639455783,50.977901548595284,100.0,Gold,Neutral,Footwear,1
1438,69,Male,Boots,Footwear,97.0,Montana,XL,Orange,Winter,4.2,No,Free Shipping,Yes,Yes,14,Cash,Annually,10.612244897959183,63.59353741496599,37.39119623188093,100.0,Gold,Satisfied,Footwear,1
1439,58,Male,Coat,Outerwear,38.0,Washington,M,Cyan,Spring,2.9,No,Standard,Yes,Yes,24,Debit Card,Monthly,52.10884353741497,28.47959183673469,39.3088952561124,100.0,Bronze,At Risk,Outerwear,1
1440,25,Male,Boots,Footwear,48.0,New Mexico,M,Magenta,Summer,4.8,No,Next Day Air,Yes,Yes,25,Cash,Fortnightly,46.25850340136054,58.65986394557823,52.568538131557816,100.0,Silver,Satisfied,Footwear,1
1441,27,Male,Sandals,Footwear,76.0,Arizona,M,Pink,Spring,4.4,No,Standard,Yes,Yes,13,Venmo,Monthly,43.12925170068028,56.82993197278912,50.02257233265595,100.0,Gold,Satisfied,Footwear,1
1442,34,Male,Pants,Clothing,25.0,Nebraska,S,Turquoise,Summer,3.4,No,Free Shipping,Yes,Yes,3,Venmo,Every 3 Months,8.299319727891156,15.44387755102041,10.413454256809887,100.0,Bronze,Neutral,Clothing,1
1443,53,Male,Hoodie,Clothing,92.0,Idaho,S,Violet,Spring,2.8,No,2-Day Shipping,Yes,Yes,42,Credit Card,Annually,33.46938775510204,61.89115646258503,47.906829659978094,100.0,Gold,At Risk,Clothing,1
1444,58,Male,Sandals,Footwear,47.0,Idaho,L,Teal,Fall,4.2,No,Next Day Air,Yes,Yes,2,Cash,Monthly,34.14965986394558,34.59693877551021,33.60986084965333,100.0,Bronze,Satisfied,Footwear,1
1445,32,Male,Sweater,Clothing,36.0,Vermont,L,Pink,Fall,3.8,No,Express,Yes,Yes,26,Cash,Quarterly,33.74149659863945,41.006802721088434,36.843205114889834,100.0,Bronze,Neutral,Clothing,1
1446,64,Male,Belt,Accessories,51.0,Arkansas,M,Gold,Fall,3.1,No,2-Day Shipping,Yes,Yes,24,Credit Card,Annually,18.775510204081634,36.562925170068034,26.977088046243068,100.0,Silver,Neutral,Accessories,1
1447,63,Male,Jeans,Clothing,35.0,Wyoming,XL,Red,Summer,3.2,No,Express,Yes,Yes,6,Credit Card,Quarterly,17.41496598639456,18.984693877551027,16.870115464970077,100.0,Bronze,Neutral,Clothing,1
1448,23,Male,Hoodie,Clothing,57.0,New Mexico,S,Beige,Summer,3.0,No,Next Day Air,Yes,Yes,25,PayPal,Monthly,52.925170068027214,38.40986394557823,45.04237818652258,100.0,Silver,Neutral,Clothing,1
1449,64,Male,Boots,Footwear,95.0,West Virginia,M,Black,Summer,3.6,No,Free Shipping,Yes,Yes,11,Credit Card,Every 3 Months,14.829931972789115,52.71938775510204,33.66854568834446,100.0,Gold,Neutral,Footwear,1
1450,18,Male,Socks,Clothing,41.0,New York,L,Lavender,Winter,2.5,No,Store Pickup,Yes,Yes,20,Cash,Every 3 Months,22.176870748299315,21.67517006802721,20.69389293758106,100.0,Bronze,At Risk,Clothing,1
1451,25,Male,Dress,Clothing,44.0,Illinois,S,Teal,Winter,3.4,No,Free Shipping,Yes,Yes,25,Cash,Quarterly,32.925170068027214,38.3265306122449,34.9976889137721,100.0,Bronze,Neutral,Clothing,1
1452,54,Male,Jacket,Outerwear,34.0,Utah,M,Maroon,Fall,2.5,No,Next Day Air,Yes,Yes,35,PayPal,Quarterly,41.088435374149654,28.9625850340136,34.05770655123768,100.0,Bronze,At Risk,Outerwear,1
1453,60,Male,Jacket,Outerwear,25.0,Colorado,L,Blue,Spring,4.7,No,2-Day Shipping,Yes,Yes,11,Bank Transfer,Quarterly,21.496598639455783,38.21938775510204,29.225945563092896,100.0,Bronze,Satisfied,Outerwear,1
1454,36,Male,Boots,Footwear,93.0,Virginia,S,Teal,Winter,3.2,No,2-Day Shipping,Yes,Yes,41,Bank Transfer,Fortnightly,59.31972789115646,66.9608843537415,63.55074915798908,100.0,Platinum,Neutral,Footwear,1
1455,66,Male,Sneakers,Footwear,50.0,Georgia,L,Maroon,Winter,2.9,No,Free Shipping,Yes,Yes,17,Credit Card,Annually,13.061224489795917,28.71768707482993,19.912769368732842,100.0,Bronze,At Risk,Footwear,1
1456,60,Male,Pants,Clothing,79.0,Alabama,L,Silver,Fall,4.9,No,Express,Yes,Yes,1,PayPal,Every 3 Months,6.666666666666667,56.58333333333334,31.659036049346685,100.0,Gold,Satisfied,Clothing,1
1457,59,Male,Coat,Outerwear,100.0,Montana,S,Olive,Spring,2.7,No,Store Pickup,Yes,Yes,30,PayPal,Every 3 Months,30.340136054421762,55.72789115646258,43.03702167805085,100.0,Gold,At Risk,Outerwear,1
1458,58,Male,Shirt,Clothing,57.0,Pennsylvania,S,Gray,Spring,4.7,No,Express,Yes,Yes,47,Venmo,Fortnightly,64.21768707482994,76.04251700680271,70.86994745365449,100.0,Silver,Satisfied,Clothing,1
1459,35,Male,Sweater,Clothing,28.0,Missouri,M,Peach,Spring,2.9,No,2-Day Shipping,Yes,Yes,34,Venmo,Weekly,66.93877551020408,31.115646258503393,48.13750150298157,100.0,Bronze,At Risk,Clothing,1
1460,20,Male,Shoes,Footwear,35.0,Maine,L,Yellow,Winter,4.8,No,Express,Yes,Yes,18,Venmo,Fortnightly,40.54421768707483,48.4812925170068,44.252919817033934,100.0,Bronze,Satisfied,Footwear,1
1461,70,Male,Boots,Footwear,85.0,Pennsylvania,L,Violet,Fall,4.6,No,Standard,Yes,Yes,33,Venmo,Bi-Weekly,46.12244897959184,76.85204081632652,62.25645276989733,100.0,Platinum,Satisfied,Footwear,1
1462,54,Male,Sunglasses,Accessories,95.0,Oregon,S,Red,Summer,5.0,No,2-Day Shipping,Yes,Yes,42,Venmo,Quarterly,46.802721088435376,92.47448979591837,70.97445942607385,100.0,Platinum,Satisfied,Accessories,1
1463,38,Male,Sneakers,Footwear,90.0,Utah,S,Charcoal,Summer,4.8,No,2-Day Shipping,Yes,Yes,2,Venmo,Quarterly,14.14965986394558,60.51360544217687,37.50822467505507,100.0,Gold,Satisfied,Footwear,1
1464,54,Male,Jewelry,Accessories,49.0,Oklahoma,M,Beige,Summer,4.9,No,Store Pickup,Yes,Yes,1,Bank Transfer,Monthly,33.333333333333336,44.08333333333334,38.28897847010683,100.0,Silver,Satisfied,Accessories,1
1465,33,Male,Belt,Accessories,92.0,Montana,M,Peach,Winter,4.6,No,2-Day Shipping,Yes,Yes,23,Bank Transfer,Quarterly,31.292517006802722,72.96598639455782,52.75750743177083,100.0,Platinum,Satisfied,Accessories,1
1466,46,Male,Gloves,Accessories,72.0,Nebraska,XL,Violet,Winter,3.9,No,Store Pickup,Yes,Yes,42,Cash,Bi-Weekly,53.46938775510204,68.22448979591836,61.30321438901518,100.0,Platinum,Neutral,Accessories,1
1467,58,Male,Shorts,Clothing,71.0,Alabama,M,Green,Summer,4.5,No,Store Pickup,Yes,Yes,3,PayPal,Annually,1.6326530612244898,49.27721088435374,25.223965660174645,100.0,Gold,Satisfied,Clothing,1
1468,30,Male,Jewelry,Accessories,27.0,Ohio,XL,Olive,Winter,4.7,No,Store Pickup,Yes,Yes,16,Debit Card,Fortnightly,38.91156462585034,42.454081632653065,40.204373232794566,100.0,Bronze,Satisfied,Accessories,1
1469,42,Male,Gloves,Accessories,39.0,Arkansas,S,Silver,Fall,3.9,No,Express,Yes,Yes,46,Cash,Fortnightly,63.40136054421768,57.19557823129251,60.35471233894209,100.0,Silver,Neutral,Accessories,1
1470,28,Male,Jewelry,Accessories,98.0,Mississippi,M,Purple,Winter,4.4,No,Standard,Yes,Yes,31,PayPal,Every 3 Months,31.15646258503401,78.24149659863946,55.51858479378472,100.0,Platinum,Satisfied,Accessories,1
1471,43,Male,Sandals,Footwear,27.0,California,M,Silver,Spring,3.9,No,Next Day Air,Yes,Yes,15,Cash,Every 3 Months,18.09523809523809,31.107142857142854,23.711172665626084,100.0,Bronze,Neutral,Footwear,1
1472,31,Male,Jewelry,Accessories,71.0,Alaska,S,Gray,Spring,2.8,No,2-Day Shipping,Yes,Yes,48,Venmo,Every 3 Months,45.034013605442176,57.22278911564626,51.185631285146336,100.0,Silver,At Risk,Accessories,1
1473,39,Male,Hat,Accessories,24.0,Indiana,L,Turquoise,Spring,3.5,No,Store Pickup,Yes,Yes,11,Cash,Weekly,48.16326530612244,21.80272108843538,33.75549216458011,100.0,Bronze,Neutral,Accessories,1
1474,69,Male,Shorts,Clothing,63.0,Wisconsin,M,Violet,Fall,4.3,No,Express,Yes,Yes,20,Credit Card,Every 3 Months,22.176870748299315,54.84183673469387,38.48022349227525,100.0,Silver,Satisfied,Clothing,1
1475,31,Male,Sweater,Clothing,72.0,New Jersey,S,Pink,Fall,3.9,No,Next Day Air,Yes,Yes,6,Credit Card,Monthly,37.41496598639456,43.734693877551024,40.14282947186499,100.0,Gold,Neutral,Clothing,1
1476,44,Male,Blouse,Clothing,61.0,Rhode Island,M,Teal,Spring,4.0,No,Express,Yes,Yes,24,Cash,Monthly,52.10884353741497,52.72959183673469,52.31347362650438,100.0,Silver,Satisfied,Clothing,1
1477,39,Male,Hat,Accessories,56.0,Wyoming,M,Magenta,Fall,4.1,No,Next Day Air,Yes,Yes,18,Credit Card,Monthly,47.2108843537415,47.897959183673464,47.273428241113855,100.0,Silver,Satisfied,Accessories,1
1478,24,Male,Belt,Accessories,32.0,Oregon,XL,Silver,Summer,4.3,No,Standard,Yes,Yes,1,PayPal,Every 3 Months,6.666666666666667,28.999999999999996,16.86688676893517,100.0,Bronze,Satisfied,Accessories,1
1479,28,Male,Gloves,Accessories,23.0,Washington,M,Blue,Summer,4.2,No,Free Shipping,Yes,Yes,13,Venmo,Bi-Weekly,29.795918367346943,32.07993197278912,30.083191659094368,100.0,Bronze,Satisfied,Accessories,1
1480,48,Male,Coat,Outerwear,100.0,Washington,L,Black,Spring,4.0,No,Standard,Yes,Yes,2,Bank Transfer,Weekly,40.81632653061224,54.01360544217687,47.35579473385033,100.0,Gold,Satisfied,Outerwear,1
1481,39,Male,Jewelry,Accessories,74.0,New Hampshire,M,Gold,Fall,3.6,No,Express,Yes,Yes,26,Cash,Quarterly,33.74149659863945,54.173469387755105,43.90411020946692,100.0,Gold,Neutral,Accessories,1
1482,64,Male,Skirt,Clothing,33.0,Maryland,S,Gray,Spring,3.3,No,Standard,Yes,Yes,31,PayPal,Quarterly,37.823129251700685,36.49149659863946,36.4625924791236,100.0,Bronze,Neutral,Clothing,1
1483,28,Male,Gloves,Accessories,67.0,Wisconsin,S,Magenta,Spring,4.1,No,2-Day Shipping,Yes,Yes,43,Bank Transfer,Weekly,74.28571428571429,69.48809523809523,72.3890129533746,100.0,Platinum,Satisfied,Accessories,1
1484,39,Male,Jewelry,Accessories,61.0,Massachusetts,S,Yellow,Summer,4.7,No,Next Day Air,Yes,Yes,12,Debit Card,Bi-Weekly,28.9795918367347,53.89965986394558,41.376321646620084,100.0,Silver,Satisfied,Accessories,1
1485,49,Male,Shorts,Clothing,46.0,Nebraska,M,Teal,Summer,4.4,No,Store Pickup,Yes,Yes,22,Venmo,Every 3 Months,23.809523809523807,50.45238095238096,36.94261098270364,100.0,Bronze,Satisfied,Clothing,1
1486,22,Male,Gloves,Accessories,56.0,Nebraska,L,Red,Spring,3.4,No,Standard,Yes,Yes,3,Cash,Fortnightly,28.29931972789116,28.360544217687078,27.34029153313552,100.0,Silver,Neutral,Accessories,1
1487,25,Male,Sneakers,Footwear,73.0,Idaho,S,Yellow,Spring,5.0,No,Free Shipping,Yes,Yes,23,Venmo,Every 3 Months,24.62585034013605,70.38265306122449,48.03880664317237,100.0,Gold,Satisfied,Footwear,1
1488,40,Male,Skirt,Clothing,44.0,Arizona,L,Black,Summer,4.6,No,Store Pickup,Yes,Yes,26,PayPal,Annually,20.40816326530612,55.00680272108842,37.68433627030513,100.0,Bronze,Satisfied,Clothing,1
1489,23,Male,Hat,Accessories,44.0,Hawaii,L,Pink,Winter,4.0,No,Standard,Yes,Yes,37,Credit Card,Weekly,69.3877551020408,54.48979591836734,61.89687629242455,100.0,Silver,Satisfied,Accessories,1
1490,24,Male,Jewelry,Accessories,26.0,Missouri,XL,Magenta,Summer,4.1,No,Next Day Air,Yes,Yes,42,Venmo,Quarterly,46.802721088435376,51.72448979591836,49.12140505108523,100.0,Bronze,Satisfied,Accessories,1
1491,66,Male,Sneakers,Footwear,52.0,Louisiana,L,Olive,Spring,4.9,No,Express,Yes,Yes,15,Venmo,Bi-Weekly,31.428571428571427,54.85714285714286,43.114282066181815,100.0,Silver,Satisfied,Footwear,1
1492,27,Male,Shirt,Clothing,54.0,Arkansas,S,Black,Summer,2.7,No,Free Shipping,Yes,Yes,10,Bank Transfer,Quarterly,20.68027210884354,22.955782312925173,20.63234917665149,100.0,Silver,At Risk,Clothing,1
1493,62,Male,Jacket,Outerwear,38.0,North Carolina,M,Maroon,Summer,4.5,No,Free Shipping,Yes,Yes,3,Venmo,Quarterly,14.965986394557826,35.52721088435374,24.516902323010807,100.0,Bronze,Satisfied,Outerwear,1
1494,70,Male,Belt,Accessories,44.0,North Dakota,S,Gold,Fall,2.7,No,Standard,Yes,Yes,44,Credit Card,Quarterly,48.435374149659864,41.91836734693877,44.6789898127319,100.0,Silver,At Risk,Accessories,1
1495,43,Male,T-shirt,Clothing,76.0,Montana,M,Gray,Spring,3.0,No,Next Day Air,Yes,Yes,23,Bank Transfer,Fortnightly,44.625850340136054,44.96598639455783,44.40857845427356,100.0,Gold,Neutral,Clothing,1
1496,45,Male,Jewelry,Accessories,23.0,Rhode Island,M,Brown,Winter,4.5,No,Next Day Air,Yes,Yes,6,PayPal,Weekly,44.08163265306122,31.318027210884352,36.81746116537561,100.0,Bronze,Satisfied,Accessories,1
1497,63,Male,T-shirt,Clothing,98.0,Idaho,M,Purple,Winter,5.0,No,Standard,Yes,Yes,9,Venmo,Bi-Weekly,26.53061224489796,71.27551020408163,49.47000123216569,100.0,Gold,Satisfied,Clothing,1
1498,69,Male,Jacket,Outerwear,33.0,Michigan,S,Magenta,Spring,3.8,No,2-Day Shipping,Yes,Yes,16,Debit Card,Every 3 Months,18.91156462585034,32.95408163265306,25.109796139238938,100.0,Bronze,Neutral,Outerwear,1
1499,59,Male,Sweater,Clothing,32.0,Illinois,M,Teal,Summer,3.1,No,Standard,Yes,Yes,46,Venmo,Fortnightly,63.40136054421768,43.61224489795919,53.07036088061257,100.0,Bronze,Neutral,Clothing,1
1500,19,Male,Boots,Footwear,85.0,Georgia,S,Olive,Fall,3.4,No,Free Shipping,Yes,Yes,24,Credit Card,Every 3 Months,25.442176870748302,54.72959183673469,40.052682839182765,100.0,Gold,Neutral,Footwear,1
1501,63,Male,Jeans,Clothing,69.0,Alabama,L,Maroon,Summer,4.8,No,Next Day Air,Yes,Yes,22,Debit Card,Monthly,50.476190476190474,65.36904761904762,58.27532413837431,100.0,Silver,Satisfied,Clothing,1
1502,37,Male,Jeans,Clothing,55.0,Alaska,XL,Silver,Spring,2.7,No,Standard,Yes,Yes,13,Debit Card,Every 3 Months,16.462585034013603,25.413265306122447,19.841383172388667,100.0,Silver,At Risk,Clothing,1
1503,37,Male,Pants,Clothing,66.0,Massachusetts,M,Black,Summer,3.2,No,Store Pickup,Yes,Yes,20,Cash,Fortnightly,42.176870748299315,41.425170068027214,41.2852505794467,100.0,Silver,Neutral,Clothing,1
1504,50,Male,Jacket,Outerwear,30.0,Michigan,M,Maroon,Fall,3.9,No,2-Day Shipping,Yes,Yes,46,Cash,Quarterly,50.068027210884345,53.445578231292515,51.67702839850348,100.0,Bronze,Neutral,Outerwear,1
1505,60,Male,Jacket,Outerwear,80.0,Alaska,M,Teal,Winter,4.2,No,Next Day Air,Yes,Yes,10,Bank Transfer,Monthly,40.68027210884354,53.78911564625851,47.167380094332024,100.0,Gold,Satisfied,Outerwear,1
1506,46,Male,Belt,Accessories,20.0,North Dakota,M,Teal,Summer,3.0,No,Express,Yes,Yes,39,Cash,Monthly,64.35374149659864,32.517006802721085,47.59649389916666,100.0,Bronze,Neutral,Accessories,1
1507,35,Male,Shirt,Clothing,30.0,South Carolina,L,Beige,Fall,3.0,No,2-Day Shipping,Yes,Yes,44,PayPal,Quarterly,48.435374149659864,40.085034013605444,43.695825812221166,100.0,Bronze,Neutral,Clothing,1
1508,66,Male,Dress,Clothing,86.0,Pennsylvania,S,Maroon,Winter,3.7,No,2-Day Shipping,Yes,Yes,7,Venmo,Annually,4.8979591836734695,47.58163265306122,25.947328824822886,100.0,Gold,Neutral,Clothing,1
1509,35,Male,Blouse,Clothing,84.0,Colorado,L,Beige,Spring,4.4,No,Store Pickup,Yes,Yes,3,Cash,Every 3 Months,8.299319727891156,53.36054421768708,30.74707335828189,100.0,Gold,Satisfied,Clothing,1
1510,20,Male,Dress,Clothing,54.0,New Hampshire,XL,White,Summer,4.6,No,Free Shipping,Yes,Yes,44,Debit Card,Annually,35.10204081632653,71.41836734693877,53.83232569973795,100.0,Silver,Satisfied,Clothing,1
1511,55,Male,Blouse,Clothing,30.0,Maryland,XL,Gray,Fall,3.0,No,Free Shipping,Yes,Yes,31,Venmo,Annually,24.489795918367342,31.241496598639458,26.98050162917619,100.0,Bronze,Neutral,Clothing,1
1512,34,Male,Dress,Clothing,91.0,Georgia,M,Violet,Winter,3.6,No,Express,Yes,Yes,48,Credit Card,Weekly,78.36734693877551,76.22278911564626,78.04145213892426,100.0,Platinum,Neutral,Clothing,1
1513,60,Male,Sneakers,Footwear,23.0,Wisconsin,L,Silver,Winter,3.9,No,Standard,Yes,Yes,18,PayPal,Bi-Weekly,33.877551020408156,31.4812925170068,31.80297484260106,100.0,Bronze,Neutral,Footwear,1
1514,22,Male,Socks,Clothing,35.0,Texas,M,Red,Spring,4.1,No,Free Shipping,Yes,Yes,27,Cash,Monthly,54.5578231292517,45.270408163265294,49.53781749826683,100.0,Bronze,Satisfied,Clothing,1
1515,26,Male,Shoes,Footwear,90.0,Utah,L,Brown,Winter,3.9,No,2-Day Shipping,Yes,Yes,1,Venmo,Weekly,40.0,47.83333333333333,43.63332907721211,100.0,Gold,Neutral,Footwear,1
1516,39,Male,Jeans,Clothing,93.0,Indiana,S,Turquoise,Fall,3.9,No,2-Day Shipping,Yes,Yes,34,Cash,Weekly,66.93877551020408,71.53231292517007,69.81179878696823,100.0,Platinum,Neutral,Clothing,1
1517,20,Male,Jeans,Clothing,68.0,Nevada,L,Indigo,Winter,4.5,No,Express,Yes,Yes,5,Bank Transfer,Bi-Weekly,23.26530612244898,49.38775510204082,36.09957387912938,100.0,Gold,Satisfied,Clothing,1
1518,57,Male,Gloves,Accessories,41.0,New Hampshire,M,Violet,Spring,3.4,No,Standard,Yes,Yes,12,Cash,Quarterly,22.31292517006803,28.232993197278915,24.27869230613647,100.0,Bronze,Neutral,Accessories,1
1519,68,Male,Belt,Accessories,73.0,New York,M,Yellow,Winter,4.1,No,Next Day Air,Yes,Yes,14,Venmo,Fortnightly,37.27891156462585,52.260204081632644,44.64678847114789,100.0,Gold,Satisfied,Accessories,1
1520,50,Male,Sunglasses,Accessories,73.0,Texas,L,Cyan,Fall,4.9,No,Next Day Air,Yes,Yes,40,PayPal,Weekly,71.83673469387755,80.6139455782313,77.13099708263364,100.0,Platinum,Satisfied,Accessories,1
1521,21,Male,Hat,Accessories,66.0,Iowa,M,Brown,Summer,4.4,No,2-Day Shipping,Yes,Yes,39,Cash,Quarterly,44.35374149659864,70.35034013605443,57.885423727888174,100.0,Silver,Satisfied,Accessories,1
1522,29,Male,Backpack,Accessories,59.0,Washington,M,White,Summer,2.7,No,2-Day Shipping,Yes,Yes,50,Bank Transfer,Weekly,80.0,52.25000000000001,66.00186053298798,100.0,Silver,At Risk,Accessories,1
1523,38,Male,Shorts,Clothing,72.0,Tennessee,L,Yellow,Spring,4.8,No,Free Shipping,Yes,Yes,5,Debit Card,Monthly,36.59863945578232,55.054421768707485,45.80511109282923,100.0,Gold,Satisfied,Clothing,1
1524,54,Male,Socks,Clothing,88.0,Georgia,M,White,Summer,3.3,No,2-Day Shipping,Yes,Yes,35,Debit Card,Annually,27.755102040816322,62.129251700680264,45.1773704392652,100.0,Gold,Neutral,Clothing,1
1525,22,Male,Socks,Clothing,76.0,Massachusetts,L,Pink,Summer,4.4,No,Free Shipping,Yes,Yes,6,Cash,Bi-Weekly,24.081632653061224,52.06802721088436,37.94509008024712,100.0,Gold,Satisfied,Clothing,1
1526,29,Male,Belt,Accessories,31.0,Oregon,M,Indigo,Winter,4.6,No,2-Day Shipping,Yes,Yes,22,Cash,Fortnightly,43.80952380952381,46.86904761904761,45.02097225443266,100.0,Bronze,Satisfied,Accessories,1
1527,41,Male,Jacket,Outerwear,22.0,Oklahoma,L,White,Summer,3.1,No,Next Day Air,Yes,Yes,27,PayPal,Monthly,54.5578231292517,26.52040816326531,39.48273112940706,100.0,Bronze,Neutral,Outerwear,1
1528,26,Male,Hat,Accessories,75.0,Wisconsin,L,Red,Fall,4.5,No,2-Day Shipping,Yes,Yes,33,Debit Card,Fortnightly,52.7891156462585,71.35204081632654,62.64029410169846,100.0,Platinum,Satisfied,Accessories,1
1529,69,Male,T-shirt,Clothing,75.0,Oregon,S,Red,Spring,4.0,No,Store Pickup,Yes,Yes,47,Venmo,Bi-Weekly,57.55102040816327,74.20918367346938,66.55345011981042,100.0,Platinum,Satisfied,Clothing,1
1530,20,Male,Backpack,Accessories,63.0,Georgia,M,Lavender,Winter,3.1,No,Free Shipping,Yes,Yes,48,Credit Card,Bi-Weekly,58.36734693877551,57.88945578231293,58.20981213381691,100.0,Silver,Neutral,Accessories,1
1531,59,Male,Coat,Outerwear,21.0,New Mexico,M,Teal,Spring,3.9,No,Next Day Air,Yes,Yes,22,Bank Transfer,Quarterly,30.476190476190478,33.36904761904762,31.11464340218695,100.0,Bronze,Neutral,Outerwear,1
1532,63,Male,Backpack,Accessories,83.0,Mississippi,S,Violet,Spring,4.5,No,Next Day Air,Yes,Yes,8,PayPal,Bi-Weekly,25.71428571428572,57.67857142857142,41.77019030073404,100.0,Gold,Satisfied,Accessories,1
1533,68,Male,Jacket,Outerwear,46.0,Wisconsin,S,Silver,Winter,4.4,No,Next Day Air,Yes,Yes,5,PayPal,Every 3 Months,9.931972789115646,38.88775510204082,23.802058845901232,100.0,Bronze,Satisfied,Outerwear,1
1534,50,Male,Shoes,Footwear,59.0,New Hampshire,M,Gold,Summer,3.6,No,2-Day Shipping,Yes,Yes,16,Bank Transfer,Quarterly,25.578231292517007,41.12074829931973,32.822678202120095,100.0,Silver,Neutral,Footwear,1
1535,55,Male,Blouse,Clothing,66.0,Wyoming,M,Green,Summer,3.4,No,Free Shipping,Yes,Yes,26,Venmo,Fortnightly,47.074829931972786,48.1734693877551,47.35314923809846,100.0,Silver,Neutral,Clothing,1
1536,36,Male,Sandals,Footwear,74.0,West Virginia,S,Turquoise,Fall,4.0,No,2-Day Shipping,Yes,Yes,8,Venmo,Monthly,39.04761904761905,47.261904761904766,42.85069787358972,100.0,Gold,Satisfied,Footwear,1
1537,18,Male,Sunglasses,Accessories,82.0,Michigan,M,Indigo,Summer,2.6,No,Store Pickup,Yes,Yes,17,Cash,Quarterly,26.39455782312925,38.05102040816327,31.584634583454157,100.0,Gold,At Risk,Accessories,1
1538,68,Male,Shoes,Footwear,89.0,Alaska,L,Black,Spring,3.2,No,Next Day Air,Yes,Yes,50,Venmo,Annually,40.0,71.41666666666667,56.280393265600196,100.0,Platinum,Neutral,Footwear,1
1539,56,Male,Dress,Clothing,65.0,Illinois,L,Charcoal,Fall,3.2,No,Standard,Yes,Yes,22,Venmo,Bi-Weekly,37.142857142857146,42.36904761904762,39.27441819257298,100.0,Silver,Neutral,Clothing,1
1540,32,Male,Belt,Accessories,55.0,Hawaii,M,Turquoise,Spring,5.0,No,2-Day Shipping,Yes,Yes,19,Cash,Every 3 Months,21.36054421768707,60.16156462585034,40.92487747520436,100.0,Silver,Satisfied,Accessories,1
1541,28,Male,Shorts,Clothing,95.0,Colorado,M,Red,Winter,2.9,No,Next Day Air,Yes,Yes,14,Bank Transfer,Monthly,43.94557823129252,45.426870748299315,44.31560143894122,100.0,Gold,At Risk,Clothing,1
1542,24,Male,Handbag,Accessories,77.0,Illinois,S,Indigo,Winter,2.9,No,Store Pickup,Yes,Yes,35,Cash,Bi-Weekly,47.755102040816325,52.2125850340136,49.859346981957145,100.0,Gold,At Risk,Accessories,1
1543,59,Male,Blouse,Clothing,44.0,Hawaii,M,Maroon,Winter,3.5,No,Next Day Air,Yes,Yes,43,PayPal,Weekly,74.28571428571429,51.9047619047619,62.959576403021664,100.0,Silver,Neutral,Clothing,1
1544,56,Male,Jeans,Clothing,89.0,Wisconsin,M,Indigo,Fall,4.0,No,Standard,Yes,Yes,24,Venmo,Annually,18.775510204081634,64.39625850340136,41.90330514490603,100.0,Gold,Satisfied,Clothing,1
1545,30,Male,Jewelry,Accessories,24.0,Arkansas,M,Maroon,Spring,3.9,No,Standard,Yes,Yes,17,Debit Card,Bi-Weekly,33.06122448979592,31.217687074829936,31.253447551247483,100.0,Bronze,Neutral,Accessories,1
1546,48,Male,Belt,Accessories,43.0,Delaware,M,Black,Winter,4.9,No,Store Pickup,Yes,Yes,49,Bank Transfer,Annually,39.183673469387756,74.23639455782313,57.38436906601467,100.0,Silver,Satisfied,Accessories,1
1547,60,Male,Sneakers,Footwear,51.0,Oregon,XL,Purple,Summer,3.8,No,Express,Yes,Yes,17,Bank Transfer,Annually,13.061224489795917,41.1343537414966,26.57147100855554,100.0,Silver,Neutral,Footwear,1
1548,46,Male,Hat,Accessories,46.0,South Carolina,L,Teal,Summer,3.5,No,Standard,Yes,Yes,40,Cash,Quarterly,45.17006802721089,50.697278911564624,47.75421483187514,100.0,Silver,Neutral,Accessories,1
1549,69,Male,Dress,Clothing,32.0,Maryland,M,Silver,Summer,3.7,No,Store Pickup,Yes,Yes,43,Bank Transfer,Weekly,74.28571428571429,49.57142857142858,61.708276766008005,100.0,Bronze,Neutral,Clothing,1
1550,19,Male,Sneakers,Footwear,55.0,Kansas,M,Black,Spring,2.9,No,2-Day Shipping,Yes,Yes,19,Debit Card,Every 3 Months,21.36054421768707,32.16156462585033,25.909281831040413,100.0,Silver,At Risk,Footwear,1
1551,66,Male,Sunglasses,Accessories,26.0,Arkansas,S,Black,Summer,2.8,No,Free Shipping,Yes,Yes,40,Bank Transfer,Quarterly,45.17006802721089,33.03061224489795,38.280089008771704,100.0,Bronze,At Risk,Accessories,1
1552,64,Male,Handbag,Accessories,29.0,Minnesota,M,Olive,Summer,3.7,No,2-Day Shipping,Yes,Yes,13,Credit Card,Monthly,43.12925170068028,27.913265306122454,34.51539468823664,100.0,Bronze,Neutral,Accessories,1
1553,54,Male,Blouse,Clothing,49.0,New Mexico,L,Purple,Spring,3.0,No,Express,Yes,Yes,20,Credit Card,Monthly,48.843537414965986,31.675170068027214,39.38993900097295,100.0,Silver,Neutral,Clothing,1
1554,27,Male,Blouse,Clothing,45.0,Delaware,M,Indigo,Spring,4.8,No,Free Shipping,Yes,Yes,21,Debit Card,Quarterly,29.659863945578234,54.68877551020408,42.13963775320973,100.0,Silver,Satisfied,Clothing,1
1555,64,Male,Shorts,Clothing,48.0,Utah,S,Lavender,Winter,2.7,No,Standard,Yes,Yes,18,Cash,Bi-Weekly,33.877551020408156,25.897959183673468,28.808793568318368,100.0,Bronze,At Risk,Clothing,1
1556,43,Male,Shorts,Clothing,47.0,Ohio,S,Cyan,Winter,4.5,No,Free Shipping,Yes,Yes,44,Cash,Quarterly,48.435374149659864,67.16836734693877,58.21983945612974,100.0,Silver,Satisfied,Clothing,1
1557,43,Male,Hoodie,Clothing,57.0,Alabama,M,Gold,Fall,2.7,No,Standard,Yes,Yes,26,Credit Card,Quarterly,33.74149659863945,35.09013605442177,33.67026674960519,100.0,Silver,At Risk,Clothing,1
1558,27,Male,Backpack,Accessories,34.0,South Dakota,L,Magenta,Fall,3.5,No,Next Day Air,Yes,Yes,34,PayPal,Quarterly,40.27210884353742,41.6156462585034,40.43501653620972,100.0,Bronze,Neutral,Accessories,1
1559,35,Male,Sunglasses,Accessories,75.0,New Mexico,XL,Teal,Fall,3.5,No,Express,Yes,Yes,24,Credit Card,Every 3 Months,25.442176870748302,51.89625850340136,38.53324756566618,100.0,Gold,Neutral,Accessories,1
1560,43,Male,Scarf,Accessories,94.0,Oregon,L,Beige,Fall,4.5,No,Store Pickup,Yes,Yes,23,PayPal,Fortnightly,44.625850340136054,72.46598639455782,59.15603846193457,100.0,Platinum,Satisfied,Accessories,1
1561,57,Male,Hat,Accessories,84.0,Oregon,M,Teal,Winter,3.8,No,Free Shipping,Yes,Yes,3,Debit Card,Weekly,41.63265306122449,45.36054421768708,43.12356984090172,100.0,Gold,Neutral,Accessories,1
1562,50,Male,Scarf,Accessories,38.0,Mississippi,M,Indigo,Summer,3.8,No,Standard,Yes,Yes,2,Bank Transfer,Quarterly,14.14965986394558,25.513605442176875,18.73873011985014,100.0,Bronze,Neutral,Accessories,1
1563,37,Male,Scarf,Accessories,75.0,Alabama,M,Purple,Winter,3.2,No,Next Day Air,Yes,Yes,23,Venmo,Bi-Weekly,37.95918367346939,47.21598639455783,42.2818554852034,100.0,Gold,Neutral,Accessories,1
1564,68,Male,Pants,Clothing,44.0,Kansas,M,Teal,Fall,4.3,No,Next Day Air,Yes,Yes,8,Cash,Weekly,45.714285714285715,38.761904761904766,41.62572538637329,100.0,Bronze,Satisfied,Clothing,1
1565,22,Male,Backpack,Accessories,33.0,California,XL,Turquoise,Summer,4.5,No,Next Day Air,Yes,Yes,30,Debit Card,Every 3 Months,30.340136054421762,51.81122448979592,40.93662585877792,100.0,Bronze,Satisfied,Accessories,1
1566,58,Male,Sunglasses,Accessories,93.0,Idaho,L,Peach,Fall,4.2,No,Free Shipping,Yes,Yes,48,PayPal,Annually,38.36734693877551,85.0561224489796,62.77851505047598,100.0,Platinum,Satisfied,Accessories,1
1567,48,Male,Sneakers,Footwear,99.0,Wyoming,S,Green,Winter,3.0,No,Free Shipping,Yes,Yes,21,Cash,Bi-Weekly,36.3265306122449,53.18877551020409,44.66856417703429,100.0,Gold,Neutral,Footwear,1
1568,30,Male,Backpack,Accessories,33.0,Minnesota,M,Turquoise,Spring,4.1,No,Standard,Yes,Yes,9,Cash,Monthly,39.863945578231295,32.1921768707483,35.177398978853525,100.0,Bronze,Satisfied,Accessories,1
1569,51,Male,Sneakers,Footwear,76.0,Washington,L,Yellow,Spring,4.6,No,Store Pickup,Yes,Yes,8,Debit Card,Monthly,39.04761904761905,56.09523809523809,47.587760785141434,100.0,Gold,Satisfied,Footwear,1
1570,20,Male,Skirt,Clothing,63.0,Hawaii,M,Orange,Summer,2.9,No,Standard,Yes,Yes,29,Debit Card,Weekly,62.857142857142854,42.297619047619044,52.09325595878684,100.0,Silver,At Risk,Clothing,1
1571,30,Male,Pants,Clothing,41.0,Missouri,L,Brown,Winter,4.8,No,Next Day Air,Yes,Yes,3,Bank Transfer,Every 3 Months,8.299319727891156,40.77721088435374,23.998993172958215,100.0,Bronze,Satisfied,Clothing,1
1572,28,Male,Jewelry,Accessories,88.0,Colorado,L,Silver,Winter,4.5,No,Next Day Air,Yes,Yes,11,Bank Transfer,Fortnightly,34.82993197278911,61.80272108843536,48.539676418147636,100.0,Gold,Satisfied,Accessories,1
1573,37,Male,Skirt,Clothing,92.0,Washington,L,White,Summer,3.4,No,2-Day Shipping,Yes,Yes,16,Debit Card,Monthly,45.57823129251701,52.204081632653065,48.76635147793499,100.0,Gold,Neutral,Clothing,1
1574,36,Male,T-shirt,Clothing,31.0,North Dakota,L,Indigo,Summer,4.3,No,2-Day Shipping,Yes,Yes,25,Debit Card,Weekly,59.591836734693885,44.90986394557823,51.86147479439398,100.0,Bronze,Satisfied,Clothing,1
1575,18,Male,Skirt,Clothing,25.0,Minnesota,S,Magenta,Spring,4.2,No,Free Shipping,Yes,Yes,32,PayPal,Bi-Weekly,45.30612244897959,45.83843537414966,45.2165838336137,100.0,Bronze,Satisfied,Clothing,1
1576,52,Male,Shirt,Clothing,28.0,California,M,Turquoise,Spring,3.6,No,Next Day Air,Yes,Yes,28,Cash,Fortnightly,48.707482993197274,36.36734693877551,41.838191453733415,100.0,Bronze,Neutral,Clothing,1
1577,56,Male,Dress,Clothing,75.0,Michigan,M,White,Spring,3.7,No,2-Day Shipping,Yes,Yes,36,PayPal,Monthly,61.904761904761905,62.72619047619048,62.57232148828742,100.0,Platinum,Neutral,Clothing,1
1578,68,Male,Boots,Footwear,34.0,Delaware,S,Olive,Spring,4.0,No,Standard,Yes,Yes,7,Venmo,Fortnightly,31.564625850340132,29.91496598639456,29.80653633505278,100.0,Bronze,Satisfied,Footwear,1
1579,62,Male,Pants,Clothing,97.0,California,S,Maroon,Winter,4.9,No,2-Day Shipping,Yes,Yes,2,PayPal,Quarterly,14.14965986394558,64.76360544217687,39.78737758532995,100.0,Gold,Satisfied,Clothing,1
1580,35,Male,Jacket,Outerwear,80.0,Oklahoma,M,Violet,Summer,3.1,No,Free Shipping,Yes,Yes,6,Bank Transfer,Monthly,37.41496598639456,36.401360544217695,36.21017346982206,100.0,Gold,Neutral,Outerwear,1
1581,65,Male,Sneakers,Footwear,71.0,North Dakota,L,Cyan,Summer,3.7,No,Standard,Yes,Yes,30,Cash,Annually,23.673469387755098,56.97789115646259,40.37402743597484,100.0,Gold,Neutral,Footwear,1
1582,69,Male,Jewelry,Accessories,77.0,Ohio,L,Teal,Fall,4.2,No,Free Shipping,Yes,Yes,46,Cash,Quarterly,50.068027210884345,77.02891156462584,64.32409258689155,100.0,Platinum,Satisfied,Accessories,1
1583,28,Male,Belt,Accessories,41.0,Hawaii,L,Red,Spring,2.5,No,Next Day Air,Yes,Yes,39,Cash,Monthly,64.35374149659864,34.60034013605442,48.71372571792886,100.0,Bronze,At Risk,Accessories,1
1584,37,Male,Scarf,Accessories,92.0,Maryland,XL,Yellow,Summer,4.3,No,Next Day Air,Yes,Yes,8,Venmo,Annually,5.714285714285714,58.76190476190477,32.3511508464904,100.0,Gold,Satisfied,Accessories,1
1585,41,Male,Blouse,Clothing,95.0,Hawaii,S,Silver,Spring,3.1,No,Store Pickup,Yes,Yes,46,Credit Card,Quarterly,50.068027210884345,69.86224489795919,60.4808151303496,100.0,Platinum,Neutral,Clothing,1
1586,37,Male,Sweater,Clothing,25.0,Alabama,M,Charcoal,Fall,3.0,No,Next Day Air,Yes,Yes,40,Debit Card,Fortnightly,58.50340136054422,35.28061224489796,46.15336603970154,100.0,Bronze,Neutral,Clothing,1
1587,25,Male,Boots,Footwear,77.0,Oklahoma,M,Purple,Fall,4.0,No,Express,Yes,Yes,21,Bank Transfer,Weekly,56.326530612244895,57.35544217687074,56.90302781455867,100.0,Platinum,Satisfied,Footwear,1
1588,41,Male,Socks,Clothing,99.0,Alabama,M,Beige,Summer,3.5,No,Free Shipping,Yes,Yes,33,Credit Card,Fortnightly,52.7891156462585,68.0187074829932,60.85272319167893,100.0,Platinum,Neutral,Clothing,1
1589,48,Male,Belt,Accessories,24.0,Vermont,L,Cyan,Winter,3.2,No,Next Day Air,Yes,Yes,3,Venmo,Monthly,34.965986394557824,12.360544217687083,22.09328449837517,100.0,Bronze,Neutral,Accessories,1
1590,42,Male,Sneakers,Footwear,72.0,Ohio,M,Silver,Summer,2.7,No,Store Pickup,Yes,Yes,48,Cash,Weekly,78.36734693877551,56.3061224489796,67.36071595155765,100.0,Platinum,At Risk,Footwear,1
1591,54,Male,Jeans,Clothing,80.0,Wisconsin,S,Pink,Winter,3.0,No,Free Shipping,Yes,Yes,8,PayPal,Annually,5.714285714285714,36.42857142857143,20.374425749359627,100.0,Gold,Neutral,Clothing,1
1592,18,Male,Skirt,Clothing,100.0,South Dakota,L,Gold,Winter,2.9,No,Next Day Air,Yes,Yes,24,PayPal,Annually,18.775510204081634,54.31292517006803,36.49590314209699,100.0,Gold,At Risk,Clothing,1
1593,56,Male,Shoes,Footwear,83.0,Iowa,M,Cyan,Summer,3.3,No,Free Shipping,Yes,Yes,10,Bank Transfer,Every 3 Months,14.013605442176868,43.03911564625851,28.069130576185742,100.0,Gold,Neutral,Footwear,1
1594,61,Male,Dress,Clothing,95.0,Maryland,M,Black,Spring,4.9,No,2-Day Shipping,Yes,Yes,25,Bank Transfer,Monthly,52.925170068027214,79.5765306122449,67.11887892526363,100.0,Platinum,Satisfied,Clothing,1
1595,40,Male,Handbag,Accessories,41.0,Colorado,XL,Charcoal,Summer,3.7,No,Store Pickup,Yes,Yes,3,Cash,Fortnightly,28.29931972789116,26.11054421768708,26.133681168872346,100.0,Bronze,Neutral,Accessories,1
1596,34,Male,Backpack,Accessories,35.0,Wisconsin,S,Magenta,Spring,3.5,No,Standard,Yes,Yes,45,Debit Card,Fortnightly,62.585034013605444,49.515306122448976,55.82783977279509,100.0,Bronze,Neutral,Accessories,1
1597,42,Male,Jewelry,Accessories,30.0,Mississippi,S,Pink,Fall,4.7,No,Store Pickup,Yes,Yes,15,Debit Card,Monthly,44.761904761904766,43.02380952380952,43.4350720022792,100.0,Bronze,Satisfied,Accessories,1
1598,43,Male,Hat,Accessories,21.0,Mississippi,XL,Maroon,Winter,2.6,No,Store Pickup,Yes,Yes,34,Bank Transfer,Quarterly,40.27210884353742,24.198979591836732,31.094958531357747,100.0,Bronze,At Risk,Accessories,1
1599,47,Male,Jewelry,Accessories,85.0,California,M,Teal,Fall,4.1,No,Express,Yes,Yes,21,Venmo,Bi-Weekly,36.3265306122449,62.0221088435374,49.405627088586,100.0,Gold,Satisfied,Accessories,1
1600,48,Male,Shirt,Clothing,54.0,Delaware,M,Orange,Winter,2.8,No,2-Day Shipping,Yes,Yes,22,Debit Card,Bi-Weekly,37.142857142857146,32.45238095238095,33.95639473526491,100.0,Silver,At Risk,Clothing,1
1601,20,Male,Boots,Footwear,26.0,Montana,S,Yellow,Spring,4.7,No,Next Day Air,Yes,Yes,24,PayPal,Weekly,58.77551020408163,47.47959183673469,52.83138277655698,100.0,Bronze,Satisfied,Footwear,1
1602,65,Male,Shirt,Clothing,59.0,Indiana,XL,Red,Spring,2.9,No,Store Pickup,Yes,Yes,33,Credit Card,Monthly,59.455782312925166,43.35204081632653,50.95803179086784,100.0,Silver,At Risk,Clothing,1
1603,54,Male,Sunglasses,Accessories,48.0,West Virginia,S,Charcoal,Winter,2.8,No,Free Shipping,Yes,Yes,13,Venmo,Fortnightly,36.46258503401361,23.82993197278911,28.992286990129397,100.0,Bronze,At Risk,Accessories,1
1604,23,Male,Shorts,Clothing,98.0,Iowa,L,Black,Summer,4.3,No,Next Day Air,Yes,Yes,17,Debit Card,Bi-Weekly,33.06122448979592,67.3843537414966,50.64859192495924,100.0,Platinum,Satisfied,Clothing,1
1605,18,Male,Sweater,Clothing,92.0,Maine,M,White,Summer,4.8,No,2-Day Shipping,Yes,Yes,25,Credit Card,Every 3 Months,26.258503401360546,76.99319727891157,52.400178136665154,100.0,Platinum,Satisfied,Clothing,1
1606,70,Male,Belt,Accessories,46.0,Connecticut,M,Lavender,Winter,3.4,No,Next Day Air,Yes,Yes,15,Credit Card,Bi-Weekly,31.428571428571427,32.35714285714286,31.04817842355007,100.0,Bronze,Neutral,Accessories,1
1607,55,Male,T-shirt,Clothing,21.0,Kansas,S,White,Spring,4.3,No,Standard,Yes,Yes,4,PayPal,Fortnightly,29.115646258503403,26.457482993197278,26.727897732976412,100.0,Bronze,Satisfied,Clothing,1
1608,49,Male,Shorts,Clothing,72.0,Vermont,S,Gray,Fall,2.7,No,Free Shipping,Yes,Yes,43,Debit Card,Quarterly,47.61904761904762,52.90476190476191,50.162514342694195,100.0,Gold,At Risk,Clothing,1
1609,26,Male,Sandals,Footwear,58.0,Nebraska,XL,Cyan,Fall,4.6,No,Next Day Air,Yes,Yes,12,Bank Transfer,Bi-Weekly,28.9795918367347,51.316326530612244,39.99095419135495,100.0,Silver,Satisfied,Footwear,1
1610,33,Male,Shirt,Clothing,93.0,Nevada,S,Brown,Fall,4.1,No,Standard,Yes,Yes,3,Venmo,Monthly,34.965986394557824,53.11054421768707,43.94633887336376,100.0,Gold,Satisfied,Clothing,1
1611,20,Male,Socks,Clothing,31.0,Tennessee,L,Purple,Spring,3.4,No,2-Day Shipping,Yes,Yes,1,PayPal,Annually,0.0,16.583333333333336,6.8748517957791435,100.0,Bronze,Neutral,Clothing,1
1612,41,Male,Pants,Clothing,26.0,Arkansas,L,Yellow,Winter,4.5,No,Next Day Air,Yes,Yes,6,Debit Card,Monthly,37.41496598639456,32.56802721088435,34.15446692329961,100.0,Bronze,Satisfied,Clothing,1
1613,18,Male,Skirt,Clothing,68.0,Wisconsin,M,Indigo,Summer,4.4,No,Standard,Yes,Yes,26,Venmo,Monthly,53.74149659863946,62.34013605442177,58.28365893901475,100.0,Silver,Satisfied,Clothing,1
1614,26,Male,Jewelry,Accessories,31.0,Illinois,S,Black,Summer,4.0,No,Next Day Air,Yes,Yes,6,Credit Card,Fortnightly,30.74829931972789,27.98469387755102,28.363223588689436,100.0,Bronze,Satisfied,Accessories,1
1615,30,Male,T-shirt,Clothing,41.0,Kansas,S,Gray,Summer,3.4,No,Free Shipping,Yes,Yes,22,Cash,Bi-Weekly,37.142857142857146,35.035714285714285,35.341762190530034,100.0,Bronze,Neutral,Clothing,1
1616,64,Male,Jewelry,Accessories,62.0,New York,M,Indigo,Fall,3.2,No,Standard,Yes,Yes,45,Cash,Bi-Weekly,55.91836734693878,56.765306122448976,56.38247316875421,100.0,Silver,Neutral,Accessories,1
1617,26,Male,Hat,Accessories,41.0,Colorado,M,Green,Spring,3.4,No,Standard,Yes,Yes,50,Cash,Quarterly,53.33333333333334,54.083333333333336,53.651691200165374,100.0,Silver,Neutral,Accessories,1
1618,43,Male,Blouse,Clothing,64.0,Wisconsin,M,Peach,Winter,4.3,No,Standard,Yes,Yes,50,Credit Card,Fortnightly,66.66666666666667,75.66666666666666,71.89287950920841,100.0,Silver,Satisfied,Clothing,1
1619,63,Male,Sandals,Footwear,72.0,Michigan,L,Purple,Summer,5.0,No,Standard,Yes,Yes,39,Debit Card,Quarterly,44.35374149659864,80.85034013605441,63.51627209444965,100.0,Platinum,Satisfied,Footwear,1
1620,57,Male,Handbag,Accessories,78.0,Hawaii,L,Beige,Winter,3.5,No,Store Pickup,Yes,Yes,50,Venmo,Bi-Weekly,60.00000000000001,70.83333333333333,65.96756835634679,100.0,Platinum,Neutral,Accessories,1
1621,25,Male,Hat,Accessories,47.0,Virginia,M,Charcoal,Winter,3.1,No,2-Day Shipping,Yes,Yes,27,PayPal,Every 3 Months,27.89115646258503,36.93707482993197,31.73555688988471,100.0,Bronze,Neutral,Accessories,1
1622,68,Male,Scarf,Accessories,46.0,Ohio,L,Gray,Summer,3.9,No,2-Day Shipping,Yes,Yes,38,Debit Card,Fortnightly,56.87074829931973,54.67006802721088,55.73504764436099,100.0,Silver,Neutral,Accessories,1
1623,31,Male,Shorts,Clothing,43.0,Missouri,S,Brown,Winter,4.0,No,Store Pickup,Yes,Yes,37,Bank Transfer,Every 3 Months,36.05442176870748,54.07312925170067,45.00676326200544,100.0,Bronze,Satisfied,Clothing,1
1624,64,Male,Backpack,Accessories,58.0,Indiana,M,Cyan,Summer,3.5,No,Next Day Air,Yes,Yes,50,Debit Card,Annually,40.0,62.5,51.49864108129799,100.0,Silver,Neutral,Accessories,1
1625,38,Male,Sweater,Clothing,32.0,Florida,M,White,Winter,3.6,No,Free Shipping,Yes,Yes,40,PayPal,Every 3 Months,38.50340136054422,46.197278911564624,42.00766077001546,100.0,Bronze,Neutral,Clothing,1
1626,34,Male,Skirt,Clothing,45.0,Minnesota,L,Beige,Winter,3.0,No,Next Day Air,Yes,Yes,3,PayPal,Bi-Weekly,21.63265306122449,18.443877551020414,18.68893474249412,100.0,Bronze,Neutral,Clothing,1
1627,32,Male,Sneakers,Footwear,35.0,Nevada,L,Orange,Summer,2.6,No,Next Day Air,Yes,Yes,45,Credit Card,Bi-Weekly,55.91836734693878,37.515306122448976,46.059251163391494,100.0,Bronze,At Risk,Footwear,1
1628,69,Male,Sunglasses,Accessories,21.0,Maine,M,Olive,Winter,2.9,No,Next Day Air,Yes,Yes,8,Credit Card,Annually,5.714285714285714,10.51190476190476,6.476061923957877,100.0,Bronze,At Risk,Accessories,1
1629,45,Male,Dress,Clothing,64.0,Massachusetts,S,Teal,Winter,3.1,No,Next Day Air,Yes,Yes,7,Cash,Monthly,38.23129251700681,30.414965986394566,33.408005304889045,100.0,Silver,Neutral,Clothing,1
1630,35,Male,Blouse,Clothing,88.0,North Dakota,S,Silver,Spring,3.3,No,Next Day Air,Yes,Yes,13,Venmo,Quarterly,23.129251700680275,47.16326530612245,34.83861669359934,100.0,Gold,Neutral,Clothing,1
1631,63,Male,Shoes,Footwear,48.0,New Jersey,M,Gold,Summer,2.9,No,Store Pickup,Yes,Yes,29,Venmo,Every 3 Months,29.523809523809526,36.047619047619044,32.074893835833585,100.0,Bronze,At Risk,Footwear,1
1632,65,Male,Sweater,Clothing,36.0,Indiana,L,Violet,Summer,3.9,No,2-Day Shipping,Yes,Yes,7,Bank Transfer,Fortnightly,31.564625850340132,29.41496598639456,29.53840069854985,100.0,Bronze,Neutral,Clothing,1
1633,35,Male,Gloves,Accessories,28.0,Oregon,S,White,Summer,4.7,No,2-Day Shipping,Yes,Yes,50,Debit Card,Every 3 Months,46.666666666666664,65.99999999999999,56.70892387015181,100.0,Bronze,Satisfied,Accessories,1
1634,54,Male,Socks,Clothing,80.0,North Dakota,M,Peach,Spring,4.4,No,2-Day Shipping,Yes,Yes,33,Debit Card,Bi-Weekly,46.12244897959184,72.10204081632654,59.709164223119515,100.0,Platinum,Satisfied,Clothing,1
1635,28,Male,Coat,Outerwear,23.0,South Carolina,S,Orange,Summer,3.6,No,Store Pickup,Yes,Yes,30,Cash,Every 3 Months,30.340136054421762,35.644557823129254,32.26690694518326,100.0,Bronze,Neutral,Outerwear,1
1636,68,Male,Sunglasses,Accessories,24.0,North Carolina,L,Violet,Summer,3.2,No,Standard,Yes,Yes,40,Cash,Annually,31.83673469387755,37.530612244897966,34.02664307063139,100.0,Bronze,Neutral,Accessories,1
1637,58,Male,Boots,Footwear,22.0,North Dakota,L,Green,Fall,4.0,No,Free Shipping,Yes,Yes,49,Cash,Fortnightly,65.85034013605441,53.486394557823125,59.590073484476505,100.0,Bronze,Satisfied,Footwear,1
1638,35,Male,Dress,Clothing,21.0,Massachusetts,M,Peach,Spring,3.5,No,Next Day Air,Yes,Yes,32,Venmo,Fortnightly,51.97278911564626,34.838435374149654,42.65093316388262,100.0,Bronze,Neutral,Clothing,1
1639,68,Male,Jacket,Outerwear,51.0,Tennessee,M,Black,Spring,4.6,No,Free Shipping,Yes,Yes,18,Venmo,Weekly,53.877551020408156,52.48129251700679,53.064671575724006,100.0,Silver,Satisfied,Outerwear,1
1640,41,Male,Gloves,Accessories,65.0,Missouri,L,Blue,Summer,3.3,No,Free Shipping,Yes,Yes,50,PayPal,Annually,40.0,62.74999999999999,51.63270889954945,100.0,Silver,Neutral,Accessories,1
1641,65,Male,Scarf,Accessories,51.0,Tennessee,S,Magenta,Spring,4.0,No,2-Day Shipping,Yes,Yes,13,PayPal,Weekly,49.795918367346935,41.07993197278912,44.90963311614706,100.0,Silver,Satisfied,Accessories,1
1642,50,Male,Hoodie,Clothing,32.0,Colorado,L,Violet,Summer,3.4,No,Free Shipping,Yes,Yes,1,Bank Transfer,Every 3 Months,6.666666666666667,17.000000000000004,10.431631492864918,100.0,Bronze,Neutral,Clothing,1
1643,18,Male,Coat,Outerwear,70.0,Mississippi,M,Beige,Spring,4.2,No,Store Pickup,Yes,Yes,16,PayPal,Fortnightly,38.91156462585034,53.70408163265306,46.23742505411044,100.0,Gold,Satisfied,Outerwear,1
1644,38,Male,Scarf,Accessories,77.0,Ohio,L,Pink,Summer,3.9,No,2-Day Shipping,Yes,Yes,6,PayPal,Monthly,37.41496598639456,45.81802721088435,41.260061290627185,100.0,Gold,Neutral,Accessories,1
1645,68,Male,Coat,Outerwear,90.0,North Carolina,S,Beige,Summer,3.9,No,Next Day Air,Yes,Yes,21,Debit Card,Monthly,49.65986394557823,61.43877551020408,55.75946884599926,100.0,Platinum,Neutral,Outerwear,1
1646,53,Male,Scarf,Accessories,36.0,Ohio,L,Green,Summer,2.8,No,Standard,Yes,Yes,36,Venmo,Every 3 Months,35.238095238095234,34.476190476190474,34.08932469253866,100.0,Bronze,At Risk,Accessories,1
1647,58,Male,Handbag,Accessories,77.0,Nebraska,S,Silver,Summer,3.7,No,Standard,Yes,Yes,20,Bank Transfer,Every 3 Months,22.176870748299315,52.675170068027214,37.31830240076257,100.0,Gold,Neutral,Accessories,1
1648,34,Male,Boots,Footwear,78.0,Hawaii,M,Purple,Summer,4.9,No,Store Pickup,Yes,Yes,8,Debit Card,Quarterly,19.04761904761905,60.928571428571445,40.179738604669744,100.0,Gold,Satisfied,Footwear,1
1649,36,Male,Pants,Clothing,69.0,Oklahoma,M,Gray,Summer,2.6,No,Express,Yes,Yes,22,Credit Card,Monthly,50.476190476190474,36.035714285714285,42.544700130202564,100.0,Gold,At Risk,Clothing,1
1650,58,Male,T-shirt,Clothing,63.0,Wisconsin,M,White,Summer,4.9,No,Free Shipping,Yes,Yes,3,Credit Card,Quarterly,14.965986394557826,51.27721088435375,32.96317487285304,100.0,Silver,Satisfied,Clothing,1
1651,60,Male,Scarf,Accessories,36.0,Arkansas,M,Silver,Winter,3.4,No,Next Day Air,Yes,Yes,46,Credit Card,Fortnightly,63.40136054421768,49.27891156462585,56.109231427645746,100.0,Bronze,Neutral,Accessories,1
1652,59,Male,Coat,Outerwear,80.0,Texas,M,Blue,Winter,3.9,No,Standard,Yes,Yes,42,Debit Card,Monthly,66.80272108843538,71.5578231292517,69.75745196570136,100.0,Platinum,Neutral,Outerwear,1
1653,65,Male,Sweater,Clothing,35.0,New Mexico,M,Orange,Summer,4.0,No,Next Day Air,Yes,Yes,1,Bank Transfer,Fortnightly,26.666666666666668,26.25,25.392140768169075,100.0,Bronze,Satisfied,Clothing,1
1654,31,Male,Belt,Accessories,93.0,Colorado,L,Silver,Winter,3.0,No,2-Day Shipping,Yes,Yes,29,Debit Card,Bi-Weekly,42.85714285714286,56.130952380952394,49.511675235367846,100.0,Gold,Neutral,Accessories,1
1655,43,Male,Belt,Accessories,25.0,Indiana,L,Gray,Spring,2.6,No,Store Pickup,Yes,Yes,14,Credit Card,Quarterly,23.94557823129252,12.260204081632653,16.529270884247026,100.0,Bronze,At Risk,Accessories,1
1656,37,Male,Sweater,Clothing,81.0,Arizona,L,Gold,Spring,3.2,No,Next Day Air,Yes,Yes,4,PayPal,Monthly,35.782312925170075,36.79081632653062,35.602700887370254,100.0,Gold,Neutral,Clothing,1
1657,21,Male,Blouse,Clothing,42.0,Indiana,L,Brown,Spring,2.6,No,2-Day Shipping,Yes,Yes,41,PayPal,Every 3 Months,39.31972789115646,37.7108843537415,37.86481442256782,100.0,Bronze,At Risk,Clothing,1
1658,69,Male,Skirt,Clothing,36.0,Indiana,L,Turquoise,Spring,3.2,No,Store Pickup,Yes,Yes,4,Debit Card,Bi-Weekly,22.44897959183674,18.040816326530617,18.880947851843803,100.0,Bronze,Neutral,Clothing,1
1659,32,Male,Jewelry,Accessories,66.0,Alaska,S,Pink,Spring,4.1,No,Store Pickup,Yes,Yes,47,Cash,Weekly,77.55102040816327,71.79251700680271,75.25746121004627,100.0,Platinum,Satisfied,Accessories,1
1660,53,Male,Gloves,Accessories,37.0,Utah,M,Black,Fall,3.9,No,Next Day Air,Yes,Yes,44,Venmo,Annually,35.10204081632653,55.0017006802721,45.02853896789183,100.0,Bronze,Neutral,Accessories,1
1661,59,Male,T-shirt,Clothing,45.0,Louisiana,L,Yellow,Winter,4.1,No,Standard,Yes,Yes,37,Venmo,Monthly,62.72108843537415,56.23979591836734,59.50201768685146,100.0,Silver,Satisfied,Clothing,1
1662,64,Male,Gloves,Accessories,86.0,Iowa,S,Beige,Summer,2.7,No,2-Day Shipping,Yes,Yes,21,Debit Card,Quarterly,29.659863945578234,43.77210884353741,36.285343022895816,100.0,Gold,At Risk,Accessories,1
1663,63,Male,Sunglasses,Accessories,24.0,New Mexico,M,Olive,Winter,4.6,No,Free Shipping,Yes,Yes,46,Debit Card,Fortnightly,63.40136054421768,60.27891156462584,62.00821543071014,100.0,Bronze,Satisfied,Accessories,1
1664,43,Male,Shirt,Clothing,22.0,Maine,XL,Gold,Summer,3.5,No,Standard,Yes,Yes,1,Cash,Bi-Weekly,20.0,14.16666666666667,15.578862886014994,100.0,Bronze,Neutral,Clothing,1
1665,19,Male,Handbag,Accessories,53.0,Minnesota,M,Purple,Spring,5.0,No,Next Day Air,Yes,Yes,35,PayPal,Weekly,67.75510204081631,70.2125850340136,69.51222989606252,100.0,Silver,Satisfied,Accessories,1
1666,40,Male,Jacket,Outerwear,41.0,New Mexico,L,Pink,Fall,3.4,No,Next Day Air,Yes,Yes,49,Venmo,Monthly,72.51700680272108,53.40306122448979,62.87871754505934,100.0,Silver,Neutral,Outerwear,1
1667,51,Male,Skirt,Clothing,64.0,Arkansas,M,Blue,Summer,3.1,No,Store Pickup,Yes,Yes,47,PayPal,Annually,37.55102040816327,57.625850340136054,47.66028484246333,100.0,Silver,Neutral,Clothing,1
1668,51,Male,Handbag,Accessories,40.0,Oklahoma,L,Brown,Winter,3.4,No,2-Day Shipping,Yes,Yes,24,Bank Transfer,Every 3 Months,25.442176870748302,35.97959183673469,29.99759647032298,100.0,Bronze,Neutral,Accessories,1
1669,66,Male,Blouse,Clothing,33.0,Utah,L,Charcoal,Summer,4.0,No,Standard,Yes,Yes,28,Debit Card,Fortnightly,48.707482993197274,43.784013605442176,45.81553672852684,100.0,Bronze,Satisfied,Clothing,1
1670,42,Male,T-shirt,Clothing,59.0,Wisconsin,L,Maroon,Winter,2.7,No,Store Pickup,Yes,Yes,22,Bank Transfer,Quarterly,30.476190476190478,33.20238095238095,31.025264856685975,100.0,Silver,At Risk,Clothing,1
1671,22,Male,Pants,Clothing,73.0,Utah,L,Cyan,Fall,3.6,No,Free Shipping,Yes,Yes,20,Cash,Weekly,55.51020408163265,49.67517006802722,52.376155248411685,100.0,Gold,Neutral,Clothing,1
1672,31,Male,Hoodie,Clothing,22.0,Utah,M,Olive,Winter,4.0,No,Free Shipping,Yes,Yes,25,Bank Transfer,Weekly,59.591836734693885,37.15986394557823,47.7053724285986,100.0,Bronze,Satisfied,Clothing,1
1673,18,Male,Boots,Footwear,73.0,South Carolina,L,Gold,Fall,3.8,No,Free Shipping,Yes,Yes,15,Venmo,Quarterly,24.761904761904763,48.94047619047619,36.60801036756383,100.0,Gold,Neutral,Footwear,1
1674,21,Male,Blouse,Clothing,62.0,Hawaii,M,Violet,Fall,3.4,No,Next Day Air,Yes,Yes,49,Venmo,Bi-Weekly,59.183673469387756,62.15306122448979,60.90442451719391,100.0,Silver,Neutral,Clothing,1
1675,35,Male,Coat,Outerwear,56.0,Alaska,M,Peach,Winter,3.2,No,Free Shipping,Yes,Yes,10,Debit Card,Fortnightly,34.01360544217687,30.455782312925177,31.32105039086207,100.0,Silver,Neutral,Outerwear,1
1676,35,Male,Pants,Clothing,90.0,Colorado,M,Beige,Spring,4.7,No,Next Day Air,Yes,Yes,21,Credit Card,Annually,16.3265306122449,72.10544217687074,44.81302909139504,100.0,Gold,Satisfied,Clothing,1
1677,27,Male,Sunglasses,Accessories,44.0,West Virginia,M,Cyan,Winter,3.1,No,Next Day Air,Yes,Yes,34,Bank Transfer,Weekly,66.93877551020408,40.44897959183674,53.14270005103623,100.0,Silver,Neutral,Accessories,1
1678,65,Male,Jeans,Clothing,35.0,Oregon,L,Silver,Summer,3.3,No,Next Day Air,No,No,41,Debit Card,Weekly,72.65306122448979,44.12755102040816,57.97255509102205,0.0,Bronze,Neutral,Clothing,1
1679,41,Male,Pants,Clothing,71.0,Ohio,S,Magenta,Summer,4.8,No,2-Day Shipping,No,No,30,Venmo,Fortnightly,50.340136054421755,71.64455782312925,61.572672773394046,0.0,Platinum,Satisfied,Clothing,1
1680,60,Male,Dress,Clothing,52.0,Massachusetts,S,Black,Fall,4.5,No,Next Day Air,No,No,24,Debit Card,Bi-Weekly,38.775510204081634,55.646258503401356,47.21093150610479,0.0,Silver,Satisfied,Clothing,1
1681,61,Male,Shoes,Footwear,37.0,Louisiana,M,Olive,Summer,3.4,No,Store Pickup,No,No,6,Credit Card,Annually,4.081632653061225,22.48469387755102,12.080398253823898,0.0,Bronze,Neutral,Footwear,1
1682,24,Male,Sneakers,Footwear,95.0,Virginia,L,Green,Winter,3.7,No,2-Day Shipping,No,No,14,Credit Card,Bi-Weekly,30.612244897959183,56.093537414965986,43.36916168433701,0.0,Gold,Neutral,Footwear,1
1683,65,Male,Socks,Clothing,97.0,New York,M,Yellow,Fall,4.9,No,2-Day Shipping,No,No,37,Credit Card,Bi-Weekly,49.38775510204081,88.57312925170069,70.17478884737413,0.0,Platinum,Satisfied,Clothing,1
1684,23,Male,Coat,Outerwear,57.0,Arkansas,S,Lavender,Spring,3.5,No,Next Day Air,No,No,37,Venmo,Quarterly,42.72108843537415,53.239795918367335,47.8932038678339,0.0,Silver,Neutral,Outerwear,1
1685,30,Male,Shirt,Clothing,93.0,New Mexico,M,Indigo,Spring,4.6,No,Standard,No,No,28,PayPal,Weekly,62.0408163265306,76.78401360544217,70.17915540438672,0.0,Platinum,Satisfied,Clothing,1
1686,33,Male,Blouse,Clothing,48.0,Minnesota,M,Pink,Winter,4.6,No,Standard,No,No,43,PayPal,Bi-Weekly,54.28571428571429,68.23809523809523,61.71867386211729,0.0,Silver,Satisfied,Clothing,1
1687,22,Male,Gloves,Accessories,75.0,Illinois,L,Red,Fall,4.2,No,Store Pickup,No,No,25,Cash,Annually,19.591836734693878,61.90986394557824,40.978086435493516,0.0,Gold,Satisfied,Accessories,1
1688,67,Male,Skirt,Clothing,70.0,Georgia,S,Magenta,Winter,3.7,No,Free Shipping,No,No,4,PayPal,Annually,2.4489795918367347,38.874149659863946,20.053266039465782,0.0,Gold,Neutral,Clothing,1
1689,28,Male,Handbag,Accessories,26.0,Mississippi,S,Peach,Winter,3.0,No,Next Day Air,No,No,13,Venmo,Fortnightly,36.46258503401361,17.32993197278912,25.50652371559134,0.0,Bronze,Neutral,Accessories,1
1690,32,Male,Shirt,Clothing,73.0,North Carolina,L,Turquoise,Winter,4.6,No,Store Pickup,No,No,32,Bank Transfer,Monthly,58.639455782312936,71.17176870748298,65.46878941642869,0.0,Platinum,Satisfied,Clothing,1
1691,40,Male,Coat,Outerwear,30.0,Nevada,M,Black,Summer,3.2,No,Free Shipping,No,No,1,Cash,Annually,0.0,13.500000000000007,5.221348704011092,0.0,Bronze,Neutral,Outerwear,1
1692,64,Male,Shoes,Footwear,61.0,Connecticut,L,Blue,Summer,3.5,No,Next Day Air,No,No,4,Cash,Annually,2.4489795918367347,32.45748299319728,16.612192037678213,0.0,Silver,Neutral,Footwear,1
1693,56,Male,Handbag,Accessories,75.0,Utah,M,Beige,Winter,2.6,No,Standard,No,No,33,Cash,Bi-Weekly,46.12244897959184,46.0187074829932,45.7214218522168,0.0,Gold,At Risk,Accessories,1
1694,63,Male,Jacket,Outerwear,88.0,Tennessee,XL,Olive,Fall,4.9,No,Standard,No,No,45,Bank Transfer,Fortnightly,62.585034013605444,90.26530612244899,77.6808941477837,0.0,Platinum,Satisfied,Outerwear,1
1695,20,Male,Shirt,Clothing,67.0,Mississippi,M,Turquoise,Summer,2.7,No,Express,No,No,20,Debit Card,Fortnightly,42.176870748299315,35.175170068027214,37.933555123160104,0.0,Silver,At Risk,Clothing,1
1696,54,Male,Hat,Accessories,95.0,Nebraska,S,Yellow,Fall,4.7,No,2-Day Shipping,No,No,1,PayPal,Fortnightly,26.666666666666668,60.583333333333336,43.8041211413701,0.0,Gold,Satisfied,Accessories,1
1697,31,Male,Sunglasses,Accessories,69.0,West Virginia,S,Turquoise,Spring,4.0,No,Free Shipping,No,No,7,Credit Card,Bi-Weekly,24.89795918367347,44.49829931972789,34.29382573305483,0.0,Gold,Satisfied,Accessories,1
1698,36,Male,Shirt,Clothing,87.0,South Carolina,L,Lavender,Fall,3.5,No,Next Day Air,No,No,48,Credit Card,Every 3 Months,45.034013605442176,73.22278911564626,59.76597165324002,0.0,Platinum,Neutral,Clothing,1
1699,25,Male,Belt,Accessories,41.0,Iowa,XL,Turquoise,Winter,4.8,No,Standard,No,No,46,Bank Transfer,Quarterly,50.068027210884345,70.02891156462584,60.57019367585057,0.0,Silver,Satisfied,Accessories,1
1700,20,Male,Sweater,Clothing,67.0,North Dakota,L,Teal,Spring,4.0,No,Free Shipping,No,No,34,Debit Card,Annually,26.93877551020408,62.03231292517006,44.7172216934126,0.0,Silver,Satisfied,Clothing,1
1701,62,Male,Hoodie,Clothing,70.0,West Virginia,L,Black,Fall,4.1,No,Express,No,No,36,Bank Transfer,Monthly,61.904761904761905,65.97619047619047,64.31520312555644,0.0,Platinum,Satisfied,Clothing,1
1702,69,Male,Handbag,Accessories,41.0,Mississippi,XL,Blue,Winter,3.8,No,Next Day Air,No,No,44,Debit Card,Every 3 Months,41.76870748299319,55.335034013605444,48.540629392227125,0.0,Bronze,Neutral,Accessories,1
1703,54,Male,Jeans,Clothing,83.0,Alabama,XL,Yellow,Summer,5.0,No,Express,No,No,48,Bank Transfer,Weekly,78.36734693877551,91.5561224489796,86.26427832501405,0.0,Platinum,Satisfied,Clothing,1
1704,39,Male,Backpack,Accessories,22.0,California,M,Black,Spring,4.0,No,Next Day Air,No,No,12,Bank Transfer,Annually,8.979591836734695,28.316326530612244,17.656714912220288,0.0,Bronze,Satisfied,Accessories,1
1705,56,Male,Sneakers,Footwear,20.0,Idaho,M,Lavender,Summer,3.9,No,Store Pickup,No,No,19,Cash,Every 3 Months,21.36054421768707,30.91156462585034,25.2389427397831,0.0,Bronze,Neutral,Footwear,1
1706,39,Male,Jewelry,Accessories,29.0,South Dakota,L,Cyan,Summer,3.4,No,2-Day Shipping,No,No,49,Venmo,Bi-Weekly,59.183673469387756,48.4030612244898,53.53069451336341,0.0,Bronze,Neutral,Accessories,1
1707,37,Male,Sunglasses,Accessories,87.0,North Dakota,M,Brown,Spring,3.0,No,Standard,No,No,25,Venmo,Fortnightly,46.25850340136054,50.90986394557824,48.41243576576244,0.0,Gold,Neutral,Accessories,1
1708,25,Male,Shorts,Clothing,81.0,Nevada,L,Maroon,Fall,4.9,No,2-Day Shipping,No,No,25,Cash,Bi-Weekly,39.59183673469388,73.74319727891157,57.323963166062796,0.0,Platinum,Satisfied,Clothing,1
1709,35,Male,Boots,Footwear,58.0,Florida,L,Cyan,Spring,3.2,No,Express,No,No,1,Credit Card,Quarterly,13.333333333333336,25.166666666666675,18.144513555746073,0.0,Silver,Neutral,Footwear,1
1710,45,Male,Skirt,Clothing,83.0,Indiana,M,Pink,Winter,3.8,No,Standard,No,No,19,Bank Transfer,Annually,14.693877551020407,55.828231292517,35.267701958845656,0.0,Gold,Neutral,Clothing,1
1711,19,Male,Pants,Clothing,59.0,Arkansas,XL,Orange,Fall,3.8,No,Store Pickup,No,No,7,Credit Card,Quarterly,18.231292517006807,37.66496598639456,27.295972034181492,0.0,Silver,Neutral,Clothing,1
1712,21,Male,T-shirt,Clothing,93.0,North Carolina,M,Lavender,Spring,4.7,No,Express,No,No,19,Credit Card,Monthly,48.02721088435374,71.99489795918367,60.604087539106985,0.0,Platinum,Satisfied,Clothing,1
1713,65,Male,T-shirt,Clothing,87.0,Illinois,S,Beige,Fall,3.8,No,2-Day Shipping,No,No,9,Cash,Fortnightly,33.197278911564624,50.6921768707483,41.76508419612851,0.0,Gold,Neutral,Clothing,1
1714,49,Male,Jacket,Outerwear,22.0,Missouri,M,Pink,Winter,4.6,No,Free Shipping,No,No,37,PayPal,Quarterly,42.72108843537415,53.323129251700664,47.937893140584386,0.0,Bronze,Satisfied,Outerwear,1
1715,30,Male,Jeans,Clothing,71.0,South Dakota,S,Charcoal,Summer,4.4,No,Standard,No,No,15,Cash,Monthly,44.761904761904766,56.10714285714287,50.451287824105805,0.0,Silver,Satisfied,Clothing,1
1716,23,Male,Dress,Clothing,69.0,Idaho,XL,Gray,Spring,3.4,No,2-Day Shipping,No,No,30,PayPal,Bi-Weekly,43.6734693877551,52.14455782312925,47.78204961644653,0.0,Silver,Neutral,Clothing,1
1717,69,Male,Blouse,Clothing,47.0,Connecticut,M,Cyan,Winter,4.7,No,Standard,No,No,30,Cash,Every 3 Months,30.340136054421762,60.31122448979591,45.494931679327685,0.0,Silver,Satisfied,Clothing,1
1718,29,Male,Hoodie,Clothing,50.0,Hawaii,L,Orange,Summer,2.9,No,Express,No,No,16,Debit Card,Bi-Weekly,32.244897959183675,28.03741496598639,29.139795713626814,0.0,Silver,At Risk,Clothing,1
1719,54,Male,T-shirt,Clothing,96.0,Maryland,L,Pink,Winter,3.4,No,2-Day Shipping,No,No,14,PayPal,Every 3 Months,17.278911564625847,52.51020408163266,34.78085628939937,0.0,Gold,Neutral,Clothing,1
1720,45,Male,Sweater,Clothing,39.0,Maryland,M,White,Winter,3.2,No,Free Shipping,No,No,8,Venmo,Quarterly,19.04761904761905,22.01190476190477,19.309848230191882,0.0,Bronze,Neutral,Clothing,1
1721,25,Male,Shorts,Clothing,84.0,Massachusetts,S,Beige,Winter,2.8,No,Express,No,No,40,Debit Card,Bi-Weekly,51.83673469387755,57.19727891156462,54.57331143974653,0.0,Platinum,At Risk,Clothing,1
1722,34,Male,Jewelry,Accessories,28.0,Delaware,S,Magenta,Spring,4.3,No,Free Shipping,No,No,24,Credit Card,Monthly,52.10884353741497,42.97959183673469,47.0848287146973,0.0,Bronze,Satisfied,Accessories,1
1723,46,Male,T-shirt,Clothing,51.0,Massachusetts,L,Violet,Summer,3.3,No,Standard,No,No,14,Cash,Fortnightly,37.27891156462585,32.42687074829932,34.01074155653177,0.0,Silver,Neutral,Clothing,1
1724,70,Male,Scarf,Accessories,20.0,New York,XL,Gold,Spring,3.3,No,Standard,No,No,39,PayPal,Annually,31.0204081632653,36.517006802721085,33.074912324523396,0.0,Bronze,Neutral,Accessories,1
1725,42,Male,Shoes,Footwear,72.0,Delaware,S,Teal,Winter,3.3,No,Free Shipping,No,No,21,PayPal,Weekly,56.326530612244895,45.93877551020408,50.78059744774184,0.0,Gold,Neutral,Footwear,1
1726,45,Male,Sunglasses,Accessories,33.0,Massachusetts,M,Indigo,Spring,3.0,No,Next Day Air,No,No,32,Venmo,Quarterly,38.63945578231293,33.171768707483,35.09048104220621,0.0,Bronze,Neutral,Accessories,1
1727,57,Male,Coat,Outerwear,28.0,Indiana,S,Olive,Summer,2.8,No,Express,No,No,45,Debit Card,Weekly,75.91836734693878,37.26530612244897,55.92518334514003,0.0,Bronze,At Risk,Outerwear,1
1728,49,Male,Blouse,Clothing,53.0,Virginia,S,Violet,Spring,4.0,No,Express,No,No,19,PayPal,Monthly,48.02721088435374,45.994897959183675,46.66103444095475,0.0,Silver,Satisfied,Clothing,1
1729,23,Male,Jeans,Clothing,48.0,Wyoming,L,Black,Fall,4.3,No,Express,No,No,1,Debit Card,Every 3 Months,6.666666666666667,35.66666666666667,20.44202858897421,0.0,Bronze,Satisfied,Clothing,1
1730,47,Male,Shorts,Clothing,21.0,Illinois,M,Brown,Winter,3.8,No,Store Pickup,No,No,12,Venmo,Fortnightly,35.64625850340136,25.232993197278912,29.336545153785572,0.0,Bronze,Neutral,Clothing,1
1731,23,Male,Shirt,Clothing,22.0,Alabama,S,Silver,Fall,4.2,No,Free Shipping,No,No,26,Credit Card,Weekly,60.408163265306115,40.506802721088434,49.90840281172023,0.0,Bronze,Satisfied,Clothing,1
1732,21,Male,Backpack,Accessories,87.0,Idaho,M,Gray,Fall,3.1,No,Next Day Air,No,No,12,Cash,Monthly,42.312925170068034,43.39965986394559,42.41213994672528,0.0,Gold,Neutral,Accessories,1
1733,45,Male,Belt,Accessories,50.0,Rhode Island,S,Charcoal,Winter,2.6,No,Free Shipping,No,No,36,Cash,Every 3 Months,35.238095238095234,37.64285714285714,35.78751705705721,0.0,Silver,At Risk,Accessories,1
1734,67,Male,Blouse,Clothing,85.0,New York,L,Black,Summer,3.4,No,Express,No,No,22,Credit Card,Annually,17.14285714285714,53.36904761904761,35.17340219563738,0.0,Gold,Neutral,Clothing,1
1735,31,Male,Jeans,Clothing,98.0,Missouri,L,Brown,Spring,3.1,No,Next Day Air,No,No,16,PayPal,Quarterly,25.578231292517007,50.704081632653065,37.961944568426205,0.0,Gold,Neutral,Clothing,1
1736,58,Male,Dress,Clothing,34.0,Texas,M,Purple,Winter,3.6,No,Express,No,No,31,Venmo,Annually,24.489795918367342,40.90816326530612,32.16445726823279,0.0,Bronze,Neutral,Clothing,1
1737,57,Male,Shorts,Clothing,61.0,Tennessee,M,Purple,Summer,2.6,No,2-Day Shipping,No,No,43,Cash,Quarterly,47.61904761904762,46.98809523809524,46.98957597740955,0.0,Silver,At Risk,Clothing,1
1738,42,Male,Jewelry,Accessories,98.0,Ohio,L,Gray,Summer,4.2,No,Store Pickup,No,No,50,Venmo,Bi-Weekly,60.00000000000001,88.5,75.44169417945022,0.0,Platinum,Satisfied,Accessories,1
1739,60,Male,Handbag,Accessories,61.0,Tennessee,M,Green,Spring,2.9,No,2-Day Shipping,No,No,37,Credit Card,Weekly,69.3877551020408,46.90646258503401,57.830152472130145,0.0,Silver,At Risk,Accessories,1
1740,21,Male,Jewelry,Accessories,98.0,Minnesota,L,Silver,Winter,4.2,No,Express,No,No,23,Cash,Weekly,57.95918367346938,70.13265306122449,64.57140549158757,0.0,Platinum,Satisfied,Accessories,1
1741,69,Male,Pants,Clothing,21.0,Wisconsin,L,Charcoal,Fall,3.3,No,Next Day Air,No,No,10,Bank Transfer,Every 3 Months,14.013605442176868,17.205782312925173,14.21545602353449,0.0,Bronze,Neutral,Clothing,1
1742,41,Male,Pants,Clothing,51.0,Delaware,XL,Teal,Winter,3.6,No,Next Day Air,No,No,20,Bank Transfer,Monthly,48.843537414965986,40.50850340136055,44.12700191252467,0.0,Silver,Neutral,Clothing,1
1743,51,Male,Sandals,Footwear,80.0,Kansas,XL,White,Spring,4.3,No,Express,No,No,18,Venmo,Every 3 Months,20.544217687074827,60.56462585034013,40.73286436585468,0.0,Gold,Satisfied,Footwear,1
1744,23,Male,Skirt,Clothing,72.0,Missouri,XL,Brown,Winter,3.3,No,Standard,No,No,3,Bank Transfer,Weekly,41.63265306122449,33.693877551020414,36.867071655833406,0.0,Gold,Neutral,Clothing,1
1745,57,Male,Sunglasses,Accessories,63.0,Michigan,L,Teal,Winter,3.0,No,Standard,No,No,23,PayPal,Weekly,57.95918367346938,39.54931972789116,48.170442392158506,0.0,Silver,Neutral,Accessories,1
1746,40,Male,Skirt,Clothing,27.0,West Virginia,L,Red,Winter,3.6,No,Store Pickup,No,No,27,Cash,Weekly,61.224489795918366,35.27040816326531,47.508438101541614,0.0,Bronze,Neutral,Clothing,1
1747,65,Male,Handbag,Accessories,44.0,Alabama,L,Brown,Summer,3.1,No,Store Pickup,No,No,44,Bank Transfer,Fortnightly,61.76870748299319,47.251700680272116,54.20576993542981,0.0,Silver,Neutral,Accessories,1
1748,61,Male,Coat,Outerwear,23.0,New Hampshire,M,Yellow,Winter,2.9,No,Express,No,No,41,Venmo,Quarterly,45.98639455782313,33.79421768707482,39.097751936628214,0.0,Bronze,At Risk,Outerwear,1
1749,34,Male,Skirt,Clothing,93.0,Montana,L,Teal,Winter,3.9,No,2-Day Shipping,No,No,41,Bank Transfer,Annually,32.6530612244898,76.29421768707483,55.22261437271039,0.0,Platinum,Neutral,Clothing,1
1750,43,Male,Hoodie,Clothing,70.0,Wyoming,L,Pink,Fall,3.2,No,2-Day Shipping,No,No,36,Debit Card,Every 3 Months,35.238095238095234,53.976190476190474,44.546614516152836,0.0,Gold,Neutral,Clothing,1
1751,31,Male,Sunglasses,Accessories,85.0,Missouri,M,White,Fall,3.1,No,Express,No,No,38,Venmo,Every 3 Months,36.87074829931973,60.253401360544224,48.729228918643685,0.0,Gold,Neutral,Accessories,1
1752,57,Male,Sweater,Clothing,40.0,Ohio,M,Silver,Winter,3.2,No,2-Day Shipping,No,No,34,Cash,Annually,26.93877551020408,40.1156462585034,32.963942960034274,0.0,Bronze,Neutral,Clothing,1
1753,34,Male,Boots,Footwear,29.0,South Dakota,L,Blue,Winter,3.3,No,Store Pickup,No,No,14,Venmo,Quarterly,23.94557823129252,23.260204081632654,22.428254887311432,0.0,Bronze,Neutral,Footwear,1
1754,25,Male,Skirt,Clothing,27.0,Colorado,L,Black,Fall,4.8,No,Next Day Air,No,No,23,Credit Card,Fortnightly,44.625850340136054,48.54931972789115,46.33021718254454,0.0,Bronze,Satisfied,Clothing,1
1755,66,Male,Dress,Clothing,93.0,Massachusetts,S,Beige,Fall,3.8,No,2-Day Shipping,No,No,18,Credit Card,Fortnightly,40.54421768707483,59.31462585034013,50.062525274597355,0.0,Gold,Neutral,Clothing,1
1756,56,Male,Belt,Accessories,20.0,Delaware,XL,Charcoal,Spring,4.6,No,Next Day Air,No,No,45,Cash,Monthly,69.25170068027211,57.93197278911564,63.6747896539277,0.0,Bronze,Satisfied,Accessories,1
1757,49,Male,Jewelry,Accessories,55.0,New Hampshire,S,Cyan,Fall,2.8,No,Free Shipping,No,No,14,Bank Transfer,Weekly,50.61224489795918,27.426870748299315,37.99605185816915,0.0,Silver,At Risk,Accessories,1
1758,19,Male,Dress,Clothing,94.0,Michigan,L,Yellow,Fall,3.6,No,Standard,No,No,48,Debit Card,Annually,38.36734693877551,77.47278911564625,58.711791230181575,0.0,Platinum,Neutral,Clothing,1
1759,27,Male,Hat,Accessories,56.0,Pennsylvania,M,Silver,Winter,4.3,No,Free Shipping,No,No,17,Venmo,Bi-Weekly,33.06122448979592,49.884353741496604,41.263844647356784,0.0,Silver,Satisfied,Accessories,1
1760,68,Male,Sweater,Clothing,58.0,Louisiana,L,Green,Spring,4.0,No,Next Day Air,No,No,1,PayPal,Weekly,40.0,35.83333333333334,37.19807380114186,0.0,Silver,Satisfied,Clothing,1
1761,20,Male,Skirt,Clothing,44.0,Minnesota,XL,Peach,Spring,3.5,No,Standard,No,No,39,PayPal,Weekly,71.02040816326529,49.18367346938775,59.86768178259756,0.0,Silver,Neutral,Clothing,1
1762,21,Male,Hoodie,Clothing,95.0,Hawaii,S,Green,Fall,4.9,No,2-Day Shipping,No,No,24,Cash,Weekly,58.77551020408163,78.89625850340136,69.67923860349092,0.0,Platinum,Satisfied,Clothing,1
1763,36,Male,Sandals,Footwear,42.0,Idaho,M,Brown,Summer,3.1,No,Express,No,No,41,Bank Transfer,Fortnightly,59.31972789115646,44.37755102040817,51.43995624260684,0.0,Silver,Neutral,Footwear,1
1764,37,Male,Jewelry,Accessories,93.0,Vermont,M,Lavender,Winter,3.9,No,Store Pickup,No,No,28,PayPal,Annually,22.04081632653061,67.45068027210884,45.173956856332076,0.0,Gold,Neutral,Accessories,1
1765,61,Male,Dress,Clothing,56.0,Delaware,M,Charcoal,Summer,3.0,No,Store Pickup,No,No,34,Venmo,Quarterly,40.27210884353742,44.1156462585034,41.77569471872437,0.0,Silver,Neutral,Clothing,1
1766,68,Male,Hoodie,Clothing,88.0,New Mexico,M,Orange,Spring,4.1,No,2-Day Shipping,No,No,41,Venmo,Quarterly,45.98639455782313,76.87755102040815,62.20210594863047,0.0,Platinum,Satisfied,Clothing,1
1767,60,Male,Sweater,Clothing,54.0,Alaska,S,Cyan,Winter,4.3,No,2-Day Shipping,No,No,27,Cash,Bi-Weekly,41.224489795918366,55.85374149659863,48.54668847091212,0.0,Silver,Satisfied,Clothing,1
1768,69,Male,Jewelry,Accessories,89.0,Minnesota,L,Lavender,Fall,3.8,No,2-Day Shipping,No,No,46,Debit Card,Fortnightly,63.40136054421768,76.69557823129252,70.81200216255627,0.0,Platinum,Neutral,Accessories,1
1769,25,Male,Sandals,Footwear,45.0,Nebraska,M,Indigo,Summer,3.9,No,2-Day Shipping,No,No,2,PayPal,Every 3 Months,7.482993197278912,29.76360544217687,17.684549696791684,0.0,Bronze,Neutral,Footwear,1
1770,32,Male,Socks,Clothing,75.0,Alaska,L,Brown,Winter,4.3,No,Free Shipping,No,No,45,Cash,Monthly,69.25170068027211,76.8486394557823,73.81925456828846,0.0,Platinum,Satisfied,Clothing,1
1771,53,Male,Backpack,Accessories,22.0,Michigan,M,Pink,Fall,4.3,No,Express,No,No,34,Bank Transfer,Weekly,66.93877551020408,47.28231292517007,56.80722041657624,0.0,Bronze,Satisfied,Accessories,1
1772,46,Male,Shirt,Clothing,82.0,Indiana,XL,Turquoise,Fall,4.7,No,Store Pickup,No,No,9,Credit Card,Annually,6.530612244897958,60.60884353741497,33.74977432010324,0.0,Gold,Satisfied,Clothing,1
1773,58,Male,Shoes,Footwear,34.0,Hawaii,M,Gold,Summer,3.1,No,2-Day Shipping,No,No,1,Bank Transfer,Annually,0.0,13.833333333333343,5.4001057950130456,0.0,Bronze,Neutral,Footwear,1
1774,21,Male,Coat,Outerwear,92.0,West Virginia,M,Blue,Summer,2.7,No,Free Shipping,No,No,17,PayPal,Annually,13.061224489795917,43.55102040816327,27.867459918319692,0.0,Gold,At Risk,Outerwear,1
1775,46,Male,Sweater,Clothing,78.0,New York,M,Lavender,Spring,3.7,No,Express,No,No,6,PayPal,Weekly,44.08163265306122,43.56802721088437,43.38678425969735,0.0,Gold,Neutral,Clothing,1
1776,18,Male,Jacket,Outerwear,47.0,Iowa,M,Violet,Spring,3.3,No,2-Day Shipping,No,No,12,Cash,Bi-Weekly,28.9795918367347,29.399659863945583,28.237675457976636,0.0,Bronze,Neutral,Outerwear,1
1777,56,Male,Jacket,Outerwear,64.0,Arizona,L,Cyan,Summer,3.4,No,Free Shipping,No,No,10,Venmo,Every 3 Months,14.013605442176868,36.45578231292517,24.5386780288972,0.0,Gold,Neutral,Outerwear,1
1778,18,Male,Sneakers,Footwear,44.0,Minnesota,L,Purple,Winter,4.7,No,Free Shipping,No,No,4,Cash,Fortnightly,29.115646258503403,41.374149659863946,34.72727755531375,0.0,Bronze,Satisfied,Footwear,1
1779,49,Male,Belt,Accessories,94.0,Texas,M,Red,Winter,4.9,No,Store Pickup,No,No,8,Debit Card,Bi-Weekly,25.71428571428572,67.5952380952381,47.08821375804211,0.0,Gold,Satisfied,Accessories,1
1780,29,Male,Scarf,Accessories,62.0,Virginia,M,Charcoal,Winter,4.3,No,Free Shipping,No,No,41,Venmo,Weekly,72.65306122448979,68.71088435374149,71.15589055241598,0.0,Silver,Satisfied,Accessories,1
1781,67,Male,Jewelry,Accessories,81.0,North Dakota,S,Gray,Summer,4.2,No,Next Day Air,No,No,49,Credit Card,Weekly,79.18367346938776,80.73639455782312,80.87013234055271,0.0,Platinum,Satisfied,Accessories,1
1782,31,Male,T-shirt,Clothing,33.0,Iowa,M,Pink,Fall,3.7,No,Express,No,No,49,Bank Transfer,Quarterly,52.51700680272109,54.06972789115646,53.236231727063256,0.0,Bronze,Neutral,Clothing,1
1783,52,Male,Pants,Clothing,88.0,Utah,M,Lavender,Fall,2.7,No,Next Day Air,No,No,40,Bank Transfer,Fortnightly,58.50340136054422,57.53061224489796,58.08540186408182,0.0,Platinum,At Risk,Clothing,1
1784,42,Male,Handbag,Accessories,49.0,Ohio,L,Lavender,Winter,3.3,No,Free Shipping,No,No,30,Credit Card,Monthly,57.006802721088434,42.47789115646258,49.26476064405661,0.0,Silver,Neutral,Accessories,1
1785,32,Male,Backpack,Accessories,31.0,Louisiana,L,Yellow,Summer,4.8,No,Standard,No,No,4,Debit Card,Quarterly,15.782312925170071,37.29081632653061,25.870836523873177,0.0,Bronze,Satisfied,Accessories,1
1786,47,Male,Gloves,Accessories,29.0,Iowa,S,Peach,Fall,4.1,No,Next Day Air,No,No,22,Venmo,Monthly,50.476190476190474,39.36904761904761,44.33227104022207,0.0,Bronze,Satisfied,Accessories,1
1787,45,Male,Jacket,Outerwear,34.0,Maryland,M,Brown,Spring,4.6,No,2-Day Shipping,No,No,22,Venmo,Monthly,50.476190476190474,48.119047619047606,49.024644679023304,0.0,Bronze,Satisfied,Outerwear,1
1788,20,Male,Sweater,Clothing,38.0,Montana,L,Gold,Fall,4.9,No,2-Day Shipping,No,No,10,Bank Transfer,Quarterly,20.68027210884354,45.622448979591844,32.7878313647842,0.0,Bronze,Satisfied,Clothing,1
1789,66,Male,Blouse,Clothing,41.0,Illinois,L,Pink,Summer,3.1,No,Store Pickup,No,No,23,Cash,Bi-Weekly,37.95918367346939,31.715986394557827,33.96965075361265,0.0,Bronze,Neutral,Clothing,1
1790,52,Male,Blouse,Clothing,34.0,Arizona,L,Peach,Spring,3.0,No,2-Day Shipping,No,No,43,Debit Card,Quarterly,47.61904761904762,41.07142857142858,43.81663761212491,0.0,Bronze,Neutral,Clothing,1
1791,50,Male,Gloves,Accessories,26.0,North Carolina,S,Violet,Summer,3.7,No,Store Pickup,No,No,31,PayPal,Bi-Weekly,44.48979591836735,38.90816326530612,41.09191472222108,0.0,Bronze,Neutral,Accessories,1
1792,62,Male,Jeans,Clothing,98.0,Montana,S,Purple,Winter,4.0,No,Store Pickup,No,No,38,Cash,Annually,30.20408163265306,77.67006802721087,54.73595359016231,0.0,Platinum,Satisfied,Clothing,1
1793,38,Male,Sneakers,Footwear,59.0,Iowa,M,Peach,Fall,3.0,No,Express,No,No,22,Debit Card,Every 3 Months,23.809523809523807,37.202380952380956,29.83701661537606,0.0,Silver,Neutral,Footwear,1
1794,65,Male,Hat,Accessories,92.0,Iowa,S,White,Fall,3.8,No,Store Pickup,No,No,45,Cash,Every 3 Months,42.58503401360544,77.26530612244898,60.709367598707566,0.0,Platinum,Neutral,Accessories,1
1795,60,Male,Backpack,Accessories,40.0,Ohio,L,Indigo,Spring,3.7,No,Express,No,No,21,Debit Card,Fortnightly,42.993197278911566,37.93877551020408,39.82376059702833,0.0,Bronze,Neutral,Accessories,1
1796,68,Male,Jeans,Clothing,20.0,Wisconsin,S,Violet,Fall,4.0,No,2-Day Shipping,No,No,9,Debit Card,Fortnightly,33.197278911564624,25.442176870748302,28.22423455273067,0.0,Bronze,Satisfied,Clothing,1
1797,62,Male,Skirt,Clothing,35.0,South Carolina,S,Brown,Spring,3.1,No,Store Pickup,No,No,34,Venmo,Weekly,66.93877551020408,36.69897959183674,51.131682777264274,0.0,Bronze,Neutral,Clothing,1
1798,62,Male,Belt,Accessories,35.0,Oregon,L,Maroon,Spring,3.9,No,2-Day Shipping,No,No,26,Venmo,Weekly,60.408163265306115,41.9234693877551,50.668120448478525,0.0,Bronze,Neutral,Accessories,1
1799,40,Male,Dress,Clothing,82.0,North Dakota,L,Magenta,Winter,3.7,No,Express,No,No,1,Cash,Weekly,40.0,41.83333333333334,40.415701439176985,0.0,Gold,Neutral,Clothing,1
1800,32,Male,Hoodie,Clothing,48.0,California,M,Charcoal,Fall,3.9,No,Express,No,No,47,Venmo,Weekly,77.55102040816327,61.625850340136054,69.80536993448675,0.0,Silver,Neutral,Clothing,1
1801,22,Male,Coat,Outerwear,58.0,Mississippi,XL,Indigo,Winter,2.7,No,Express,No,No,30,Credit Card,Weekly,63.67346938775509,38.22789115646258,50.318941067115055,0.0,Silver,At Risk,Outerwear,1
1802,33,Male,Sweater,Clothing,57.0,New Jersey,M,Turquoise,Spring,3.9,No,Express,No,No,48,Debit Card,Fortnightly,65.03401360544217,66.0561224489796,65.92269419669806,0.0,Silver,Neutral,Clothing,1
1803,57,Male,Shorts,Clothing,96.0,Rhode Island,L,Turquoise,Winter,2.6,No,Store Pickup,No,No,31,Venmo,Bi-Weekly,44.48979591836735,53.40816326530612,48.86784818080598,0.0,Gold,At Risk,Clothing,1
1804,60,Male,Sneakers,Footwear,97.0,New Hampshire,S,Gray,Summer,3.5,No,Free Shipping,No,No,33,Venmo,Fortnightly,52.7891156462585,67.18537414965986,60.40583046417406,0.0,Platinum,Neutral,Footwear,1
1805,30,Male,Sweater,Clothing,42.0,Louisiana,L,Peach,Winter,4.4,No,Next Day Air,No,No,39,Credit Card,Weekly,71.02040816326529,60.35034013605443,65.85604433116295,0.0,Silver,Satisfied,Clothing,1
1806,41,Male,T-shirt,Clothing,62.0,Arizona,L,Gold,Spring,4.9,No,Store Pickup,No,No,46,Debit Card,Weekly,76.73469387755101,80.11224489795919,79.31092901199295,0.0,Silver,Satisfied,Clothing,1
1807,58,Male,Handbag,Accessories,67.0,Rhode Island,M,Green,Fall,3.9,No,Standard,No,No,24,Venmo,Annually,18.775510204081634,53.89625850340136,36.272456778344555,0.0,Gold,Neutral,Accessories,1
1808,34,Male,Sneakers,Footwear,46.0,Vermont,L,Gold,Summer,3.5,No,Standard,No,No,37,Venmo,Fortnightly,56.05442176870747,48.656462585034014,52.10196053322373,0.0,Silver,Neutral,Footwear,1
1809,67,Male,Jacket,Outerwear,71.0,Tennessee,M,Lavender,Spring,4.3,No,Next Day Air,No,No,7,Debit Card,Monthly,38.23129251700681,49.33163265306123,43.5524702192498,0.0,Gold,Satisfied,Outerwear,1
1810,58,Male,Backpack,Accessories,99.0,Alaska,S,Blue,Fall,3.4,No,Free Shipping,No,No,6,Debit Card,Fortnightly,30.74829931972789,48.31802721088435,39.267406139808486,0.0,Gold,Neutral,Accessories,1
1811,41,Male,Jeans,Clothing,28.0,Maryland,M,Magenta,Fall,2.7,No,Standard,No,No,16,Cash,Bi-Weekly,32.244897959183675,16.204081632653065,22.793918983057537,0.0,Bronze,At Risk,Clothing,1
1812,42,Male,Belt,Accessories,77.0,Wisconsin,L,Blue,Summer,3.6,No,Standard,No,No,33,Bank Transfer,Annually,26.122448979591834,60.185374149659864,43.31859821979974,0.0,Gold,Neutral,Accessories,1
1813,50,Male,Boots,Footwear,63.0,Nevada,S,Blue,Summer,4.9,No,Express,No,No,18,PayPal,Bi-Weekly,33.877551020408156,61.4812925170068,47.891113032776715,0.0,Silver,Satisfied,Footwear,1
1814,40,Male,Shorts,Clothing,62.0,Illinois,M,Olive,Spring,3.5,No,Free Shipping,No,No,24,PayPal,Weekly,58.77551020408163,46.4795918367347,52.29511150355113,0.0,Silver,Neutral,Clothing,1
1815,32,Male,Jeans,Clothing,92.0,Montana,M,White,Summer,3.8,No,Free Shipping,No,No,24,Cash,Quarterly,32.10884353741497,62.97959183673469,47.8102541748144,0.0,Gold,Neutral,Clothing,1
1816,51,Male,Shoes,Footwear,72.0,New Mexico,L,White,Winter,4.5,No,2-Day Shipping,No,No,48,Credit Card,Every 3 Months,45.034013605442176,80.3061224489796,63.564559837031496,0.0,Platinum,Satisfied,Footwear,1
1817,26,Male,Hat,Accessories,79.0,Virginia,M,Purple,Summer,4.0,No,Express,No,No,4,Cash,Weekly,42.44897959183673,46.62414965986395,44.20936840526116,0.0,Gold,Satisfied,Accessories,1
1818,32,Male,T-shirt,Clothing,27.0,Delaware,M,White,Summer,4.7,No,Free Shipping,No,No,20,Cash,Weekly,55.51020408163265,45.17517006802721,49.96293451988532,0.0,Bronze,Satisfied,Clothing,1
1819,58,Male,Sunglasses,Accessories,39.0,North Carolina,M,White,Fall,3.8,No,Express,No,No,47,Debit Card,Every 3 Months,44.21768707482993,56.54251700680272,50.412657630040314,0.0,Bronze,Neutral,Accessories,1
1820,51,Male,Socks,Clothing,86.0,Nevada,S,Peach,Spring,4.5,No,Next Day Air,No,No,50,Cash,Quarterly,53.33333333333334,87.5,71.57208957311103,0.0,Platinum,Satisfied,Clothing,1
1821,19,Male,Shirt,Clothing,94.0,Washington,XL,Gold,Fall,5.0,No,Express,No,No,31,PayPal,Monthly,57.82312925170068,84.57482993197279,72.24830285615514,0.0,Platinum,Satisfied,Clothing,1
1822,57,Male,Shorts,Clothing,53.0,Maine,M,Teal,Spring,2.8,No,Express,No,No,29,PayPal,Quarterly,36.1904761904762,36.797619047619044,35.810430623921306,0.0,Silver,At Risk,Clothing,1
1823,66,Male,Shirt,Clothing,85.0,Connecticut,S,Cyan,Summer,4.4,No,Standard,No,No,4,Cash,Annually,2.4489795918367347,54.45748299319728,28.41016004380702,0.0,Gold,Satisfied,Clothing,1
1824,62,Male,Socks,Clothing,50.0,Louisiana,L,Pink,Fall,4.7,No,Free Shipping,No,No,40,Bank Transfer,Bi-Weekly,51.83673469387755,68.3639455782313,60.56167398831192,0.0,Silver,Satisfied,Clothing,1
1825,58,Male,Pants,Clothing,47.0,Illinois,XL,Magenta,Winter,3.8,No,Express,No,No,31,Cash,Monthly,57.82312925170068,48.99149659863945,53.165983391696784,0.0,Silver,Neutral,Clothing,1
1826,23,Male,Boots,Footwear,75.0,South Dakota,M,Pink,Winter,4.9,No,Next Day Air,No,No,41,Credit Card,Weekly,72.65306122448979,82.12755102040816,78.35086346524453,0.0,Platinum,Satisfied,Footwear,1
1827,45,Male,T-shirt,Clothing,60.0,Indiana,M,Turquoise,Winter,4.2,No,Express,No,No,44,Debit Card,Annually,35.10204081632653,68.58503401360544,52.31289042622137,0.0,Silver,Satisfied,Clothing,1
1828,20,Male,T-shirt,Clothing,36.0,Vermont,S,Pink,Spring,4.9,No,2-Day Shipping,No,No,31,Bank Transfer,Weekly,64.48979591836735,59.07482993197279,61.90671872783917,0.0,Bronze,Satisfied,Clothing,1
1829,33,Male,Coat,Outerwear,80.0,New Hampshire,L,Gray,Spring,3.9,No,Express,No,No,45,Cash,Every 3 Months,42.58503401360544,73.5986394557823,58.7430395976861,0.0,Platinum,Neutral,Outerwear,1
1830,30,Male,Hat,Accessories,96.0,Oregon,M,White,Spring,4.9,No,2-Day Shipping,No,No,50,Credit Card,Quarterly,53.33333333333334,97.00000000000001,76.66666666666667,0.0,Platinum,Satisfied,Accessories,1
1831,50,Male,Sunglasses,Accessories,80.0,Kansas,M,Blue,Winter,4.8,No,Express,No,No,7,Venmo,Annually,4.8979591836734695,59.74829931972789,32.471962646394125,0.0,Gold,Satisfied,Accessories,1
1832,62,Male,Blouse,Clothing,71.0,Maine,M,Cyan,Summer,3.3,No,Free Shipping,No,No,5,Bank Transfer,Every 3 Months,9.931972789115646,34.63775510204082,21.522905935626348,0.0,Gold,Neutral,Clothing,1
1833,69,Male,Jewelry,Accessories,29.0,Louisiana,M,Blue,Fall,4.6,No,Free Shipping,No,No,48,Cash,Monthly,71.70068027210885,63.72278911564625,68.00472789301773,0.0,Bronze,Satisfied,Accessories,1
1834,34,Male,Jewelry,Accessories,53.0,Louisiana,M,Yellow,Spring,4.5,No,2-Day Shipping,No,No,19,PayPal,Fortnightly,41.36054421768707,52.661564625850346,46.90284292766045,0.0,Silver,Satisfied,Accessories,1
1835,49,Male,Skirt,Clothing,35.0,Indiana,M,Charcoal,Summer,4.1,No,2-Day Shipping,No,No,39,Venmo,Fortnightly,57.68707482993196,53.43367346938774,55.48016802620578,0.0,Bronze,Satisfied,Clothing,1
1836,65,Male,Scarf,Accessories,75.0,Kentucky,M,Lavender,Fall,3.2,No,2-Day Shipping,No,No,45,Credit Card,Quarterly,49.25170068027211,62.18197278911565,55.953942564202585,0.0,Platinum,Neutral,Accessories,1
1837,66,Male,Pants,Clothing,52.0,South Carolina,M,Teal,Fall,4.2,No,2-Day Shipping,No,No,35,Credit Card,Monthly,61.088435374149654,59.12925170068027,60.235223286914305,0.0,Silver,Satisfied,Clothing,1
1838,41,Male,Hat,Accessories,77.0,Montana,M,Beige,Winter,4.8,No,Free Shipping,No,No,8,Venmo,Monthly,39.04761904761905,59.17857142857142,49.24126387690949,0.0,Gold,Satisfied,Accessories,1
1839,37,Male,Gloves,Accessories,24.0,Vermont,L,Blue,Fall,4.1,No,Next Day Air,No,No,11,Credit Card,Quarterly,21.496598639455783,29.80272108843537,24.712329015293612,0.0,Bronze,Satisfied,Accessories,1
1840,32,Male,Shirt,Clothing,78.0,Mississippi,XL,Purple,Winter,3.7,No,Store Pickup,No,No,32,Cash,Annually,25.30612244897959,61.25510204081633,43.48409929245397,0.0,Gold,Neutral,Clothing,1
1841,42,Male,Sandals,Footwear,98.0,Wyoming,M,Gold,Winter,2.6,No,Store Pickup,No,No,46,Bank Transfer,Every 3 Months,43.40136054421768,64.44557823129252,54.242679068234544,0.0,Platinum,At Risk,Footwear,1
1842,31,Male,Socks,Clothing,57.0,Vermont,L,Blue,Winter,3.0,No,Standard,No,No,7,PayPal,Every 3 Months,11.564625850340136,26.164965986394563,17.795519061280825,0.0,Silver,Neutral,Clothing,1
1843,61,Male,Handbag,Accessories,78.0,Alabama,M,Black,Summer,4.4,No,Express,No,No,1,Debit Card,Annually,0.0,49.500000000000014,24.527114532221876,0.0,Gold,Satisfied,Accessories,1
1844,36,Male,Jacket,Outerwear,76.0,Kentucky,M,Charcoal,Fall,4.7,No,Next Day Air,No,No,32,Credit Card,Monthly,58.639455782312936,73.75510204081633,66.85415687169383,0.0,Platinum,Satisfied,Outerwear,1
1845,60,Male,Shorts,Clothing,26.0,South Dakota,M,Purple,Spring,2.7,No,2-Day Shipping,No,No,31,Credit Card,Annually,24.489795918367342,25.574829931972786,23.941631082143008,0.0,Bronze,At Risk,Clothing,1
1846,51,Male,Sandals,Footwear,78.0,Delaware,M,Orange,Winter,2.8,No,2-Day Shipping,No,No,39,Bank Transfer,Quarterly,44.35374149659864,54.01700680272108,49.12632626879253,0.0,Gold,At Risk,Footwear,1
1847,68,Male,Scarf,Accessories,53.0,Wisconsin,M,Yellow,Summer,2.9,No,Standard,No,No,9,Venmo,Quarterly,19.863945578231295,24.52551020408163,21.065985885808637,0.0,Silver,At Risk,Accessories,1
1848,46,Male,Sandals,Footwear,100.0,Arizona,XL,Cyan,Summer,4.4,No,Free Shipping,No,No,49,Credit Card,Weekly,79.18367346938776,91.31972789115646,86.5456699798647,0.0,Platinum,Satisfied,Footwear,1
1849,19,Male,Jeans,Clothing,73.0,Maine,XL,Yellow,Winter,2.7,No,Express,No,No,34,Cash,Every 3 Months,33.605442176870746,47.19897959183674,40.09586447715908,0.0,Gold,At Risk,Clothing,1
1850,30,Male,Skirt,Clothing,40.0,New Mexico,M,Maroon,Winter,4.5,No,Store Pickup,No,No,35,Bank Transfer,Monthly,61.088435374149654,58.129251700680264,59.698952013908446,0.0,Silver,Satisfied,Clothing,1
1851,51,Male,Gloves,Accessories,76.0,Wyoming,S,Black,Winter,2.8,No,Store Pickup,No,No,50,Debit Card,Weekly,80.0,60.66666666666666,70.51547708078725,0.0,Platinum,At Risk,Accessories,1
1852,28,Male,Skirt,Clothing,80.0,Delaware,S,Lavender,Fall,3.1,No,Free Shipping,No,No,4,Bank Transfer,Fortnightly,29.115646258503403,35.040816326530624,31.330892826276674,0.0,Gold,Neutral,Clothing,1
1853,41,Male,Sweater,Clothing,80.0,Pennsylvania,XL,Violet,Winter,3.8,No,Store Pickup,No,No,32,Cash,Weekly,65.3061224489796,63.421768707483,64.64602038396666,0.0,Platinum,Neutral,Clothing,1
1854,29,Male,Blouse,Clothing,67.0,North Dakota,XL,Olive,Spring,2.9,No,Express,No,No,11,PayPal,Fortnightly,34.82993197278911,31.719387755102034,32.4068489552215,0.0,Gold,At Risk,Clothing,1
1855,25,Male,Sweater,Clothing,61.0,Kentucky,M,Teal,Spring,3.8,No,Express,No,No,49,Credit Card,Annually,39.183673469387756,67.06972789115646,53.541091609472716,0.0,Silver,Neutral,Clothing,1
1856,60,Male,Shirt,Clothing,76.0,Rhode Island,XL,Teal,Spring,4.7,No,Standard,No,No,9,Cash,Annually,6.530612244897958,58.10884353741497,32.409096137588605,0.0,Gold,Satisfied,Clothing,1
1857,63,Male,Jewelry,Accessories,55.0,Arizona,XL,Beige,Summer,3.2,No,Free Shipping,No,No,30,PayPal,Bi-Weekly,43.6734693877551,43.64455782312925,43.223743795896766,0.0,Silver,Neutral,Accessories,1
1858,51,Male,T-shirt,Clothing,85.0,Colorado,L,Maroon,Summer,4.0,No,Next Day Air,No,No,33,Cash,Monthly,59.455782312925166,68.85204081632652,64.63294925251715,0.0,Platinum,Satisfied,Clothing,1
1859,22,Male,Scarf,Accessories,69.0,Maine,S,Peach,Spring,4.9,No,2-Day Shipping,No,No,8,Debit Card,Annually,5.714285714285714,57.17857142857143,31.502054664231117,0.0,Gold,Satisfied,Accessories,1
1860,54,Male,Belt,Accessories,26.0,New Jersey,L,Beige,Summer,3.7,No,Store Pickup,No,No,29,Debit Card,Fortnightly,49.523809523809526,37.54761904761905,42.87930074534237,0.0,Bronze,Neutral,Accessories,1
1861,18,Male,T-shirt,Clothing,64.0,Kansas,M,Silver,Summer,4.8,No,Next Day Air,No,No,4,Credit Card,Monthly,35.782312925170075,51.04081632653062,43.24456652770369,0.0,Silver,Satisfied,Clothing,1
1862,29,Male,Sneakers,Footwear,60.0,South Dakota,S,Peach,Fall,3.6,No,Standard,No,No,19,Debit Card,Monthly,48.02721088435374,43.57823129251701,45.3650455311906,0.0,Silver,Neutral,Footwear,1
1863,59,Male,Gloves,Accessories,36.0,New Hampshire,M,Turquoise,Winter,4.6,No,Express,No,No,10,PayPal,Fortnightly,34.01360544217687,40.789115646258495,36.862520211922565,0.0,Bronze,Satisfied,Accessories,1
1864,25,Male,Sandals,Footwear,21.0,Connecticut,L,Orange,Spring,4.3,No,2-Day Shipping,No,No,39,Debit Card,Monthly,64.35374149659864,50.267006802721085,57.11530899502058,0.0,Bronze,Satisfied,Footwear,1
1865,19,Male,Backpack,Accessories,72.0,Wyoming,S,Cyan,Fall,3.2,No,2-Day Shipping,No,No,21,Venmo,Quarterly,29.659863945578234,44.60544217687076,36.732235750400704,0.0,Gold,Neutral,Accessories,1
1866,56,Male,Pants,Clothing,62.0,Missouri,S,Silver,Summer,3.8,No,Store Pickup,No,No,12,Bank Transfer,Monthly,42.312925170068034,42.316326530612244,41.831179400968935,0.0,Silver,Neutral,Clothing,1
1867,31,Male,T-shirt,Clothing,44.0,Alaska,XL,Gold,Winter,4.2,No,Standard,No,No,9,Credit Card,Fortnightly,33.197278911564624,38.10884353741497,35.01700401080484,0.0,Bronze,Satisfied,Clothing,1
1868,45,Male,Skirt,Clothing,52.0,Delaware,M,Brown,Fall,3.4,No,2-Day Shipping,No,No,20,Venmo,Quarterly,28.843537414965986,38.25850340136054,32.9203915482615,0.0,Silver,Neutral,Clothing,1
1869,23,Male,Gloves,Accessories,58.0,Indiana,M,Silver,Spring,4.7,No,Next Day Air,No,No,44,Cash,Fortnightly,61.76870748299319,74.41836734693878,68.77447285208886,0.0,Silver,Satisfied,Accessories,1
1870,18,Male,Blouse,Clothing,77.0,West Virginia,S,Beige,Spring,3.9,No,2-Day Shipping,No,No,16,Debit Card,Every 3 Months,18.91156462585034,52.62074829931972,35.656464508354084,0.0,Gold,Neutral,Clothing,1
1871,43,Male,Blouse,Clothing,99.0,Wyoming,L,Violet,Spring,4.3,No,Store Pickup,No,No,27,Debit Card,Fortnightly,47.89115646258503,74.60374149659863,61.93510817310525,0.0,Platinum,Satisfied,Clothing,1
1872,56,Male,Jeans,Clothing,96.0,Illinois,XL,Violet,Fall,2.7,No,Standard,No,No,14,Cash,Every 3 Months,17.278911564625847,43.17687074829932,29.775657741344713,0.0,Gold,At Risk,Clothing,1
1873,43,Male,T-shirt,Clothing,64.0,Alaska,M,Lavender,Summer,4.6,No,Standard,No,No,24,Credit Card,Monthly,52.10884353741497,61.979591836734684,57.27398290180854,0.0,Silver,Satisfied,Clothing,1
1874,64,Male,Sweater,Clothing,44.0,Wisconsin,XL,Red,Fall,2.9,No,Express,No,No,49,Bank Transfer,Weekly,79.18367346938776,47.98639455782311,63.30724814961096,0.0,Silver,At Risk,Clothing,1
1875,67,Male,Pants,Clothing,33.0,Indiana,L,Purple,Fall,3.6,No,Free Shipping,No,No,14,Cash,Weekly,50.61224489795918,28.926870748299326,38.800458767677945,0.0,Bronze,Neutral,Clothing,1
1876,63,Male,Boots,Footwear,71.0,Tennessee,M,Brown,Winter,3.9,No,Next Day Air,No,No,6,Credit Card,Quarterly,17.41496598639456,43.31802721088436,29.91938310811255,0.0,Gold,Neutral,Footwear,1
1877,54,Male,Skirt,Clothing,36.0,Illinois,M,Gray,Fall,2.6,No,Standard,No,No,20,Venmo,Quarterly,28.843537414965986,20.925170068027207,23.62502281616,0.0,Bronze,At Risk,Clothing,1
1878,69,Male,Gloves,Accessories,62.0,Pennsylvania,L,Pink,Fall,3.6,No,Express,No,No,3,Credit Card,Annually,1.6326530612244898,33.52721088435375,16.777693110332436,0.0,Gold,Neutral,Accessories,1
1879,34,Male,Socks,Clothing,29.0,Oklahoma,L,Magenta,Summer,3.4,No,Store Pickup,No,No,5,Credit Card,Monthly,36.59863945578232,18.471088435374153,26.18652035536503,0.0,Bronze,Neutral,Clothing,1
1880,56,Male,T-shirt,Clothing,33.0,Tennessee,L,Charcoal,Spring,3.5,No,Express,No,No,46,Cash,Bi-Weekly,56.73469387755101,49.36224489795919,52.8205873670629,0.0,Bronze,Neutral,Clothing,1
1881,34,Male,Blouse,Clothing,33.0,New Jersey,L,Yellow,Fall,3.1,No,2-Day Shipping,No,No,8,Debit Card,Monthly,39.04761904761905,18.178571428571434,27.25414168366944,0.0,Bronze,Neutral,Clothing,1
1882,58,Male,Blouse,Clothing,41.0,New Jersey,M,Red,Winter,4.3,No,Standard,No,No,13,Cash,Bi-Weekly,29.795918367346943,40.91326530612245,34.820254570646085,0.0,Bronze,Satisfied,Clothing,1
1883,44,Male,Scarf,Accessories,54.0,Tennessee,L,Blue,Winter,5.0,No,Store Pickup,No,No,25,Bank Transfer,Quarterly,32.925170068027214,63.8265306122449,48.6726063754214,0.0,Silver,Satisfied,Accessories,1
1884,25,Male,Backpack,Accessories,58.0,Georgia,M,Cyan,Spring,4.9,No,Store Pickup,No,No,39,Debit Card,Fortnightly,57.68707482993196,73.68367346938776,66.33966130457435,0.0,Silver,Satisfied,Accessories,1
1885,27,Male,Shorts,Clothing,30.0,Arizona,S,Pink,Summer,4.3,No,Next Day Air,No,No,15,Bank Transfer,Bi-Weekly,31.428571428571427,37.69047619047618,33.90829187958129,0.0,Bronze,Satisfied,Clothing,1
1886,26,Male,Jewelry,Accessories,53.0,Nevada,S,Maroon,Winter,4.4,No,Standard,No,No,35,Cash,Monthly,61.088435374149654,62.212585034013614,61.88872637868237,0.0,Silver,Satisfied,Accessories,1
1887,18,Male,Gloves,Accessories,91.0,Arkansas,L,Beige,Spring,4.4,No,Next Day Air,No,No,46,Cash,Bi-Weekly,56.73469387755101,85.52891156462586,72.21573174077467,0.0,Platinum,Satisfied,Accessories,1
1888,64,Male,Hoodie,Clothing,44.0,North Dakota,XL,Gold,Fall,3.5,No,Express,No,No,3,PayPal,Monthly,34.965986394557824,24.69387755102041,28.70729686544738,0.0,Bronze,Neutral,Clothing,1
1889,62,Male,Hoodie,Clothing,89.0,South Dakota,XL,Turquoise,Winter,3.4,No,Free Shipping,No,No,48,Credit Card,Weekly,78.36734693877551,72.72278911564626,76.16450268340377,0.0,Platinum,Neutral,Clothing,1
1890,59,Male,Skirt,Clothing,57.0,North Carolina,L,Peach,Spring,2.5,No,Next Day Air,No,No,27,Bank Transfer,Weekly,61.224489795918366,33.10374149659864,46.34651701002893,0.0,Silver,At Risk,Clothing,1
1891,36,Male,Sunglasses,Accessories,57.0,Hawaii,M,Lavender,Spring,3.4,No,Store Pickup,No,No,5,Credit Card,Weekly,43.265306122448976,30.13775510204082,35.776351873766664,0.0,Silver,Neutral,Accessories,1
1892,69,Male,Jewelry,Accessories,74.0,New Hampshire,M,Gray,Summer,2.6,No,Next Day Air,No,No,48,Debit Card,Quarterly,51.70068027210885,55.806122448979586,53.759246981721375,0.0,Gold,At Risk,Accessories,1
1893,39,Male,Jacket,Outerwear,30.0,California,M,Blue,Fall,4.6,No,2-Day Shipping,No,No,12,Venmo,Weekly,48.97959183673469,39.649659863945566,43.734456006286635,0.0,Bronze,Satisfied,Outerwear,1
1894,28,Male,Dress,Clothing,20.0,Delaware,L,Red,Summer,3.7,No,Express,No,No,10,PayPal,Fortnightly,34.01360544217687,22.12244897959184,26.852123115813274,0.0,Bronze,Neutral,Clothing,1
1895,42,Male,Hoodie,Clothing,90.0,Arizona,M,Purple,Fall,2.5,No,Free Shipping,No,No,48,Debit Card,Bi-Weekly,58.36734693877551,61.13945578231292,59.95269377108594,0.0,Platinum,At Risk,Clothing,1
1896,31,Male,Jeans,Clothing,61.0,Washington,L,Indigo,Fall,4.5,No,Express,No,No,3,Debit Card,Monthly,34.965986394557824,45.11054421768708,39.65616868931692,0.0,Silver,Satisfied,Clothing,1
1897,57,Male,Sandals,Footwear,51.0,Nevada,M,Gold,Fall,2.9,No,Standard,No,No,19,Venmo,Monthly,48.02721088435374,30.49489795918367,38.348829709364,0.0,Silver,At Risk,Footwear,1
1898,53,Male,Sunglasses,Accessories,97.0,Alaska,L,Teal,Winter,2.9,No,Free Shipping,No,No,11,Debit Card,Fortnightly,34.82993197278911,44.21938775510204,39.1102398677947,0.0,Gold,At Risk,Accessories,1
1899,59,Male,Pants,Clothing,97.0,Texas,L,Magenta,Fall,3.5,No,Next Day Air,No,No,25,Venmo,Monthly,52.925170068027214,61.74319727891158,57.555374556659224,0.0,Platinum,Neutral,Clothing,1
1900,32,Male,Shorts,Clothing,40.0,New York,L,Maroon,Winter,4.2,No,Store Pickup,No,No,42,PayPal,Weekly,73.46938775510203,58.89115646258504,66.29801584096053,0.0,Silver,Satisfied,Clothing,1
1901,65,Male,Jewelry,Accessories,85.0,Iowa,S,Blue,Summer,3.3,No,Free Shipping,No,No,34,Cash,Quarterly,40.27210884353742,60.19897959183673,50.40072435956853,0.0,Gold,Neutral,Accessories,1
1902,56,Male,Socks,Clothing,76.0,Arizona,S,Beige,Winter,3.9,No,Store Pickup,No,No,50,Cash,Quarterly,53.33333333333334,75.33333333333333,65.0474557515398,0.0,Platinum,Neutral,Clothing,1
1903,31,Male,Sandals,Footwear,22.0,New Mexico,S,Olive,Spring,5.0,No,Store Pickup,No,No,21,Venmo,Monthly,49.65986394557823,47.77210884353741,48.43042811491923,0.0,Bronze,Satisfied,Footwear,1
1904,59,Male,Pants,Clothing,63.0,North Carolina,M,Gold,Summer,3.3,No,Standard,No,No,37,Bank Transfer,Weekly,69.3877551020408,53.07312925170068,61.137158655666255,0.0,Silver,Neutral,Clothing,1
1905,22,Male,T-shirt,Clothing,71.0,Nevada,S,Silver,Spring,4.2,No,Free Shipping,No,No,46,Cash,Monthly,70.06802721088435,74.52891156462586,72.98341440437693,0.0,Platinum,Satisfied,Clothing,1
1906,47,Male,Boots,Footwear,35.0,Idaho,M,Teal,Summer,4.9,No,2-Day Shipping,No,No,14,Bank Transfer,Fortnightly,37.27891156462585,47.09353741496599,41.87605356061765,0.0,Bronze,Satisfied,Footwear,1
1907,23,Male,Backpack,Accessories,30.0,Vermont,M,Green,Spring,4.6,No,2-Day Shipping,No,No,24,PayPal,Fortnightly,45.4421768707483,47.81292517006801,46.343473200892255,0.0,Bronze,Satisfied,Accessories,1
1908,69,Male,Skirt,Clothing,74.0,New Mexico,L,Orange,Fall,4.8,No,Store Pickup,No,No,36,Credit Card,Every 3 Months,35.238095238095234,76.97619047619047,56.880853795287514,0.0,Platinum,Satisfied,Clothing,1
1909,18,Male,Scarf,Accessories,71.0,Georgia,XL,Charcoal,Winter,2.7,No,Next Day Air,No,No,19,Debit Card,Bi-Weekly,34.69387755102041,36.16156462585034,34.72103358973051,0.0,Gold,At Risk,Accessories,1
1910,50,Male,Sweater,Clothing,84.0,Kentucky,S,Black,Spring,4.3,No,Store Pickup,No,No,12,Credit Card,Monthly,42.312925170068034,58.14965986394558,50.32214122356164,0.0,Gold,Satisfied,Clothing,1
1911,29,Male,Sandals,Footwear,38.0,New York,S,Yellow,Fall,3.8,No,Express,No,No,13,Debit Card,Quarterly,23.129251700680275,32.99659863945578,27.2414403260164,0.0,Bronze,Neutral,Footwear,1
1912,65,Male,Jewelry,Accessories,81.0,Arizona,M,Gray,Spring,4.9,No,Express,No,No,32,Debit Card,Bi-Weekly,45.30612244897959,78.50510204081633,62.73477875180497,0.0,Platinum,Satisfied,Accessories,1
1913,29,Male,Sweater,Clothing,56.0,Colorado,S,Charcoal,Winter,3.4,No,2-Day Shipping,No,No,5,Credit Card,Bi-Weekly,23.26530612244898,29.721088435374156,25.552905510014234,0.0,Silver,Neutral,Clothing,1
1914,49,Male,Skirt,Clothing,48.0,Kentucky,M,Peach,Winter,3.6,No,Express,No,No,29,Cash,Annually,22.857142857142858,45.38095238095239,33.7467590505549,0.0,Bronze,Neutral,Clothing,1
1915,28,Male,Shorts,Clothing,97.0,Alaska,L,Green,Fall,3.4,No,Standard,No,No,40,Credit Card,Fortnightly,58.50340136054422,70.6139455782313,65.10161768590844,0.0,Platinum,Neutral,Clothing,1
1916,51,Male,Backpack,Accessories,74.0,Alabama,M,Magenta,Fall,4.7,No,2-Day Shipping,No,No,44,Cash,Weekly,75.10204081632652,81.08503401360544,79.01628133879454,0.0,Platinum,Satisfied,Accessories,1
1917,26,Male,Hoodie,Clothing,50.0,Connecticut,S,Beige,Winter,3.0,No,Next Day Air,No,No,3,Debit Card,Bi-Weekly,21.63265306122449,20.527210884353746,19.806166561256315,0.0,Bronze,Neutral,Clothing,1
1918,38,Male,Skirt,Clothing,71.0,Hawaii,L,Black,Winter,3.4,No,Free Shipping,No,No,35,PayPal,Bi-Weekly,47.755102040816325,56.379251700680264,52.09381061948154,0.0,Silver,Neutral,Clothing,1
1919,35,Male,Skirt,Clothing,33.0,Idaho,S,Purple,Summer,4.6,No,Standard,No,No,33,Debit Card,Monthly,59.455782312925166,55.18537414965985,57.30390852143712,0.0,Bronze,Satisfied,Clothing,1
1920,34,Male,Backpack,Accessories,56.0,Virginia,M,Olive,Summer,3.1,No,Express,No,No,20,PayPal,Bi-Weekly,35.51020408163265,35.92517006802722,35.00242524458117,0.0,Silver,Neutral,Accessories,1
1921,51,Male,Blouse,Clothing,84.0,Connecticut,M,Purple,Spring,2.8,No,Standard,No,No,40,Cash,Every 3 Months,38.50340136054422,57.19727891156462,47.90664477307986,0.0,Gold,At Risk,Clothing,1
1922,47,Male,Shirt,Clothing,36.0,Michigan,M,Green,Fall,3.5,No,Store Pickup,No,No,13,Venmo,Annually,9.795918367346939,28.163265306122447,17.982795839821435,0.0,Bronze,Neutral,Clothing,1
1923,18,Male,Gloves,Accessories,63.0,Kentucky,S,Peach,Summer,4.6,No,Standard,No,No,9,PayPal,Monthly,39.863945578231295,51.358843537414955,45.455931711465745,0.0,Silver,Satisfied,Accessories,1
1924,64,Male,Sandals,Footwear,36.0,Nebraska,XL,Blue,Summer,4.3,No,Standard,No,No,7,Cash,Annually,4.8979591836734695,34.74829931972789,19.065180821247747,0.0,Bronze,Satisfied,Footwear,1
1925,30,Male,Jacket,Outerwear,63.0,Michigan,M,Gray,Fall,4.8,No,Free Shipping,No,No,42,PayPal,Quarterly,46.802721088435376,76.47448979591836,62.39411905798015,0.0,Silver,Satisfied,Outerwear,1
1926,59,Male,Sneakers,Footwear,32.0,Utah,L,Black,Winter,2.9,No,Express,No,No,44,Credit Card,Fortnightly,61.76870748299319,39.58503401360543,50.094356842384904,0.0,Bronze,At Risk,Footwear,1
1927,66,Male,Backpack,Accessories,93.0,New Mexico,M,Silver,Spring,3.0,No,Express,No,No,6,PayPal,Annually,4.081632653061225,40.484693877551024,21.73328116792929,0.0,Gold,Neutral,Accessories,1
1928,40,Male,Pants,Clothing,29.0,Florida,M,Pink,Summer,2.9,No,Standard,No,No,8,Cash,Every 3 Months,12.380952380952381,13.845238095238093,11.596966167310727,0.0,Bronze,At Risk,Clothing,1
1929,25,Male,Sunglasses,Accessories,92.0,Mississippi,S,Lavender,Summer,3.7,No,Standard,No,No,10,PayPal,Weekly,47.3469387755102,52.12244897959185,49.6069279726556,0.0,Gold,Neutral,Accessories,1
1930,59,Male,Jeans,Clothing,33.0,Hawaii,L,Brown,Fall,4.7,No,Standard,No,No,46,Venmo,Quarterly,50.068027210884345,65.36224489795919,58.06759440182325,0.0,Bronze,Satisfied,Clothing,1
1931,66,Male,Pants,Clothing,52.0,North Carolina,L,Turquoise,Spring,3.5,No,Store Pickup,No,No,26,Cash,Weekly,60.408163265306115,43.6734693877551,51.60659517623877,0.0,Silver,Neutral,Clothing,1
1932,54,Male,Jewelry,Accessories,42.0,Illinois,S,Olive,Spring,2.7,No,Store Pickup,No,No,6,Debit Card,Every 3 Months,10.748299319727892,15.234693877551022,11.525764857864784,0.0,Bronze,At Risk,Accessories,1
1933,42,Male,Hoodie,Clothing,36.0,Maryland,M,White,Spring,5.0,No,Free Shipping,No,No,47,Credit Card,Every 3 Months,44.21768707482993,71.29251700680271,58.322658906876676,0.0,Bronze,Satisfied,Clothing,1
1934,48,Male,Sandals,Footwear,67.0,Montana,L,Violet,Summer,4.1,No,Next Day Air,No,No,28,Venmo,Annually,22.04081632653061,59.28401360544216,40.794408126784255,0.0,Silver,Satisfied,Footwear,1
1935,34,Male,Jacket,Outerwear,43.0,Michigan,L,Gold,Winter,2.7,No,Free Shipping,No,No,23,Bank Transfer,Annually,17.959183673469386,27.215986394557824,21.556430025086293,0.0,Bronze,At Risk,Outerwear,1
1936,19,Male,Blouse,Clothing,68.0,North Carolina,XL,Violet,Spring,4.8,No,Free Shipping,No,No,45,Cash,Fortnightly,62.585034013605444,80.5986394557823,72.49693850872708,0.0,Platinum,Satisfied,Clothing,1
1937,70,Male,Jewelry,Accessories,60.0,Minnesota,S,Teal,Summer,4.3,No,2-Day Shipping,No,No,44,PayPal,Every 3 Months,41.76870748299319,69.91836734693877,56.36125212356251,0.0,Silver,Satisfied,Accessories,1
1938,43,Male,Socks,Clothing,53.0,Delaware,M,Olive,Summer,4.5,No,2-Day Shipping,No,No,11,Bank Transfer,Monthly,41.49659863945578,47.21938775510204,44.052387020145595,0.0,Silver,Satisfied,Clothing,1
1939,46,Male,Jeans,Clothing,23.0,Kentucky,L,Blue,Spring,3.8,No,Standard,No,No,39,Debit Card,Bi-Weekly,51.020408163265294,44.43367346938775,47.32039323581974,0.0,Bronze,Neutral,Clothing,1
1940,66,Male,Gloves,Accessories,57.0,Ohio,L,Magenta,Winter,3.7,No,Store Pickup,No,No,20,PayPal,Every 3 Months,22.176870748299315,44.341836734693885,32.849375125713784,0.0,Silver,Neutral,Accessories,1
1941,50,Male,Hat,Accessories,89.0,Alaska,L,Gray,Fall,3.9,No,2-Day Shipping,No,No,48,PayPal,Fortnightly,65.03401360544217,79.38945578231292,73.07297783677613,0.0,Platinum,Neutral,Accessories,1
1942,55,Male,Shoes,Footwear,99.0,Vermont,XL,Peach,Winter,3.3,No,Standard,No,No,46,Credit Card,Quarterly,50.068027210884345,74.19557823129252,62.80465731337497,0.0,Platinum,Neutral,Footwear,1
1943,63,Male,Pants,Clothing,28.0,Alabama,M,Cyan,Fall,3.4,No,Express,No,No,22,PayPal,Monthly,50.476190476190474,29.619047619047624,39.103626128414994,0.0,Bronze,Neutral,Clothing,1
1944,32,Male,Socks,Clothing,53.0,Wisconsin,L,Violet,Summer,3.8,No,Next Day Air,No,No,45,Cash,Annually,35.91836734693877,61.015306122448976,48.66162607902909,0.0,Silver,Neutral,Clothing,1
1945,30,Male,Hoodie,Clothing,45.0,Arkansas,M,Gold,Winter,2.7,No,Free Shipping,No,No,49,Cash,Every 3 Months,45.85034013605442,45.73639455782312,45.43397111868113,0.0,Silver,At Risk,Clothing,1
1946,35,Male,Hoodie,Clothing,38.0,Georgia,M,Gold,Winter,2.9,No,2-Day Shipping,No,No,9,Credit Card,Every 3 Months,13.197278911564625,18.27551020408163,14.380957096188707,0.0,Bronze,At Risk,Clothing,1
1947,59,Male,Pants,Clothing,49.0,Louisiana,M,White,Summer,4.5,No,Standard,No,No,41,Credit Card,Quarterly,45.98639455782313,65.9608843537415,56.34781121831656,0.0,Silver,Satisfied,Clothing,1
1948,59,Male,Shirt,Clothing,32.0,New York,M,Gray,Summer,2.6,No,Store Pickup,No,No,2,PayPal,Monthly,34.14965986394558,7.013605442176872,18.81771156924182,0.0,Bronze,At Risk,Clothing,1
1949,54,Male,T-shirt,Clothing,37.0,Connecticut,L,Brown,Winter,3.1,No,Next Day Air,No,No,39,PayPal,Bi-Weekly,51.020408163265294,40.933673469387756,45.44344378029926,0.0,Bronze,Neutral,Clothing,1
1950,63,Male,Dress,Clothing,80.0,Nebraska,L,Gray,Winter,4.7,No,Store Pickup,No,No,12,PayPal,Quarterly,22.31292517006803,61.816326530612244,42.2884692245831,0.0,Gold,Satisfied,Clothing,1
1951,43,Male,Backpack,Accessories,78.0,Arkansas,L,Blue,Summer,4.6,No,Free Shipping,No,No,26,PayPal,Every 3 Months,27.074829931972786,69.17346938775509,48.61484597122141,0.0,Gold,Satisfied,Accessories,1
1952,33,Male,Gloves,Accessories,53.0,Connecticut,L,Gold,Summer,2.7,No,Next Day Air,No,No,32,Bank Transfer,Bi-Weekly,45.30612244897959,37.505102040816325,40.747656558564906,0.0,Silver,At Risk,Accessories,1
1953,57,Male,Shoes,Footwear,82.0,Maryland,L,Yellow,Summer,4.6,No,2-Day Shipping,No,No,50,Cash,Bi-Weekly,60.00000000000001,87.16666666666666,74.72666581544242,0.0,Platinum,Satisfied,Footwear,1
1954,25,Male,Skirt,Clothing,33.0,Colorado,XL,Green,Spring,4.8,No,Standard,No,No,3,PayPal,Fortnightly,28.29931972789116,37.44387755102041,32.2114222629387,0.0,Bronze,Satisfied,Clothing,1
1955,26,Male,Gloves,Accessories,77.0,Colorado,M,Pink,Winter,4.2,No,Free Shipping,No,No,3,Venmo,Quarterly,14.965986394557826,47.77721088435375,31.086225417332543,0.0,Gold,Satisfied,Accessories,1
1956,50,Male,Hoodie,Clothing,56.0,Maine,M,Pink,Winter,4.9,No,Express,No,No,37,Cash,Monthly,62.72108843537415,71.48979591836735,67.68015460019076,0.0,Silver,Satisfied,Clothing,1
1957,70,Male,Socks,Clothing,37.0,Oklahoma,M,Pink,Winter,4.9,No,Express,No,No,20,Credit Card,Fortnightly,42.176870748299315,52.00850340136055,46.960788218758665,0.0,Bronze,Satisfied,Clothing,1
1958,68,Male,Gloves,Accessories,54.0,South Carolina,M,Cyan,Spring,4.5,No,Store Pickup,No,No,26,Cash,Bi-Weekly,40.408163265306115,57.84013605442176,49.203771543821716,0.0,Silver,Satisfied,Accessories,1
1959,39,Male,Shorts,Clothing,67.0,Nevada,M,Gray,Winter,2.7,No,Store Pickup,No,No,47,Cash,Quarterly,50.884353741496604,53.542517006802726,52.13717714435609,0.0,Silver,At Risk,Clothing,1
1960,46,Male,Shoes,Footwear,90.0,Colorado,M,White,Fall,3.1,No,Store Pickup,No,No,7,Credit Card,Every 3 Months,11.564625850340136,41.24829931972789,25.884277429119134,0.0,Gold,Neutral,Footwear,1
1961,57,Male,Jeans,Clothing,72.0,Massachusetts,L,Red,Summer,3.3,No,2-Day Shipping,No,No,40,Credit Card,Annually,31.83673469387755,58.863945578231295,45.46709689475629,0.0,Gold,Neutral,Clothing,1
1962,47,Male,Boots,Footwear,59.0,Nevada,L,Black,Summer,2.6,No,Free Shipping,No,No,45,Debit Card,Quarterly,49.25170068027211,47.51530612244898,48.08863056011672,0.0,Silver,At Risk,Footwear,1
1963,40,Male,Hat,Accessories,45.0,Iowa,M,Silver,Fall,4.4,No,Standard,No,No,20,PayPal,Fortnightly,42.176870748299315,48.67517006802722,45.173217308739154,0.0,Silver,Satisfied,Accessories,1
1964,52,Male,Shorts,Clothing,30.0,Michigan,L,Pink,Spring,3.9,No,Standard,No,No,11,Credit Card,Weekly,48.16326530612244,29.63605442176871,37.95628380312597,0.0,Bronze,Neutral,Clothing,1
1965,40,Male,Pants,Clothing,51.0,West Virginia,S,Cyan,Summer,4.6,No,Express,No,No,50,Debit Card,Monthly,73.33333333333334,74.25,74.46649520578346,0.0,Silver,Satisfied,Clothing,1
1966,67,Male,Sweater,Clothing,90.0,Indiana,M,White,Fall,4.9,No,Express,No,No,25,Debit Card,Quarterly,32.925170068027214,77.49319727891157,56.00164710650143,0.0,Platinum,Satisfied,Clothing,1
1967,67,Male,Jacket,Outerwear,95.0,Indiana,XL,Purple,Winter,3.7,No,Express,No,No,5,Credit Card,Fortnightly,29.931972789115648,49.971088435374156,39.74573212171613,0.0,Gold,Neutral,Outerwear,1
1968,37,Male,Dress,Clothing,81.0,Georgia,L,Yellow,Fall,3.7,No,Standard,No,No,4,Venmo,Annually,2.4489795918367347,43.45748299319728,22.511176040742615,0.0,Gold,Neutral,Clothing,1
1969,67,Male,Shirt,Clothing,70.0,Minnesota,S,Blue,Spring,4.2,No,Standard,No,No,25,Credit Card,Weekly,59.591836734693885,59.8265306122449,59.86085461673132,0.0,Silver,Satisfied,Clothing,1
1970,64,Male,Dress,Clothing,32.0,Louisiana,S,Cyan,Winter,3.5,No,Next Day Air,No,No,11,Bank Transfer,Fortnightly,34.82993197278911,25.136054421768712,28.876396407932965,0.0,Bronze,Neutral,Clothing,1
1971,28,Male,Belt,Accessories,94.0,Maryland,M,Indigo,Spring,2.9,No,Next Day Air,No,No,4,Credit Card,Bi-Weekly,22.44897959183674,38.20748299319728,29.69575185746188,0.0,Gold,At Risk,Accessories,1
1972,54,Male,Hat,Accessories,29.0,Pennsylvania,XL,Indigo,Spring,3.4,No,Next Day Air,No,No,1,Venmo,Monthly,33.333333333333336,15.750000000000004,23.094625734940934,0.0,Bronze,Neutral,Accessories,1
1973,54,Male,Backpack,Accessories,31.0,Louisiana,M,Silver,Summer,3.3,No,Express,No,No,48,PayPal,Every 3 Months,45.034013605442176,47.22278911564626,45.82291855508779,0.0,Bronze,Neutral,Accessories,1
1974,24,Male,Skirt,Clothing,20.0,Maryland,XL,Red,Fall,4.5,No,Standard,No,No,9,Venmo,Every 3 Months,13.197278911564625,32.10884353741497,21.799376372769704,0.0,Bronze,Satisfied,Clothing,1
1975,27,Male,Gloves,Accessories,44.0,Tennessee,M,Peach,Winter,4.6,No,2-Day Shipping,No,No,2,PayPal,Fortnightly,27.48299319727891,38.680272108843525,32.466301881093884,0.0,Bronze,Satisfied,Accessories,1
1976,53,Male,Jacket,Outerwear,77.0,Illinois,L,Turquoise,Fall,2.9,No,Express,No,No,4,Cash,Quarterly,15.782312925170071,31.124149659863942,22.56383034033707,0.0,Gold,At Risk,Outerwear,1
1977,32,Male,Handbag,Accessories,51.0,Wyoming,M,Pink,Spring,3.2,No,Next Day Air,No,No,43,PayPal,Fortnightly,60.952380952380956,50.82142857142857,55.71194919059865,0.0,Silver,Neutral,Accessories,1
1978,24,Male,Sandals,Footwear,49.0,Florida,M,Teal,Summer,2.6,No,Free Shipping,No,No,32,Bank Transfer,Annually,25.30612244897959,34.505102040816325,29.13884273954734,0.0,Bronze,At Risk,Footwear,1
1979,45,Male,Sunglasses,Accessories,78.0,Massachusetts,L,Magenta,Spring,3.8,No,Store Pickup,No,No,1,Cash,Quarterly,13.333333333333336,41.5,26.9036110148417,0.0,Gold,Neutral,Accessories,1
1980,49,Male,Jeans,Clothing,98.0,Tennessee,L,Blue,Spring,2.8,No,Store Pickup,No,No,38,Debit Card,Fortnightly,56.87074829931973,61.67006802721088,59.48894655540198,0.0,Platinum,At Risk,Clothing,1
1981,51,Male,Sandals,Footwear,94.0,Iowa,M,Green,Winter,4.4,No,Store Pickup,No,No,25,PayPal,Fortnightly,46.25850340136054,72.49319727891157,59.98695740813882,0.0,Platinum,Satisfied,Footwear,1
1982,69,Male,Shoes,Footwear,91.0,Michigan,L,Violet,Summer,4.7,No,Express,No,No,42,PayPal,Quarterly,46.802721088435376,86.80782312925169,67.93558887904065,0.0,Platinum,Satisfied,Footwear,1
1983,41,Male,Sunglasses,Accessories,77.0,Kansas,M,Turquoise,Summer,2.7,No,2-Day Shipping,No,No,32,PayPal,Monthly,58.639455782312936,47.50510204081632,52.77703595529013,0.0,Gold,At Risk,Accessories,1
1984,59,Male,Scarf,Accessories,97.0,Georgia,M,Pink,Summer,2.6,No,Next Day Air,No,No,21,Debit Card,Quarterly,29.659863945578234,47.02210884353742,38.02822466016485,0.0,Gold,At Risk,Accessories,1
1985,26,Male,Skirt,Clothing,58.0,West Virginia,M,Black,Summer,3.4,No,2-Day Shipping,No,No,26,PayPal,Fortnightly,47.074829931972786,44.84013605442176,45.565578328078935,0.0,Silver,Neutral,Clothing,1
1986,23,Male,Gloves,Accessories,97.0,Tennessee,M,Gold,Spring,3.9,No,2-Day Shipping,No,No,6,Credit Card,Fortnightly,30.74829931972789,54.15136054421769,42.39565523234264,0.0,Gold,Neutral,Accessories,1
1987,62,Male,Coat,Outerwear,48.0,Arkansas,L,Green,Summer,3.4,No,2-Day Shipping,No,No,14,Venmo,Quarterly,23.94557823129252,32.51020408163265,27.38876416261559,0.0,Bronze,Neutral,Outerwear,1
1988,69,Male,Belt,Accessories,23.0,Vermont,XL,White,Summer,3.4,No,Express,No,No,4,Cash,Quarterly,15.782312925170071,15.290816326530615,14.072868517744366,0.0,Bronze,Neutral,Accessories,1
1989,46,Male,Pants,Clothing,79.0,Virginia,M,Gold,Winter,3.9,No,Free Shipping,No,No,26,Bank Transfer,Weekly,60.408163265306115,60.256802721088434,60.49976045358587,0.0,Platinum,Neutral,Clothing,1
1990,35,Male,Jewelry,Accessories,42.0,Maryland,S,Charcoal,Spring,4.0,No,Express,No,No,39,PayPal,Bi-Weekly,51.020408163265294,55.01700680272108,52.99593087513171,0.0,Silver,Satisfied,Accessories,1
1991,32,Male,Backpack,Accessories,95.0,Connecticut,L,White,Spring,3.4,No,2-Day Shipping,No,No,15,PayPal,Annually,11.428571428571427,52.773809523809526,31.99705024741961,0.0,Gold,Neutral,Accessories,1
1992,46,Male,Sneakers,Footwear,29.0,Missouri,M,Brown,Summer,3.7,No,Next Day Air,No,No,1,Venmo,Every 3 Months,6.666666666666667,19.750000000000007,11.906377493631021,0.0,Bronze,Neutral,Footwear,1
1993,33,Male,Hoodie,Clothing,98.0,New Jersey,L,Gold,Winter,4.9,No,2-Day Shipping,No,No,28,Venmo,Monthly,55.374149659863946,82.86734693877551,70.108138981839,0.0,Platinum,Satisfied,Clothing,1
1994,32,Male,Blouse,Clothing,96.0,Arkansas,S,Purple,Spring,5.0,No,Express,No,No,17,Cash,Weekly,53.06122448979591,75.8843537414966,65.20689774550901,0.0,Platinum,Satisfied,Clothing,1
1995,33,Male,Sunglasses,Accessories,66.0,Nevada,M,Brown,Fall,2.9,No,Next Day Air,No,No,24,Credit Card,Weekly,58.77551020408163,40.146258503401356,48.89872677451403,0.0,Silver,At Risk,Accessories,1
1996,67,Male,Boots,Footwear,80.0,Missouri,S,Teal,Spring,3.0,No,Standard,No,No,29,Debit Card,Quarterly,36.1904761904762,50.71428571428572,43.27353917325279,0.0,Gold,Neutral,Footwear,1
1997,67,Male,Sneakers,Footwear,27.0,South Dakota,L,Indigo,Summer,3.3,No,Next Day Air,No,No,18,Cash,Every 3 Months,20.544217687074827,25.147959183673468,21.739923446897315,0.0,Bronze,Neutral,Footwear,1
1998,42,Male,Backpack,Accessories,25.0,Connecticut,M,Purple,Fall,4.7,No,Express,No,No,10,Debit Card,Bi-Weekly,27.346938775510203,37.5391156462585,31.786305241320207,0.0,Bronze,Satisfied,Accessories,1
1999,20,Male,Pants,Clothing,45.0,Vermont,M,Orange,Fall,3.4,No,2-Day Shipping,No,No,19,Cash,Quarterly,28.027210884353742,34.66156462585034,30.583293346888397,0.0,Bronze,Neutral,Clothing,1
2000,39,Male,Socks,Clothing,89.0,Tennessee,L,Indigo,Winter,4.6,No,2-Day Shipping,No,No,26,Debit Card,Monthly,53.74149659863946,73.75680272108842,64.40608930583159,0.0,Platinum,Satisfied,Clothing,1
2001,26,Male,Belt,Accessories,27.0,California,M,Lavender,Winter,3.6,No,2-Day Shipping,No,No,25,Cash,Bi-Weekly,39.59183673469388,33.90986394557823,35.96249079132957,0.0,Bronze,Neutral,Accessories,1
2002,51,Male,Sunglasses,Accessories,90.0,Wyoming,S,Purple,Winter,2.6,No,Free Shipping,No,No,2,Debit Card,Fortnightly,27.48299319727891,31.18027210884354,28.444267333549984,0.0,Gold,At Risk,Accessories,1
2003,31,Male,Shirt,Clothing,65.0,New York,M,Red,Summer,2.7,No,Express,No,No,19,PayPal,Every 3 Months,21.36054421768707,33.66156462585034,26.713688740549202,0.0,Gold,At Risk,Clothing,1
2004,68,Male,Sneakers,Footwear,72.0,Maine,S,Blue,Spring,3.1,No,Express,No,No,32,Cash,Quarterly,38.63945578231293,50.755102040816325,44.51991759255915,0.0,Gold,Neutral,Footwear,1
2005,44,Male,Shoes,Footwear,70.0,Georgia,L,Blue,Fall,3.2,No,2-Day Shipping,No,No,13,Cash,Bi-Weekly,29.795918367346943,38.32993197278912,33.43488711538096,0.0,Gold,Neutral,Footwear,1
2006,18,Male,Sandals,Footwear,82.0,Tennessee,M,Cyan,Winter,3.4,No,Store Pickup,No,No,30,PayPal,Fortnightly,50.340136054421755,57.56122448979591,54.020185678561575,0.0,Platinum,Neutral,Footwear,1
2007,58,Male,Scarf,Accessories,97.0,New Mexico,S,Pink,Fall,4.4,No,Express,No,No,2,Credit Card,Annually,0.8163265306122448,58.09693877551021,29.545569098624252,0.0,Gold,Satisfied,Accessories,1
2008,26,Male,Shirt,Clothing,25.0,Virginia,M,Silver,Summer,3.2,No,2-Day Shipping,No,No,8,PayPal,Quarterly,19.04761904761905,16.178571428571438,16.18159913765773,0.0,Bronze,Neutral,Clothing,1
2009,57,Male,Skirt,Clothing,48.0,Florida,M,Gray,Spring,2.5,No,Free Shipping,No,No,27,PayPal,Every 3 Months,27.89115646258503,29.35374149659864,27.668833069590303,0.0,Bronze,At Risk,Clothing,1
2010,37,Male,Boots,Footwear,99.0,Alabama,M,Indigo,Summer,3.8,No,Next Day Air,No,No,26,Venmo,Bi-Weekly,40.408163265306115,67.25680272108843,54.25365936462686,0.0,Platinum,Neutral,Footwear,1
2011,24,Male,Sweater,Clothing,21.0,Texas,M,Maroon,Summer,4.4,No,2-Day Shipping,No,No,3,Debit Card,Bi-Weekly,21.63265306122449,27.11054421768708,23.336619108544866,0.0,Bronze,Satisfied,Clothing,1
2012,57,Male,Sandals,Footwear,94.0,West Virginia,M,Beige,Spring,3.7,No,Express,No,No,4,Bank Transfer,Monthly,35.782312925170075,48.87414965986395,42.082645436191,0.0,Gold,Neutral,Footwear,1
2013,48,Male,Jeans,Clothing,53.0,Nevada,L,Green,Fall,3.2,No,Store Pickup,No,No,5,Cash,Fortnightly,29.931972789115648,25.804421768707492,26.785843024074634,0.0,Silver,Neutral,Clothing,1
2014,39,Male,Backpack,Accessories,70.0,Virginia,M,Peach,Winter,4.9,No,Standard,No,No,25,Debit Card,Quarterly,32.925170068027214,69.15986394557824,51.53271983145263,0.0,Silver,Satisfied,Accessories,1
2015,51,Male,Skirt,Clothing,26.0,Wisconsin,L,Black,Summer,3.9,No,Standard,No,No,47,PayPal,Bi-Weekly,57.55102040816327,52.45918367346939,54.88954993193308,0.0,Bronze,Neutral,Clothing,1
2016,57,Male,Belt,Accessories,82.0,Virginia,S,Pink,Summer,4.5,No,Next Day Air,No,No,8,Credit Card,Fortnightly,32.38095238095238,57.26190476190476,44.880077270314935,0.0,Gold,Satisfied,Accessories,1
2017,53,Male,Shoes,Footwear,47.0,Maine,S,Violet,Winter,3.4,No,Standard,No,No,20,Debit Card,Fortnightly,42.176870748299315,36.17517006802721,38.469826396165956,0.0,Silver,Neutral,Footwear,1
2018,70,Male,Socks,Clothing,32.0,Massachusetts,S,Green,Winter,4.1,No,Next Day Air,No,No,42,Bank Transfer,Every 3 Months,40.136054421768705,54.22448979591836,47.128749900266534,0.0,Bronze,Satisfied,Clothing,1
2019,60,Male,Backpack,Accessories,97.0,Arkansas,S,Gold,Fall,4.5,No,Store Pickup,No,No,20,Bank Transfer,Weekly,55.51020408163265,71.67517006802721,64.17412325454049,0.0,Platinum,Satisfied,Accessories,1
2020,31,Male,Shirt,Clothing,68.0,Idaho,S,Red,Winter,4.7,No,Store Pickup,No,No,23,Cash,Fortnightly,44.625850340136054,64.29931972789116,54.77648973238676,0.0,Silver,Satisfied,Clothing,1
2021,41,Male,Sweater,Clothing,23.0,Pennsylvania,M,Beige,Winter,4.8,No,Next Day Air,No,No,26,Cash,Quarterly,33.74149659863945,48.9234693877551,41.088686026186174,0.0,Bronze,Satisfied,Clothing,1
2022,62,Male,Handbag,Accessories,33.0,Maine,M,Green,Winter,4.4,No,Standard,No,No,48,Venmo,Quarterly,51.70068027210885,62.72278911564626,57.46845662001188,0.0,Bronze,Satisfied,Accessories,1
2023,59,Male,Jewelry,Accessories,38.0,Alabama,S,Black,Winter,4.0,No,Store Pickup,No,No,16,Cash,Bi-Weekly,32.244897959183675,37.704081632653065,34.323751352683416,0.0,Bronze,Satisfied,Accessories,1
2024,46,Male,Socks,Clothing,68.0,Idaho,S,Teal,Winter,4.1,No,Store Pickup,No,No,28,Cash,Bi-Weekly,42.04081632653061,59.70068027210884,51.0178544905367,0.0,Silver,Satisfied,Clothing,1
2025,62,Male,Socks,Clothing,23.0,Arkansas,L,Silver,Fall,3.7,No,Express,No,No,39,PayPal,Weekly,71.02040816326529,43.10034013605443,56.60536487181195,0.0,Bronze,Neutral,Clothing,1
2026,42,Male,Shirt,Clothing,29.0,Delaware,M,Turquoise,Summer,3.0,No,Express,No,No,43,Debit Card,Fortnightly,60.952380952380956,38.98809523809524,49.36607246002937,0.0,Bronze,Neutral,Clothing,1
2027,37,Male,Scarf,Accessories,35.0,Maine,M,Orange,Winter,3.6,No,Express,No,No,45,Bank Transfer,Every 3 Months,42.58503401360544,50.848639455782305,46.54286813680289,0.0,Bronze,Neutral,Accessories,1
2028,50,Male,Shoes,Footwear,73.0,Nebraska,S,Gold,Fall,4.8,No,Standard,No,No,50,Credit Card,Every 3 Months,46.666666666666664,86.08333333333333,67.4790386030194,0.0,Platinum,Satisfied,Footwear,1
2029,29,Male,Shoes,Footwear,84.0,Ohio,XL,Purple,Fall,3.7,No,2-Day Shipping,No,No,10,Venmo,Bi-Weekly,27.346938775510203,48.78911564625851,37.81935706263609,0.0,Gold,Neutral,Footwear,1
2030,25,Male,Scarf,Accessories,23.0,Montana,M,Pink,Spring,4.6,No,Next Day Air,No,No,40,PayPal,Quarterly,45.17006802721089,55.780612244897945,50.4802604696549,0.0,Bronze,Satisfied,Accessories,1
2031,66,Male,Sunglasses,Accessories,67.0,New Mexico,S,Green,Summer,2.8,No,Standard,No,No,38,Credit Card,Monthly,63.53741496598639,48.75340136054421,55.895442612409674,0.0,Silver,At Risk,Accessories,1
2032,21,Male,Socks,Clothing,51.0,North Carolina,L,Charcoal,Spring,4.0,No,Standard,No,No,2,Credit Card,Monthly,34.14965986394558,33.59693877551021,33.073589576647464,0.0,Silver,Satisfied,Clothing,1
2033,46,Male,Blouse,Clothing,36.0,South Carolina,M,Maroon,Winter,4.2,No,Next Day Air,No,No,13,Cash,Annually,9.795918367346939,37.49659863945578,22.987994387876082,0.0,Bronze,Satisfied,Clothing,1
2034,57,Male,Jeans,Clothing,55.0,Illinois,L,Olive,Summer,3.6,No,Express,No,No,33,Venmo,Annually,26.122448979591834,51.0187074829932,38.402778217246066,0.0,Silver,Neutral,Clothing,1
2035,61,Male,Shorts,Clothing,30.0,Alabama,M,Peach,Spring,2.9,No,Store Pickup,No,No,27,PayPal,Monthly,54.5578231292517,27.187074829931966,39.840245311410946,0.0,Bronze,At Risk,Clothing,1
2036,53,Male,T-shirt,Clothing,70.0,Oklahoma,S,Yellow,Summer,4.1,No,Express,No,No,43,Bank Transfer,Weekly,74.28571428571429,70.73809523809523,73.05935204463194,0.0,Platinum,Satisfied,Clothing,1
2037,37,Male,Blouse,Clothing,63.0,Minnesota,S,Lavender,Winter,3.1,No,Next Day Air,No,No,46,Cash,Weekly,76.73469387755101,56.52891156462585,66.66386482360485,0.0,Silver,Neutral,Clothing,1
2038,39,Male,Belt,Accessories,87.0,Illinois,S,Green,Summer,4.3,No,Express,No,No,7,Venmo,Bi-Weekly,24.89795918367347,55.998299319727884,40.460945372622156,0.0,Gold,Satisfied,Accessories,1
2039,53,Male,Blouse,Clothing,70.0,Arkansas,L,Orange,Spring,4.4,No,Next Day Air,No,No,35,Credit Card,Fortnightly,54.42176870748299,69.29591836734694,62.3539812291405,0.0,Platinum,Satisfied,Clothing,1
2040,35,Male,T-shirt,Clothing,51.0,Minnesota,M,Olive,Spring,3.1,No,Next Day Air,No,No,31,Debit Card,Bi-Weekly,44.48979591836735,41.32482993197279,42.38790363198524,0.0,Silver,Neutral,Clothing,1
2041,69,Male,Jewelry,Accessories,25.0,South Carolina,XL,Gray,Spring,2.9,No,Free Shipping,No,No,42,Venmo,Quarterly,46.802721088435376,35.307823129251695,40.31761831923911,0.0,Bronze,At Risk,Accessories,1
2042,66,Male,Jacket,Outerwear,32.0,New York,S,Lavender,Winter,3.2,No,Next Day Air,No,No,14,PayPal,Bi-Weekly,30.612244897959183,23.176870748299326,25.716898947894286,0.0,Bronze,Neutral,Outerwear,1
2043,19,Male,Shoes,Footwear,52.0,Alabama,M,Red,Spring,4.0,No,2-Day Shipping,No,No,35,Venmo,Monthly,61.088435374149654,56.4625850340136,58.80516655889869,0.0,Silver,Satisfied,Footwear,1
2044,47,Male,Gloves,Accessories,33.0,New York,M,Charcoal,Summer,2.7,No,Standard,No,No,49,PayPal,Weekly,79.18367346938776,40.736394557823125,59.41928142031851,0.0,Bronze,At Risk,Accessories,1
2045,49,Male,Jeans,Clothing,68.0,Missouri,L,Orange,Spring,3.0,No,Free Shipping,No,No,17,PayPal,Fortnightly,39.72789115646258,37.55102040816327,37.9831656136179,0.0,Gold,Neutral,Clothing,1
2046,31,Male,Jewelry,Accessories,20.0,Georgia,M,Red,Fall,4.4,No,Express,No,No,26,PayPal,Quarterly,33.74149659863945,42.34013605442178,37.55823347889764,0.0,Bronze,Satisfied,Accessories,1
2047,39,Male,Pants,Clothing,32.0,Oklahoma,M,Maroon,Winter,2.8,No,Free Shipping,No,No,30,Cash,Every 3 Months,30.340136054421762,28.727891156462576,28.55769730689276,0.0,Bronze,At Risk,Clothing,1
2048,58,Male,Jewelry,Accessories,82.0,Connecticut,M,Silver,Summer,3.1,No,Store Pickup,No,No,32,Cash,Annually,25.30612244897959,54.921768707483,40.08771456341689,0.0,Gold,Neutral,Accessories,1
2049,45,Male,Sneakers,Footwear,64.0,Michigan,XL,Pink,Winter,3.9,No,Express,No,No,35,Bank Transfer,Quarterly,41.088435374149654,60.129251700680264,50.77149455992016,0.0,Silver,Neutral,Footwear,1
2050,68,Male,Boots,Footwear,24.0,Rhode Island,L,Blue,Fall,2.7,No,Standard,No,No,15,Venmo,Annually,11.428571428571427,13.857142857142858,11.127159872941752,0.0,Bronze,At Risk,Footwear,1
2051,35,Male,Hat,Accessories,96.0,Mississippi,M,Teal,Summer,3.4,No,Store Pickup,No,No,10,Debit Card,Annually,7.346938775510203,49.78911564625851,28.355628335641935,0.0,Gold,Neutral,Accessories,1
2052,65,Male,T-shirt,Clothing,94.0,Massachusetts,L,Black,Spring,3.8,No,Free Shipping,No,No,14,Credit Card,Monthly,43.94557823129252,57.01020408163265,50.52741035125905,0.0,Gold,Neutral,Clothing,1
2053,45,Male,Backpack,Accessories,48.0,New Hampshire,M,Gray,Winter,3.7,No,2-Day Shipping,No,No,30,Bank Transfer,Annually,23.673469387755098,47.394557823129254,35.23476106966873,0.0,Silver,Neutral,Accessories,1
2054,19,Male,Sunglasses,Accessories,60.0,Wyoming,S,Purple,Spring,4.5,No,2-Day Shipping,No,No,16,Credit Card,Fortnightly,38.91156462585034,53.537414965986386,46.148046508609454,0.0,Silver,Satisfied,Accessories,1
2055,65,Male,Sweater,Clothing,56.0,New Jersey,XL,Gold,Spring,2.9,No,Express,No,No,14,PayPal,Annually,10.612244897959183,29.176870748299315,18.934526585929408,0.0,Silver,At Risk,Clothing,1
2056,28,Male,Handbag,Accessories,33.0,Texas,M,Silver,Fall,3.4,No,2-Day Shipping,No,No,28,Bank Transfer,Weekly,62.0408163265306,35.784013605442176,48.19203321114666,0.0,Bronze,Neutral,Accessories,1
2057,55,Male,Backpack,Accessories,46.0,Minnesota,L,Blue,Spring,4.4,No,2-Day Shipping,No,No,29,PayPal,Monthly,56.19047619047619,55.21428571428573,55.68675990177915,0.0,Silver,Satisfied,Accessories,1
2058,66,Male,Socks,Clothing,37.0,South Dakota,L,Yellow,Spring,4.2,No,Standard,No,No,5,PayPal,Every 3 Months,9.931972789115646,32.47108843537415,20.36098484411366,0.0,Bronze,Satisfied,Clothing,1
2059,29,Male,Shirt,Clothing,98.0,Washington,M,Brown,Winter,3.3,No,Store Pickup,No,No,17,Bank Transfer,Quarterly,26.39455782312925,54.05102040816326,40.16497495154783,0.0,Gold,Neutral,Clothing,1
2060,56,Male,Shorts,Clothing,50.0,California,XL,Beige,Spring,3.7,No,Express,No,No,50,PayPal,Weekly,80.0,61.83333333333334,71.1411268992941,0.0,Silver,Neutral,Clothing,1
2061,21,Male,Belt,Accessories,63.0,Wisconsin,M,Blue,Fall,3.2,No,Next Day Air,No,No,23,Bank Transfer,Quarterly,31.292517006802722,42.215986394557824,36.267165786840785,0.0,Silver,Neutral,Accessories,1
2062,32,Male,Sweater,Clothing,70.0,Michigan,S,Magenta,Summer,2.6,No,Store Pickup,No,No,22,Debit Card,Annually,17.14285714285714,36.452380952380956,26.101479827288333,0.0,Gold,At Risk,Clothing,1
2063,54,Male,Coat,Outerwear,63.0,South Carolina,L,Silver,Fall,2.8,No,Standard,No,No,15,Cash,Quarterly,24.761904761904763,31.44047619047619,27.22326308996137,0.0,Silver,At Risk,Outerwear,1
2064,61,Male,Shorts,Clothing,86.0,Indiana,M,Cyan,Fall,2.9,No,Standard,No,No,32,Cash,Monthly,58.639455782312936,53.92176870748299,56.2181099570777,0.0,Platinum,At Risk,Clothing,1
2065,31,Male,Shoes,Footwear,99.0,Arkansas,M,Green,Summer,4.0,No,2-Day Shipping,No,No,5,Bank Transfer,Monthly,36.59863945578232,55.637755102040806,46.11793600208264,0.0,Gold,Satisfied,Footwear,1
2066,27,Male,Sneakers,Footwear,40.0,Oregon,M,Blue,Spring,2.9,No,Free Shipping,No,No,6,Bank Transfer,Bi-Weekly,24.081632653061224,17.068027210884352,19.175595525042183,0.0,Bronze,At Risk,Footwear,1
2067,64,Male,Sneakers,Footwear,92.0,Illinois,M,Olive,Fall,4.7,No,Store Pickup,No,No,44,Debit Card,Fortnightly,61.76870748299319,88.58503401360544,76.3716492196718,0.0,Platinum,Satisfied,Footwear,1
2068,60,Male,Pants,Clothing,21.0,Maryland,XL,Beige,Fall,3.1,No,2-Day Shipping,No,No,23,Cash,Fortnightly,44.625850340136054,23.382653061224495,32.83405681189719,0.0,Bronze,Neutral,Clothing,1
2069,70,Male,Jewelry,Accessories,81.0,Vermont,XL,Black,Summer,3.9,No,Store Pickup,No,No,44,Venmo,Monthly,68.43537414965986,73.33503401360542,71.52684563966585,0.0,Platinum,Neutral,Accessories,1
2070,36,Male,T-shirt,Clothing,82.0,Texas,M,Indigo,Fall,3.4,No,Free Shipping,No,No,3,Debit Card,Quarterly,14.965986394557826,39.19387755102042,26.483230324032288,0.0,Gold,Neutral,Clothing,1
2071,56,Male,Jewelry,Accessories,88.0,Nebraska,XL,Red,Spring,3.1,No,Express,No,No,14,Cash,Monthly,43.94557823129252,45.17687074829932,44.18153362068976,0.0,Gold,Neutral,Accessories,1
2072,69,Male,Jacket,Outerwear,100.0,South Carolina,S,Yellow,Fall,4.8,No,Store Pickup,No,No,37,PayPal,Quarterly,42.72108843537415,88.48979591836735,66.7967662412903,0.0,Platinum,Satisfied,Outerwear,1
2073,39,Male,Backpack,Accessories,66.0,Massachusetts,M,Beige,Winter,3.9,No,Next Day Air,No,No,22,Bank Transfer,Weekly,57.14285714285714,52.11904761904762,54.50306310438007,0.0,Silver,Neutral,Accessories,1
2074,38,Male,Belt,Accessories,25.0,Texas,S,Green,Winter,3.5,No,Next Day Air,No,No,2,PayPal,Every 3 Months,7.482993197278912,16.096938775510207,10.35550896571167,0.0,Bronze,Neutral,Accessories,1
2075,36,Male,Scarf,Accessories,53.0,Florida,M,White,Summer,3.1,No,Free Shipping,No,No,44,Debit Card,Fortnightly,61.76870748299319,51.00170068027211,56.216787209201755,0.0,Silver,Neutral,Accessories,1
2076,46,Male,Sweater,Clothing,28.0,South Carolina,S,Turquoise,Fall,4.7,No,Express,No,No,49,Debit Card,Monthly,72.51700680272108,65.31972789115645,69.26928354837911,0.0,Bronze,Satisfied,Clothing,1
2077,59,Male,Gloves,Accessories,23.0,Florida,S,Indigo,Fall,4.6,No,Free Shipping,No,No,22,Debit Card,Bi-Weekly,37.142857142857146,43.53571428571428,39.9000680110798,0.0,Bronze,Satisfied,Accessories,1
2078,64,Male,Scarf,Accessories,34.0,Nebraska,L,Orange,Fall,3.3,No,Free Shipping,No,No,26,Bank Transfer,Annually,20.40816326530612,33.506802721088434,26.15450390067925,0.0,Bronze,Neutral,Accessories,1
2079,49,Male,Dress,Clothing,42.0,Hawaii,M,Blue,Spring,3.2,No,Next Day Air,No,No,40,Debit Card,Weekly,71.83673469387755,45.03061224489796,58.04867761817529,0.0,Silver,Neutral,Clothing,1
2080,32,Male,Jeans,Clothing,24.0,Montana,L,Violet,Summer,3.1,No,Next Day Air,No,No,16,PayPal,Quarterly,25.578231292517007,19.870748299319736,21.42691365074567,0.0,Bronze,Neutral,Clothing,1
2081,29,Male,Sunglasses,Accessories,47.0,South Dakota,S,Gray,Fall,3.5,No,Free Shipping,No,No,17,Debit Card,Bi-Weekly,33.06122448979592,35.46768707482993,33.532600461522364,0.0,Bronze,Neutral,Accessories,1
2082,24,Male,Coat,Outerwear,78.0,Alabama,S,Cyan,Spring,4.3,No,Standard,No,No,48,Bank Transfer,Bi-Weekly,58.36734693877551,80.13945578231292,70.14184795819718,0.0,Platinum,Satisfied,Outerwear,1
2083,41,Male,Jeans,Clothing,89.0,Arkansas,M,Yellow,Summer,2.9,No,Free Shipping,No,No,28,Venmo,Every 3 Months,28.707482993197274,52.45068027210884,40.46322109457758,0.0,Gold,At Risk,Clothing,1
2084,41,Male,Scarf,Accessories,59.0,Mississippi,L,Orange,Fall,2.7,No,Store Pickup,No,No,26,Credit Card,Fortnightly,47.074829931972786,35.9234693877551,40.78382614377673,0.0,Silver,At Risk,Accessories,1
2085,32,Male,Blouse,Clothing,94.0,Vermont,S,Brown,Summer,4.0,No,Standard,No,No,43,Bank Transfer,Quarterly,47.61904761904762,79.40476190476191,64.37370307734935,0.0,Platinum,Satisfied,Clothing,1
2086,69,Male,Jeans,Clothing,49.0,New York,M,Teal,Fall,4.6,No,Free Shipping,No,No,38,Debit Card,Weekly,70.20408163265306,65.2534013605442,68.07725195033962,0.0,Silver,Satisfied,Clothing,1
2087,65,Male,Dress,Clothing,89.0,North Dakota,L,Beige,Summer,4.7,No,2-Day Shipping,No,No,36,Cash,Every 3 Months,35.238095238095234,81.89285714285714,59.5175208875663,0.0,Platinum,Satisfied,Clothing,1
2088,54,Male,Hat,Accessories,91.0,Wisconsin,M,Blue,Summer,4.7,No,Standard,No,No,1,Credit Card,Weekly,40.0,58.916666666666664,49.577002353027005,0.0,Gold,Satisfied,Accessories,1
2089,39,Male,Sandals,Footwear,89.0,California,L,Orange,Spring,4.0,No,Standard,No,No,49,Debit Card,Annually,39.183673469387756,81.40306122448979,61.22764652255663,0.0,Platinum,Satisfied,Footwear,1
2090,37,Male,Jacket,Outerwear,57.0,Maryland,L,Gold,Spring,3.6,No,Free Shipping,No,No,41,Credit Card,Every 3 Months,39.31972789115646,57.294217687074834,48.366793518932475,0.0,Silver,Neutral,Outerwear,1
2091,51,Male,Socks,Clothing,71.0,Massachusetts,S,Teal,Winter,3.4,No,Free Shipping,No,No,21,Debit Card,Monthly,49.65986394557823,46.85544217687075,47.938846114663875,0.0,Gold,Neutral,Clothing,1
2092,26,Male,Jeans,Clothing,97.0,Washington,XL,Beige,Fall,3.0,No,Next Day Air,No,No,24,Bank Transfer,Quarterly,32.10884353741497,54.39625850340137,43.20725908151415,0.0,Gold,Neutral,Clothing,1
2093,42,Male,Sandals,Footwear,45.0,Minnesota,M,Silver,Fall,2.6,No,Next Day Air,No,No,27,Bank Transfer,Weekly,61.224489795918366,29.43707482993197,44.380189009007466,0.0,Silver,At Risk,Footwear,1
2094,21,Male,Dress,Clothing,91.0,Washington,M,Maroon,Spring,4.2,No,Store Pickup,No,No,4,Debit Card,Annually,2.4489795918367347,54.29081632653061,28.32078149830604,0.0,Gold,Satisfied,Clothing,1
2095,53,Male,Socks,Clothing,25.0,South Carolina,M,Indigo,Spring,3.4,No,Standard,No,No,19,Venmo,Annually,14.693877551020407,26.328231292517007,19.447699405172937,0.0,Bronze,Neutral,Clothing,1
2096,36,Male,Hoodie,Clothing,63.0,New Mexico,M,Gray,Fall,4.0,No,Store Pickup,No,No,1,Bank Transfer,Fortnightly,26.666666666666668,37.91666666666667,31.648638953237384,0.0,Silver,Satisfied,Clothing,1
2097,21,Male,Dress,Clothing,52.0,North Carolina,L,Blue,Summer,4.7,No,Free Shipping,No,No,27,Debit Card,Annually,21.224489795918366,60.35374149659864,40.959909199438485,0.0,Silver,Satisfied,Clothing,1
2098,33,Male,Sneakers,Footwear,43.0,Iowa,S,Cyan,Winter,3.9,No,Next Day Air,No,No,5,Credit Card,Weekly,43.265306122448976,30.97108843537415,36.223244601271546,0.0,Bronze,Neutral,Footwear,1
2099,49,Male,T-shirt,Clothing,28.0,Louisiana,M,White,Summer,3.3,No,2-Day Shipping,No,No,20,Venmo,Quarterly,28.843537414965986,26.92517006802721,26.842650454195137,0.0,Bronze,Neutral,Clothing,1
2100,31,Male,T-shirt,Clothing,78.0,Oklahoma,L,Green,Summer,2.9,No,Express,No,No,50,PayPal,Annually,40.0,62.83333333333333,51.67739817229994,0.0,Gold,At Risk,Clothing,1
2101,68,Male,Sweater,Clothing,31.0,Michigan,M,Silver,Spring,4.4,No,Free Shipping,No,No,36,Cash,Fortnightly,55.23809523809524,53.72619047619048,54.41254669790139,0.0,Bronze,Satisfied,Clothing,1
2102,49,Male,Shirt,Clothing,23.0,Oregon,M,Blue,Winter,3.6,No,Next Day Air,No,No,12,Bank Transfer,Bi-Weekly,28.9795918367347,23.399659863945583,25.020047819941503,0.0,Bronze,Neutral,Clothing,1
2103,23,Male,Hat,Accessories,25.0,Idaho,M,Brown,Spring,4.5,No,Store Pickup,No,No,23,Cash,Monthly,51.292517006802726,43.715986394557824,47.07157269634957,0.0,Bronze,Satisfied,Accessories,1
2104,30,Male,Pants,Clothing,86.0,Indiana,S,Red,Summer,3.7,No,Store Pickup,No,No,21,Venmo,Weekly,56.326530612244895,57.105442176870746,56.768959996307224,0.0,Platinum,Neutral,Clothing,1
2105,53,Male,Shoes,Footwear,88.0,New Mexico,M,Gold,Spring,2.8,No,Free Shipping,No,No,47,Venmo,Weekly,77.55102040816327,63.62585034013605,70.87791248049847,0.0,Platinum,At Risk,Footwear,1
2106,65,Male,Gloves,Accessories,35.0,South Carolina,M,Silver,Spring,4.5,No,Free Shipping,No,No,38,Venmo,Bi-Weekly,50.204081632653065,58.08673469387755,54.23397449379765,0.0,Bronze,Satisfied,Accessories,1
2107,60,Male,Jewelry,Accessories,34.0,Vermont,M,Gray,Fall,4.4,No,Standard,No,No,40,Credit Card,Every 3 Months,38.50340136054422,57.69727891156463,48.174780409582795,0.0,Bronze,Satisfied,Accessories,1
2108,46,Male,Pants,Clothing,75.0,Delaware,M,Black,Winter,3.3,No,Standard,No,No,35,PayPal,Quarterly,41.088435374149654,56.7125850340136,48.93923437715016,0.0,Gold,Neutral,Clothing,1
2109,54,Male,Hoodie,Clothing,46.0,North Dakota,XL,Beige,Winter,4.2,No,Express,No,No,4,Credit Card,Quarterly,15.782312925170071,35.540816326530624,24.932361796112936,0.0,Bronze,Satisfied,Clothing,1
2110,59,Male,Jewelry,Accessories,31.0,California,L,Peach,Fall,2.7,No,Free Shipping,No,No,28,Venmo,Every 3 Months,28.707482993197274,25.61734693877551,26.07327526892047,0.0,Bronze,At Risk,Accessories,1
2111,52,Male,Socks,Clothing,93.0,Montana,L,Cyan,Spring,3.9,No,Store Pickup,No,No,36,Debit Card,Every 3 Months,35.238095238095234,72.89285714285714,54.691079430513604,0.0,Platinum,Neutral,Clothing,1
2112,41,Male,Sunglasses,Accessories,85.0,Missouri,XL,Pink,Spring,2.6,No,Free Shipping,No,No,15,Bank Transfer,Annually,11.428571428571427,37.94047619047618,24.042359697832755,0.0,Gold,At Risk,Accessories,1
2113,43,Male,Belt,Accessories,68.0,Tennessee,M,Lavender,Fall,4.5,No,2-Day Shipping,No,No,7,Cash,Fortnightly,31.564625850340132,50.748299319727884,40.97885452267476,0.0,Silver,Satisfied,Accessories,1
2114,63,Male,Dress,Clothing,40.0,Virginia,M,Brown,Spring,2.7,No,Store Pickup,No,No,29,PayPal,Every 3 Months,29.523809523809526,30.047619047619044,28.85726619779845,0.0,Bronze,At Risk,Clothing,1
2115,37,Male,Shirt,Clothing,51.0,Vermont,M,Magenta,Winter,2.9,No,Standard,No,No,12,Debit Card,Annually,8.979591836734695,25.73299319727891,16.271347456955162,0.0,Bronze,At Risk,Clothing,1
2116,44,Male,Scarf,Accessories,85.0,Rhode Island,M,Violet,Winter,3.4,No,Store Pickup,No,No,16,Bank Transfer,Bi-Weekly,32.244897959183675,49.287414965986386,40.53556026500124,0.0,Gold,Neutral,Accessories,1
2117,67,Male,Jacket,Outerwear,23.0,Kansas,M,Teal,Summer,2.9,No,Express,No,No,50,Debit Card,Bi-Weekly,60.00000000000001,39.916666666666664,49.38784816591576,0.0,Bronze,At Risk,Outerwear,1
2118,27,Male,Dress,Clothing,28.0,Colorado,L,Brown,Summer,3.8,No,Free Shipping,No,No,11,Debit Card,Annually,8.16326530612245,27.469387755102044,16.794362711613292,0.0,Bronze,Neutral,Clothing,1
2119,60,Male,Socks,Clothing,44.0,Georgia,M,Olive,Fall,4.2,No,2-Day Shipping,No,No,28,Debit Card,Quarterly,35.374149659863946,51.034013605442176,43.03683679115262,0.0,Bronze,Satisfied,Clothing,1
2120,58,Male,Jewelry,Accessories,57.0,Nebraska,M,Indigo,Spring,3.5,No,Store Pickup,No,No,36,Venmo,Bi-Weekly,48.57142857142857,52.5595238095238,50.45356354606121,0.0,Silver,Neutral,Accessories,1
2121,53,Male,Scarf,Accessories,98.0,Missouri,S,Red,Fall,3.1,No,Next Day Air,No,No,38,PayPal,Quarterly,43.5374149659864,65.67006802721089,54.96736498075874,0.0,Platinum,Neutral,Accessories,1
2122,43,Male,Backpack,Accessories,68.0,Alaska,M,Olive,Winter,3.5,No,2-Day Shipping,No,No,32,Bank Transfer,Monthly,58.639455782312936,54.42176870748299,56.48624559358062,0.0,Silver,Neutral,Accessories,1
2123,32,Male,Jacket,Outerwear,36.0,Virginia,L,Teal,Fall,4.0,No,Express,No,No,42,Debit Card,Weekly,73.46938775510203,54.5578231292517,63.97417365793516,0.0,Bronze,Satisfied,Outerwear,1
2124,54,Male,Coat,Outerwear,71.0,Nebraska,L,Cyan,Spring,3.7,No,Express,No,No,22,Debit Card,Bi-Weekly,37.142857142857146,51.535714285714285,44.190238195126646,0.0,Gold,Neutral,Outerwear,1
2125,47,Male,Skirt,Clothing,60.0,Rhode Island,M,Teal,Fall,4.2,No,Next Day Air,No,No,22,Venmo,Quarterly,30.476190476190478,53.61904761904762,41.97413668055551,0.0,Silver,Satisfied,Clothing,1
2126,57,Male,Coat,Outerwear,87.0,New Hampshire,M,Beige,Fall,4.8,No,Store Pickup,No,No,31,PayPal,Quarterly,37.823129251700685,78.99149659863944,59.25412158187243,0.0,Platinum,Satisfied,Outerwear,1
2127,63,Male,Shoes,Footwear,38.0,Alabama,XL,Magenta,Winter,4.1,No,Express,No,No,28,Credit Card,Monthly,55.374149659863946,47.20068027210884,50.98113024463018,0.0,Bronze,Satisfied,Footwear,1
2128,70,Male,Boots,Footwear,45.0,North Carolina,M,Indigo,Spring,4.5,No,2-Day Shipping,No,No,40,Debit Card,Weekly,71.83673469387755,63.61394557823128,68.01438544153409,0.0,Silver,Satisfied,Footwear,1
2129,62,Male,Coat,Outerwear,47.0,New Mexico,L,Cyan,Fall,2.7,No,2-Day Shipping,No,No,21,PayPal,Weekly,56.326530612244895,27.522108843537413,40.904268169884006,0.0,Silver,At Risk,Outerwear,1
2130,40,Male,Skirt,Clothing,57.0,Minnesota,L,Orange,Fall,2.8,No,Store Pickup,No,No,12,PayPal,Every 3 Months,15.646258503401361,26.899659863945573,20.230330608795327,0.0,Silver,At Risk,Clothing,1
2131,25,Male,Backpack,Accessories,68.0,Arizona,L,Violet,Summer,3.7,No,Free Shipping,No,No,33,Credit Card,Annually,26.122448979591834,57.7687074829932,42.0226093100356,0.0,Silver,Neutral,Accessories,1
2132,19,Male,Shorts,Clothing,52.0,Montana,M,Red,Fall,3.6,No,Express,No,No,9,Bank Transfer,Fortnightly,33.197278911564624,33.442176870748305,32.514404736777514,0.0,Silver,Neutral,Clothing,1
2133,25,Male,Skirt,Clothing,87.0,Vermont,M,Magenta,Fall,4.7,No,2-Day Shipping,No,No,15,Debit Card,Weekly,51.42857142857142,66.77380952380952,59.504848069501584,0.0,Platinum,Satisfied,Clothing,1
2134,21,Male,Hat,Accessories,34.0,Maine,M,Olive,Summer,3.8,No,Standard,No,No,13,Bank Transfer,Annually,9.795918367346939,31.329931972789115,19.680988204339975,0.0,Bronze,Neutral,Accessories,1
2135,55,Male,Sandals,Footwear,41.0,Virginia,XL,Maroon,Winter,2.9,No,Standard,No,No,35,Credit Card,Fortnightly,54.42176870748299,37.21258503401359,45.14861122020264,0.0,Bronze,At Risk,Footwear,1
2136,34,Male,Sunglasses,Accessories,94.0,California,S,Yellow,Winter,4.6,No,Next Day Air,No,No,1,Debit Card,Every 3 Months,6.666666666666667,58.83333333333333,32.86564641360985,0.0,Gold,Satisfied,Accessories,1
2137,47,Male,Sunglasses,Accessories,93.0,New York,M,Red,Summer,2.8,No,Standard,No,No,25,Bank Transfer,Fortnightly,46.25850340136054,50.74319727891156,48.32305722026147,0.0,Gold,At Risk,Accessories,1
2138,27,Male,Socks,Clothing,51.0,Indiana,XL,Purple,Winter,4.6,No,2-Day Shipping,No,No,20,Credit Card,Every 3 Months,22.176870748299315,53.84183673469387,37.94395221926939,0.0,Silver,Satisfied,Clothing,1
2139,67,Male,Sweater,Clothing,42.0,Mississippi,M,Teal,Fall,2.8,No,Next Day Air,No,No,36,Venmo,Quarterly,41.904761904761905,36.97619047619047,38.76333620838663,0.0,Bronze,At Risk,Clothing,1
2140,40,Male,Boots,Footwear,95.0,New York,M,Red,Winter,3.0,No,Free Shipping,No,No,33,Cash,Weekly,66.12244897959184,59.68537414965988,63.05046258329683,0.0,Platinum,Neutral,Footwear,1
2141,53,Male,Handbag,Accessories,90.0,New Mexico,M,Brown,Fall,3.7,No,Standard,No,No,36,Cash,Fortnightly,55.23809523809524,68.97619047619047,62.59068361124067,0.0,Platinum,Neutral,Accessories,1
2142,24,Male,Dress,Clothing,98.0,Kentucky,M,Peach,Winter,4.1,No,2-Day Shipping,No,No,32,PayPal,Annually,25.30612244897959,74.92176870748298,50.813140023533975,0.0,Platinum,Satisfied,Clothing,1
2143,47,Male,Hat,Accessories,39.0,North Dakota,M,Maroon,Winter,4.3,No,Next Day Air,No,No,21,Venmo,Quarterly,29.659863945578234,45.52210884353741,37.22381775065606,0.0,Bronze,Satisfied,Accessories,1
2144,53,Male,Sandals,Footwear,66.0,Arkansas,L,Red,Fall,3.8,No,Next Day Air,No,No,48,Venmo,Bi-Weekly,58.36734693877551,68.47278911564626,63.88534977312887,0.0,Silver,Neutral,Footwear,1
2145,47,Male,Shoes,Footwear,23.0,Maryland,L,Orange,Winter,3.7,No,Free Shipping,No,No,25,PayPal,Quarterly,32.925170068027214,33.5765306122449,32.450400366994295,0.0,Bronze,Neutral,Footwear,1
2146,38,Male,Skirt,Clothing,73.0,Connecticut,S,White,Winter,4.8,No,Standard,No,No,32,PayPal,Annually,25.30612244897959,73.83843537414965,50.23217947777764,0.0,Gold,Satisfied,Clothing,1
2147,48,Male,Sunglasses,Accessories,23.0,Utah,XL,White,Summer,4.6,No,Standard,No,No,45,PayPal,Every 3 Months,42.58503401360544,59.18197278911563,51.01179541185168,0.0,Bronze,Satisfied,Accessories,1
2148,47,Male,Skirt,Clothing,43.0,Missouri,S,Charcoal,Fall,4.8,No,Standard,No,No,4,Cash,Fortnightly,29.115646258503403,42.29081632653061,35.21885955556912,0.0,Bronze,Satisfied,Clothing,1
2149,19,Male,T-shirt,Clothing,45.0,Nebraska,XL,Turquoise,Winter,4.6,No,2-Day Shipping,No,No,19,PayPal,Bi-Weekly,34.69387755102041,50.66156462585033,42.496967048315405,0.0,Silver,Satisfied,Clothing,1
2150,38,Male,Sandals,Footwear,21.0,Hawaii,L,Orange,Winter,4.0,No,Standard,No,No,1,Bank Transfer,Weekly,40.0,20.416666666666668,28.930558342301588,0.0,Bronze,Satisfied,Footwear,1
2151,57,Male,Shirt,Clothing,40.0,Illinois,M,Orange,Spring,2.6,No,2-Day Shipping,No,No,12,Cash,Weekly,48.97959183673469,17.14965986394558,31.668352363654904,0.0,Bronze,At Risk,Clothing,1
2152,70,Male,Jeans,Clothing,58.0,Vermont,L,Brown,Fall,2.6,No,2-Day Shipping,No,No,18,Venmo,Monthly,47.2108843537415,28.731292517006807,36.994895508501635,0.0,Silver,At Risk,Clothing,1
2153,38,Male,Shorts,Clothing,48.0,New Jersey,L,Magenta,Summer,4.5,No,Next Day Air,No,No,43,Bank Transfer,Bi-Weekly,54.28571428571429,66.90476190476191,61.003645498109506,0.0,Silver,Satisfied,Clothing,1
2154,35,Male,Shirt,Clothing,94.0,Kentucky,M,Violet,Fall,4.2,No,Free Shipping,No,No,31,PayPal,Annually,24.489795918367342,73.90816326530613,49.86140927742601,0.0,Gold,Satisfied,Clothing,1
2155,46,Male,Scarf,Accessories,74.0,Wyoming,M,Violet,Spring,3.4,No,Store Pickup,No,No,33,Cash,Every 3 Months,32.7891156462585,56.26870748299319,44.55153573386014,0.0,Gold,Neutral,Accessories,1
2156,32,Male,Handbag,Accessories,51.0,Hawaii,L,Yellow,Fall,3.7,No,Store Pickup,No,No,46,PayPal,Monthly,70.06802721088435,59.52891156462585,64.9393453092891,0.0,Silver,Neutral,Accessories,1
2157,38,Male,Skirt,Clothing,83.0,Missouri,M,Maroon,Winter,3.6,No,Next Day Air,No,No,41,Debit Card,Bi-Weekly,52.6530612244898,68.12755102040818,60.843065643162575,0.0,Platinum,Neutral,Clothing,1
2158,41,Male,Handbag,Accessories,68.0,Mississippi,L,Turquoise,Winter,4.0,No,Next Day Air,No,No,41,Venmo,Fortnightly,59.31972789115646,67.21088435374149,63.68481697624053,0.0,Silver,Satisfied,Accessories,1
2159,19,Male,Gloves,Accessories,84.0,Massachusetts,XL,Olive,Spring,4.6,No,Standard,No,No,9,Bank Transfer,Fortnightly,33.197278911564624,60.108843537414955,46.814972016933645,0.0,Gold,Satisfied,Accessories,1
2160,18,Male,Shirt,Clothing,58.0,Louisiana,M,Peach,Fall,3.0,No,Free Shipping,No,No,34,Cash,Annually,26.93877551020408,44.94897959183674,35.55592077956258,0.0,Silver,Neutral,Clothing,1
2161,45,Male,Blouse,Clothing,92.0,West Virginia,L,Charcoal,Winter,3.3,No,Express,No,No,21,PayPal,Annually,16.3265306122449,54.27210884353742,35.249524722790625,0.0,Gold,Neutral,Clothing,1
2162,23,Male,Dress,Clothing,69.0,Washington,S,Peach,Summer,3.8,No,Express,No,No,5,Debit Card,Fortnightly,29.931972789115648,40.47108843537415,34.6511550281605,0.0,Gold,Neutral,Clothing,1
2163,60,Male,Shorts,Clothing,48.0,Oregon,S,Black,Summer,2.7,No,Free Shipping,No,No,32,PayPal,Weekly,65.3061224489796,35.42176870748299,49.630424739802706,0.0,Silver,At Risk,Clothing,1
2164,52,Male,Shoes,Footwear,60.0,New York,L,Gray,Spring,4.5,No,Express,No,No,44,Bank Transfer,Monthly,68.43537414965986,72.58503401360544,71.12464218491145,0.0,Silver,Satisfied,Footwear,1
2165,42,Male,Sandals,Footwear,20.0,Iowa,S,Olive,Winter,4.8,No,Next Day Air,No,No,46,PayPal,Bi-Weekly,56.73469387755101,61.27891156462584,59.21115337038266,0.0,Bronze,Satisfied,Footwear,1
2166,29,Male,Pants,Clothing,55.0,Idaho,M,Turquoise,Summer,4.2,No,Express,No,No,42,Credit Card,Every 3 Months,40.136054421768705,65.14115646258503,52.98304463058046,0.0,Silver,Satisfied,Clothing,1
2167,31,Male,Jacket,Outerwear,88.0,New Jersey,S,Purple,Spring,3.5,No,Express,No,No,50,Credit Card,Bi-Weekly,60.00000000000001,75.0,68.20203199387119,0.0,Platinum,Neutral,Outerwear,1
2168,30,Male,Skirt,Clothing,48.0,Ohio,L,Green,Winter,4.9,No,Standard,No,No,33,Venmo,Fortnightly,52.7891156462585,65.43537414965988,59.46735573641382,0.0,Silver,Satisfied,Clothing,1
2169,23,Male,Handbag,Accessories,74.0,Connecticut,M,Beige,Spring,4.1,No,Next Day Air,No,No,32,Cash,Quarterly,38.63945578231293,64.92176870748298,52.1170939601421,0.0,Gold,Satisfied,Accessories,1
2170,31,Male,Coat,Outerwear,42.0,Florida,M,Brown,Fall,2.9,No,Next Day Air,No,No,32,Bank Transfer,Bi-Weekly,45.30612244897959,35.588435374149654,39.719803285303676,0.0,Bronze,At Risk,Outerwear,1
2171,40,Male,Sweater,Clothing,32.0,South Carolina,M,Turquoise,Fall,4.0,No,Next Day Air,No,No,37,Venmo,Every 3 Months,36.05442176870748,49.48979591836735,42.54885326072861,0.0,Bronze,Satisfied,Clothing,1
2172,39,Male,Shorts,Clothing,98.0,Missouri,M,Yellow,Summer,4.6,No,Store Pickup,No,No,9,Cash,Fortnightly,33.197278911564624,65.9421768707483,49.94322110946781,0.0,Gold,Satisfied,Clothing,1
2173,28,Male,Skirt,Clothing,89.0,Rhode Island,S,Lavender,Fall,2.8,No,Store Pickup,No,No,6,PayPal,Fortnightly,30.74829931972789,36.15136054421768,32.74277231823724,0.0,Gold,At Risk,Clothing,1
2174,23,Male,Gloves,Accessories,97.0,Delaware,S,Cyan,Summer,5.0,No,2-Day Shipping,No,No,36,Venmo,Quarterly,41.904761904761905,89.22619047619047,66.78351022294257,0.0,Platinum,Satisfied,Accessories,1
2175,42,Male,Backpack,Accessories,49.0,Colorado,S,Olive,Spring,2.9,No,Store Pickup,No,No,1,Cash,Annually,0.0,17.416666666666664,7.3217445232840195,0.0,Bronze,At Risk,Accessories,1
2176,68,Male,Dress,Clothing,50.0,Nebraska,M,Silver,Spring,3.3,No,Free Shipping,No,No,48,Credit Card,Fortnightly,65.03401360544217,55.13945578231292,60.068399466384136,0.0,Silver,Neutral,Clothing,1
2177,24,Male,Belt,Accessories,91.0,Vermont,S,Red,Winter,3.4,No,2-Day Shipping,No,No,44,Debit Card,Quarterly,48.435374149659864,70.83503401360544,60.18616745715121,0.0,Platinum,Neutral,Accessories,1
2178,24,Male,Gloves,Accessories,93.0,Montana,XL,Green,Winter,3.0,No,Express,No,No,9,PayPal,Bi-Weekly,26.53061224489796,42.52551020408164,34.05220213324737,0.0,Gold,Neutral,Accessories,1
2179,21,Male,Jewelry,Accessories,98.0,Florida,M,Gold,Summer,4.7,No,Standard,No,No,32,Venmo,Annually,25.30612244897959,82.921768707483,55.103310207580826,0.0,Platinum,Satisfied,Accessories,1
2180,49,Male,Socks,Clothing,82.0,Delaware,L,Lavender,Fall,2.9,No,Next Day Air,No,No,14,PayPal,Monthly,43.94557823129252,40.01020408163265,41.410798710159504,0.0,Gold,At Risk,Clothing,1
2181,41,Male,Coat,Outerwear,37.0,Connecticut,M,Yellow,Summer,4.1,No,Store Pickup,No,No,43,Cash,Quarterly,47.61904761904762,56.98809523809523,52.352288707468084,0.0,Bronze,Satisfied,Outerwear,1
2182,22,Male,Handbag,Accessories,63.0,Hawaii,M,Black,Fall,3.2,No,Free Shipping,No,No,32,Bank Transfer,Bi-Weekly,45.30612244897959,48.33843537414967,46.55726201612834,0.0,Silver,Neutral,Accessories,1
2183,42,Male,Blouse,Clothing,99.0,New Mexico,M,Maroon,Winter,2.7,No,Store Pickup,No,No,26,Venmo,Bi-Weekly,40.408163265306115,52.59013605442176,46.38834736054098,0.0,Gold,At Risk,Clothing,1
2184,30,Male,Shorts,Clothing,37.0,Kansas,M,Maroon,Spring,4.7,No,Store Pickup,No,No,2,Cash,Monthly,34.14965986394558,37.0969387755102,34.95053903216796,0.0,Bronze,Satisfied,Clothing,1
2185,38,Male,Shoes,Footwear,34.0,Nevada,S,Gold,Spring,3.2,No,Free Shipping,No,No,16,PayPal,Every 3 Months,18.91156462585034,25.370748299319736,21.043072318944542,0.0,Bronze,Neutral,Footwear,1
2186,40,Male,Shorts,Clothing,32.0,North Carolina,M,Violet,Winter,2.5,No,Express,No,No,50,Debit Card,Every 3 Months,46.666666666666664,38.33333333333333,41.87208531698982,0.0,Bronze,At Risk,Clothing,1
2187,55,Male,Sandals,Footwear,23.0,New Mexico,XL,Teal,Winter,4.3,No,Next Day Air,No,No,6,PayPal,Every 3 Months,10.748299319727892,28.651360544217685,18.720737770693336,0.0,Bronze,Satisfied,Footwear,1
2188,37,Male,Blouse,Clothing,78.0,Idaho,M,Violet,Spring,4.4,No,Free Shipping,No,No,20,PayPal,Annually,15.51020408163265,62.425170068027214,39.21361397923633,0.0,Gold,Satisfied,Clothing,1
2189,41,Male,Coat,Outerwear,54.0,California,M,Brown,Winter,4.7,No,Next Day Air,No,No,9,Credit Card,Weekly,46.53061224489796,48.9421768707483,47.49327613503493,0.0,Silver,Satisfied,Outerwear,1
2190,38,Male,Blouse,Clothing,94.0,Wisconsin,XL,Brown,Fall,4.0,No,Express,No,No,47,Credit Card,Bi-Weekly,57.55102040816327,82.12585034013604,70.79893103110678,0.0,Platinum,Satisfied,Clothing,1
2191,42,Male,Belt,Accessories,75.0,Alaska,S,Maroon,Spring,4.6,No,Express,No,No,33,Credit Card,Annually,26.122448979591834,72.68537414965985,50.02198913237292,0.0,Gold,Satisfied,Accessories,1
2192,26,Male,Blouse,Clothing,69.0,Pennsylvania,S,Maroon,Summer,3.8,No,Next Day Air,No,No,46,Cash,Bi-Weekly,56.73469387755101,68.36224489795917,63.009741554174134,0.0,Silver,Neutral,Clothing,1
2193,41,Male,Scarf,Accessories,35.0,Virginia,L,Yellow,Winter,3.2,No,Next Day Air,No,No,9,Credit Card,Monthly,39.863945578231295,21.025510204081638,29.18903643028815,0.0,Bronze,Neutral,Accessories,1
2194,27,Male,Shirt,Clothing,78.0,California,L,Turquoise,Spring,5.0,No,Express,No,No,8,PayPal,Monthly,39.04761904761905,62.26190476190476,50.894766968677544,0.0,Gold,Satisfied,Clothing,1
2195,61,Male,Socks,Clothing,29.0,Kentucky,M,Silver,Summer,3.5,No,Standard,No,No,48,Bank Transfer,Quarterly,51.70068027210885,49.05612244897959,50.13941588893186,0.0,Bronze,Neutral,Clothing,1
2196,58,Male,Jeans,Clothing,62.0,New York,M,Brown,Fall,3.7,No,Next Day Air,No,No,2,Cash,Monthly,34.14965986394558,34.180272108843546,33.386414485900886,0.0,Silver,Neutral,Clothing,1
2197,25,Male,Dress,Clothing,58.0,Vermont,M,Gray,Spring,4.8,No,Next Day Air,No,No,31,PayPal,Weekly,64.48979591836735,66.90816326530611,66.10751036638503,0.0,Silver,Satisfied,Clothing,1
2198,33,Male,Boots,Footwear,88.0,Pennsylvania,M,Indigo,Summer,3.7,No,2-Day Shipping,No,No,40,Venmo,Monthly,65.17006802721087,70.8639455782313,68.56901883749322,0.0,Platinum,Neutral,Footwear,1
2199,57,Male,Scarf,Accessories,80.0,New York,L,Turquoise,Summer,3.5,No,Free Shipping,No,No,35,Venmo,Monthly,61.088435374149654,61.46258503401361,61.486522923927964,0.0,Platinum,Neutral,Accessories,1
2200,39,Male,Scarf,Accessories,47.0,North Carolina,M,Maroon,Summer,4.9,No,Store Pickup,No,No,40,Debit Card,Monthly,65.17006802721087,69.78061224489795,67.98805829173686,0.0,Silver,Satisfied,Accessories,1
2201,60,Male,Gloves,Accessories,51.0,Wyoming,L,Charcoal,Summer,4.7,No,Next Day Air,No,No,27,Debit Card,Every 3 Months,27.89115646258503,59.937074829931966,44.06979616901937,0.0,Silver,Satisfied,Accessories,1
2202,39,Male,Pants,Clothing,25.0,Ohio,L,Peach,Spring,4.9,No,2-Day Shipping,No,No,10,Venmo,Annually,7.346938775510203,40.20578231292517,23.21636196933582,0.0,Bronze,Satisfied,Clothing,1
2203,42,Male,Dress,Clothing,36.0,Alabama,M,Red,Summer,4.3,No,Next Day Air,No,No,23,Credit Card,Weekly,57.95918367346938,45.63265306122449,51.43275930294412,0.0,Bronze,Satisfied,Clothing,1
2204,53,Male,Dress,Clothing,79.0,Rhode Island,M,Indigo,Winter,3.1,No,Free Shipping,No,No,32,Cash,Quarterly,38.63945578231293,53.671768707483004,46.08404213882624,0.0,Gold,Neutral,Clothing,1
2205,20,Male,Jeans,Clothing,41.0,Oregon,S,Lavender,Winter,3.4,No,2-Day Shipping,No,No,6,Debit Card,Monthly,37.41496598639456,24.15136054421769,29.64085037550033,0.0,Bronze,Neutral,Clothing,1
2206,46,Male,Sweater,Clothing,68.0,North Dakota,XL,Red,Fall,2.7,No,Express,No,No,27,PayPal,Weekly,61.224489795918366,40.35374149659864,50.23448373932138,0.0,Silver,At Risk,Clothing,1
2207,46,Male,Sandals,Footwear,51.0,Illinois,L,Green,Spring,2.6,No,Store Pickup,No,No,25,Bank Transfer,Fortnightly,46.25850340136054,30.576530612244902,37.50825321464339,0.0,Silver,At Risk,Footwear,1
2208,69,Male,Handbag,Accessories,38.0,New Mexico,M,Gray,Fall,2.9,No,Next Day Air,No,No,11,Credit Card,Annually,8.16326530612245,19.636054421768705,12.593571073067423,0.0,Bronze,At Risk,Accessories,1
2209,28,Male,Scarf,Accessories,46.0,Colorado,XL,Violet,Summer,2.7,No,2-Day Shipping,No,No,23,PayPal,Monthly,51.292517006802726,28.465986394557824,38.89343578301028,0.0,Bronze,At Risk,Accessories,1
2210,42,Male,Sandals,Footwear,20.0,Utah,XL,Beige,Summer,4.5,No,2-Day Shipping,No,No,44,Bank Transfer,Quarterly,48.435374149659864,55.918367346938766,52.18678763481387,0.0,Bronze,Satisfied,Footwear,1
2211,30,Male,Sunglasses,Accessories,25.0,Virginia,M,Orange,Summer,3.1,No,Store Pickup,No,No,35,PayPal,Fortnightly,54.42176870748299,33.21258503401361,43.003526128179224,0.0,Bronze,Neutral,Accessories,1
2212,50,Male,Sweater,Clothing,89.0,Maine,L,Purple,Winter,3.2,No,Free Shipping,No,No,45,Debit Card,Every 3 Months,42.58503401360544,68.01530612244898,55.748858323403404,0.0,Platinum,Neutral,Clothing,1
2213,59,Male,Pants,Clothing,77.0,Nebraska,M,Brown,Winter,3.3,No,Next Day Air,No,No,22,Bank Transfer,Quarterly,30.476190476190478,48.70238095238095,39.337469588276726,0.0,Gold,Neutral,Clothing,1
2214,54,Male,Hat,Accessories,94.0,Hawaii,M,Maroon,Fall,2.9,No,Express,No,No,18,Debit Card,Quarterly,27.210884353741495,47.73129251700679,37.18404969561287,0.0,Gold,At Risk,Accessories,1
2215,50,Male,Belt,Accessories,100.0,Idaho,L,Gold,Fall,4.1,No,Standard,No,No,20,Debit Card,Weekly,55.51020408163265,67.59183673469387,61.98434888976657,0.0,Platinum,Satisfied,Accessories,1
2216,25,Male,Sandals,Footwear,96.0,West Virginia,M,Indigo,Winter,2.7,No,Express,No,No,28,Credit Card,Fortnightly,48.707482993197274,52.70068027210885,50.59728891282905,0.0,Platinum,At Risk,Footwear,1
2217,41,Male,Pants,Clothing,36.0,Vermont,XL,Silver,Winter,4.0,No,Store Pickup,No,No,15,Venmo,Bi-Weekly,31.428571428571427,36.19047619047619,33.103884970072514,0.0,Bronze,Satisfied,Clothing,1
2218,35,Male,Jewelry,Accessories,27.0,Indiana,XL,Red,Fall,2.6,No,Store Pickup,No,No,42,Bank Transfer,Fortnightly,60.136054421768705,32.14115646258504,45.28609262138724,0.0,Bronze,At Risk,Accessories,1
2219,67,Male,Sunglasses,Accessories,67.0,Idaho,M,Magenta,Winter,3.5,No,Store Pickup,No,No,20,Debit Card,Quarterly,28.843537414965986,45.84183673469388,36.9871153685559,0.0,Silver,Neutral,Accessories,1
2220,33,Male,Blouse,Clothing,91.0,Minnesota,S,Purple,Fall,2.8,No,Store Pickup,No,No,16,Bank Transfer,Fortnightly,38.91156462585034,43.787414965986386,40.91940159680236,0.0,Gold,At Risk,Clothing,1
2221,19,Male,Belt,Accessories,62.0,Wyoming,XL,Beige,Fall,4.5,No,Store Pickup,No,No,47,Cash,Annually,37.55102040816327,75.45918367346938,57.223789211067746,0.0,Silver,Satisfied,Accessories,1
2222,25,Male,Shorts,Clothing,88.0,Kansas,XL,White,Fall,3.0,No,Free Shipping,No,No,34,Credit Card,Annually,26.93877551020408,57.44897959183673,42.25931169213576,0.0,Gold,Neutral,Clothing,1
2223,32,Male,Pants,Clothing,66.0,Georgia,M,Teal,Summer,4.4,No,Store Pickup,No,No,30,Credit Card,Weekly,63.67346938775509,64.22789115646259,64.26199416526728,0.0,Silver,Satisfied,Clothing,1
2224,30,Male,Sandals,Footwear,65.0,Kansas,M,Gray,Fall,4.7,No,Next Day Air,No,No,5,PayPal,Quarterly,16.598639455782315,50.804421768707485,33.52595818255434,0.0,Silver,Satisfied,Footwear,1
2225,18,Male,Gloves,Accessories,25.0,Nebraska,L,Charcoal,Winter,4.3,No,Standard,No,No,38,Cash,Quarterly,43.5374149659864,51.25340136054422,47.23612079492432,0.0,Bronze,Satisfied,Accessories,1
2226,38,Male,Belt,Accessories,64.0,Washington,S,Olive,Spring,4.8,No,Free Shipping,No,No,18,Credit Card,Annually,13.877551020408161,60.56462585034013,37.39953103252135,0.0,Silver,Satisfied,Accessories,1
2227,22,Male,Shirt,Clothing,72.0,Missouri,L,Blue,Spring,4.8,No,Store Pickup,No,No,28,Cash,Annually,22.04081632653061,70.70068027210884,46.916838493601105,0.0,Gold,Satisfied,Clothing,1
2228,40,Male,Scarf,Accessories,74.0,Washington,S,Gray,Summer,4.4,No,Next Day Air,No,No,42,Credit Card,Fortnightly,60.136054421768705,75.72448979591837,68.65858226989243,0.0,Platinum,Satisfied,Accessories,1
2229,54,Male,Gloves,Accessories,50.0,Kansas,M,Green,Fall,3.7,No,Free Shipping,No,No,5,Credit Card,Weekly,43.265306122448976,31.221088435374156,36.35731241952301,0.0,Silver,Neutral,Accessories,1
2230,70,Male,Pants,Clothing,97.0,Minnesota,M,Silver,Fall,3.9,No,Express,No,No,50,Venmo,Monthly,73.33333333333334,84.08333333333333,79.73982939034103,0.0,Platinum,Neutral,Clothing,1
2231,52,Male,Sneakers,Footwear,36.0,Colorado,S,Teal,Spring,3.8,No,Express,No,No,33,Venmo,Fortnightly,52.7891156462585,45.76870748299319,48.92068736729866,0.0,Bronze,Neutral,Footwear,1
2232,34,Male,Jacket,Outerwear,49.0,Utah,M,Beige,Fall,4.1,No,Store Pickup,No,No,1,Credit Card,Weekly,40.0,33.416666666666664,35.902084891377704,0.0,Silver,Satisfied,Outerwear,1
2233,65,Male,Shoes,Footwear,64.0,North Carolina,L,Lavender,Spring,4.0,No,Store Pickup,No,No,14,Cash,Fortnightly,37.27891156462585,47.17687074829932,41.92074283336814,0.0,Silver,Satisfied,Footwear,1
2234,38,Male,Blouse,Clothing,31.0,Florida,XL,Gray,Summer,4.5,No,Express,No,No,48,Credit Card,Monthly,71.70068027210885,63.22278911564625,67.73659225651481,0.0,Bronze,Satisfied,Clothing,1
2235,35,Male,Boots,Footwear,66.0,New Hampshire,S,Yellow,Winter,4.0,No,Express,No,No,26,Cash,Weekly,60.408163265306115,56.17346938775509,58.30998608881195,0.0,Silver,Satisfied,Footwear,1
2236,40,Male,Socks,Clothing,82.0,Illinois,M,Gray,Spring,4.5,No,2-Day Shipping,No,No,44,Credit Card,Annually,35.10204081632653,81.75170068027211,59.37379552079847,0.0,Platinum,Satisfied,Clothing,1
2237,23,Male,T-shirt,Clothing,88.0,Louisiana,M,Yellow,Winter,2.7,No,Standard,No,No,18,Debit Card,Fortnightly,40.54421768707483,42.564625850340136,41.07998145174929,0.0,Gold,At Risk,Clothing,1
2238,45,Male,Sandals,Footwear,34.0,Alabama,S,Black,Summer,3.8,No,Next Day Air,No,No,31,Venmo,Every 3 Months,31.15646258503401,43.574829931972786,36.92784732958173,0.0,Bronze,Neutral,Footwear,1
2239,40,Male,Sneakers,Footwear,84.0,Florida,L,Beige,Winter,3.8,No,Standard,No,No,18,Debit Card,Weekly,53.877551020408156,55.564625850340136,54.71817466749207,0.0,Platinum,Neutral,Footwear,1
2240,42,Male,Jewelry,Accessories,96.0,Alabama,L,Indigo,Summer,3.8,No,2-Day Shipping,No,No,41,Credit Card,Every 3 Months,39.31972789115646,76.2108843537415,58.511258433293236,0.0,Platinum,Neutral,Accessories,1
2241,57,Male,Sandals,Footwear,71.0,California,L,Green,Winter,4.3,No,Next Day Air,No,No,18,Debit Card,Every 3 Months,20.544217687074827,56.814625850340136,38.721847092082726,0.0,Gold,Satisfied,Footwear,1
2242,18,Male,Jacket,Outerwear,77.0,Maryland,M,Purple,Summer,3.5,No,Free Shipping,No,No,3,Bank Transfer,Bi-Weekly,21.63265306122449,38.443877551020414,29.414360202611224,0.0,Gold,Neutral,Outerwear,1
2243,18,Male,Skirt,Clothing,66.0,Nevada,M,Orange,Spring,3.8,No,Next Day Air,No,No,5,Credit Card,Bi-Weekly,23.26530612244898,39.22108843537415,30.647482603569852,0.0,Gold,Neutral,Clothing,1
2244,56,Male,Shirt,Clothing,21.0,Massachusetts,M,Teal,Winter,3.7,No,2-Day Shipping,No,No,13,Debit Card,Annually,9.795918367346939,24.579931972789122,16.061157111550457,0.0,Bronze,Neutral,Clothing,1
2245,35,Male,Shorts,Clothing,37.0,South Carolina,M,Gold,Summer,4.8,No,2-Day Shipping,No,No,22,PayPal,Annually,17.14285714285714,52.03571428571428,34.458373831629565,0.0,Bronze,Satisfied,Clothing,1
2246,49,Male,Socks,Clothing,90.0,Delaware,L,Gray,Fall,4.9,No,Free Shipping,No,No,45,PayPal,Fortnightly,62.585034013605444,91.09863945578232,78.12778687528858,0.0,Platinum,Satisfied,Clothing,1
2247,49,Male,Jacket,Outerwear,96.0,Hawaii,M,Cyan,Fall,4.3,No,Store Pickup,No,No,39,PayPal,Every 3 Months,37.687074829931966,81.5170068027211,60.54045294312023,0.0,Platinum,Satisfied,Outerwear,1
2248,34,Male,Jewelry,Accessories,37.0,Florida,L,Teal,Summer,4.4,No,Next Day Air,No,No,18,Venmo,Annually,13.877551020408161,43.98129251700681,28.506365755174258,0.0,Bronze,Satisfied,Accessories,1
2249,63,Male,T-shirt,Clothing,66.0,Rhode Island,M,Violet,Winter,3.4,No,Free Shipping,No,No,19,PayPal,Fortnightly,41.36054421768707,43.41156462585034,41.94233365235629,0.0,Silver,Neutral,Clothing,1
2250,42,Male,Gloves,Accessories,45.0,Wyoming,XL,Indigo,Spring,4.3,No,Next Day Air,No,No,29,Debit Card,Weekly,62.857142857142854,53.46428571428571,58.08161850735223,0.0,Silver,Satisfied,Accessories,1
2251,41,Male,Shoes,Footwear,89.0,Colorado,L,Pink,Summer,4.6,No,Store Pickup,No,No,19,Credit Card,Weekly,54.6938775510204,68.99489795918366,62.328607053422736,0.0,Platinum,Satisfied,Footwear,1
2252,26,Male,Shoes,Footwear,94.0,Virginia,L,Gold,Fall,3.8,No,Free Shipping,No,No,22,Debit Card,Monthly,50.476190476190474,62.45238095238095,56.71119959210723,0.0,Platinum,Neutral,Footwear,1
2253,48,Male,Shoes,Footwear,96.0,Nebraska,S,Maroon,Summer,3.9,No,Express,No,No,21,Bank Transfer,Annually,16.3265306122449,63.93877551020408,40.43348036184723,0.0,Gold,Neutral,Footwear,1
2254,62,Male,Hoodie,Clothing,31.0,Oklahoma,M,Brown,Spring,2.6,No,Store Pickup,No,No,22,PayPal,Monthly,50.476190476190474,20.20238095238095,34.053738307609855,0.0,Bronze,At Risk,Clothing,1
2255,24,Male,Belt,Accessories,79.0,North Dakota,M,Gold,Winter,4.2,No,Store Pickup,No,No,44,PayPal,Every 3 Months,41.76870748299319,76.5017006802721,59.891704670851055,0.0,Platinum,Satisfied,Accessories,1
2256,48,Male,Coat,Outerwear,39.0,Michigan,L,Teal,Spring,4.6,No,Store Pickup,No,No,42,Bank Transfer,Quarterly,46.802721088435376,63.80782312925169,55.60134959990598,0.0,Bronze,Satisfied,Outerwear,1
2257,31,Male,Blouse,Clothing,22.0,California,M,Turquoise,Fall,5.0,No,Standard,No,No,33,Credit Card,Quarterly,39.455782312925166,55.93537414965986,47.70611197619152,0.0,Bronze,Satisfied,Clothing,1
2258,41,Male,Skirt,Clothing,32.0,Tennessee,L,Olive,Fall,4.2,No,Standard,No,No,6,Bank Transfer,Annually,4.081632653061225,31.06802721088436,16.683393347124156,0.0,Bronze,Satisfied,Clothing,1
2259,24,Male,T-shirt,Clothing,71.0,Ohio,L,Cyan,Winter,4.3,No,Store Pickup,No,No,44,Credit Card,Every 3 Months,41.76870748299319,74.50170068027211,58.81916212483935,0.0,Platinum,Satisfied,Clothing,1
2260,60,Male,Jeans,Clothing,96.0,Florida,XL,Beige,Spring,3.3,No,Free Shipping,No,No,24,Cash,Annually,18.775510204081634,57.9795918367347,38.462231143118466,0.0,Gold,Neutral,Clothing,1
2261,38,Male,Scarf,Accessories,82.0,Missouri,M,Blue,Fall,4.9,No,Express,No,No,16,PayPal,Quarterly,25.578231292517007,68.0374149659864,47.25731330052769,0.0,Gold,Satisfied,Accessories,1
2262,58,Male,Backpack,Accessories,76.0,South Carolina,L,Gold,Spring,4.4,No,Standard,No,No,12,Bank Transfer,Fortnightly,35.64625850340136,56.14965986394559,45.9162653442166,0.0,Gold,Satisfied,Accessories,1
2263,53,Male,Backpack,Accessories,22.0,Arizona,M,Green,Winter,3.1,No,2-Day Shipping,No,No,50,PayPal,Monthly,73.33333333333334,42.16666666666667,57.26112519684561,0.0,Bronze,Neutral,Accessories,1
2264,44,Male,Scarf,Accessories,40.0,Indiana,XL,Green,Winter,3.5,No,Store Pickup,No,No,42,Cash,Quarterly,46.802721088435376,49.5578231292517,47.95948395957256,0.0,Bronze,Neutral,Accessories,1
2265,51,Male,Hat,Accessories,92.0,North Dakota,M,Turquoise,Summer,3.9,No,2-Day Shipping,No,No,50,PayPal,Monthly,73.33333333333334,82.0,78.62259757157884,0.0,Platinum,Neutral,Accessories,1
2266,36,Male,Coat,Outerwear,94.0,Montana,XL,Yellow,Fall,3.9,No,Store Pickup,No,No,10,PayPal,Quarterly,20.68027210884354,55.622448979591844,38.15054409484275,0.0,Gold,Neutral,Outerwear,1
2267,20,Male,Dress,Clothing,44.0,Missouri,M,Yellow,Fall,4.3,No,Store Pickup,No,No,32,Debit Card,Weekly,65.3061224489796,55.08843537414966,60.17709310891786,0.0,Silver,Satisfied,Clothing,1
2268,32,Male,Gloves,Accessories,49.0,Kentucky,S,Blue,Spring,3.8,No,Express,No,No,37,Venmo,Weekly,69.3877551020408,53.90646258503401,61.584051383171136,0.0,Silver,Neutral,Accessories,1
2269,66,Male,Sweater,Clothing,26.0,Georgia,L,Charcoal,Spring,2.7,No,2-Day Shipping,No,No,15,Bank Transfer,Monthly,44.761904761904766,14.69047619047619,28.240719267113302,0.0,Bronze,At Risk,Clothing,1
2270,49,Male,Skirt,Clothing,38.0,Kentucky,M,Yellow,Fall,4.4,No,Store Pickup,No,No,27,Credit Card,Annually,21.224489795918366,50.52040816326531,35.68657501488091,0.0,Bronze,Satisfied,Clothing,1
2271,27,Male,Blouse,Clothing,72.0,Georgia,L,Purple,Spring,3.5,No,Express,No,No,7,Venmo,Weekly,44.897959183673464,39.08163265306123,41.38902300427312,0.0,Gold,Neutral,Clothing,1
2272,29,Male,Dress,Clothing,99.0,Alaska,M,Green,Summer,3.4,No,Free Shipping,No,No,49,PayPal,Quarterly,52.51700680272109,77.56972789115645,65.83860664270085,0.0,Platinum,Neutral,Clothing,1
2273,29,Male,Jacket,Outerwear,38.0,Maine,L,Charcoal,Spring,4.0,No,Standard,No,No,44,PayPal,Monthly,68.43537414965986,56.75170068027211,62.633680362318756,0.0,Silver,Satisfied,Outerwear,1
2274,55,Male,Coat,Outerwear,96.0,New Mexico,L,Silver,Winter,4.8,No,Express,No,No,13,PayPal,Bi-Weekly,29.795918367346943,70.49659863945578,50.68494639706931,0.0,Platinum,Satisfied,Outerwear,1
2275,57,Male,Dress,Clothing,27.0,New York,L,Turquoise,Spring,4.5,No,Next Day Air,No,No,38,PayPal,Fortnightly,56.87074829931973,54.75340136054421,55.779736917111464,0.0,Bronze,Satisfied,Clothing,1
2276,29,Male,Shorts,Clothing,24.0,Oklahoma,M,Gray,Winter,4.4,No,Standard,No,No,10,Debit Card,Weekly,47.3469387755102,33.122448979591844,39.417773785544355,0.0,Bronze,Satisfied,Clothing,1
2277,31,Male,Jeans,Clothing,82.0,Wyoming,L,Red,Summer,4.1,No,2-Day Shipping,No,No,25,Debit Card,Weekly,59.591836734693885,63.49319727891156,61.82718261775278,0.0,Platinum,Satisfied,Clothing,1
2278,25,Male,Hat,Accessories,56.0,Alabama,M,Beige,Summer,4.6,No,Next Day Air,No,No,18,Credit Card,Quarterly,27.210884353741495,54.56462585034012,40.84857006115288,0.0,Silver,Satisfied,Accessories,1
2279,61,Male,Gloves,Accessories,25.0,Maryland,M,Maroon,Fall,3.8,No,Store Pickup,No,No,6,Cash,Every 3 Months,10.748299319727892,22.818027210884352,15.592488678159183,0.0,Bronze,Neutral,Accessories,1
2280,53,Male,Sneakers,Footwear,67.0,West Virginia,L,Indigo,Spring,2.9,No,Free Shipping,No,No,35,Bank Transfer,Quarterly,41.088435374149654,48.04591836734693,44.2915500110994,0.0,Silver,At Risk,Footwear,1
2281,22,Male,Shoes,Footwear,21.0,Kentucky,M,Red,Summer,2.8,No,Standard,No,No,31,Credit Card,Fortnightly,51.156462585034014,24.82482993197278,36.87276096072195,0.0,Bronze,At Risk,Footwear,1
2282,28,Male,Hoodie,Clothing,27.0,Kansas,XL,Maroon,Summer,3.0,No,Store Pickup,No,No,41,Bank Transfer,Annually,32.6530612244898,36.794217687074834,34.03989908897911,0.0,Bronze,Neutral,Clothing,1
2283,18,Male,Sneakers,Footwear,97.0,Idaho,S,Red,Fall,4.2,No,2-Day Shipping,No,No,8,Credit Card,Annually,5.714285714285714,59.511904761904766,32.753354301244784,0.0,Gold,Satisfied,Footwear,1
2284,44,Male,Handbag,Accessories,45.0,Ohio,S,Black,Winter,4.1,No,Free Shipping,No,No,34,Credit Card,Fortnightly,53.60544217687075,54.198979591836725,53.84976338820007,0.0,Silver,Satisfied,Accessories,1
2285,32,Male,Blouse,Clothing,63.0,Iowa,XL,Black,Fall,4.1,No,Express,No,No,20,Venmo,Annually,15.51020408163265,52.175170068027214,33.716833430926314,0.0,Silver,Satisfied,Clothing,1
2286,34,Male,Belt,Accessories,100.0,Michigan,L,Pink,Summer,4.6,No,2-Day Shipping,No,No,38,PayPal,Every 3 Months,36.87074829931973,86.5034013605442,62.80634983504737,0.0,Platinum,Satisfied,Accessories,1
2287,67,Male,Socks,Clothing,38.0,South Dakota,L,Blue,Spring,2.5,No,Store Pickup,No,No,35,Venmo,Quarterly,41.088435374149654,30.62925170068027,34.951492006247435,0.0,Bronze,At Risk,Clothing,1
2288,66,Male,Blouse,Clothing,45.0,Nebraska,L,Green,Summer,3.0,No,Store Pickup,No,No,6,Debit Card,Annually,4.081632653061225,20.484693877551024,11.007855707812192,0.0,Bronze,Neutral,Clothing,1
2289,28,Male,Jewelry,Accessories,91.0,California,M,Orange,Fall,3.8,No,Next Day Air,No,No,50,PayPal,Weekly,80.0,80.25,81.01745617715193,0.0,Platinum,Neutral,Accessories,1
2290,70,Male,Shorts,Clothing,82.0,Nevada,M,Orange,Fall,4.1,No,Free Shipping,No,No,47,Venmo,Weekly,77.55102040816327,78.45918367346938,78.83260303008531,0.0,Platinum,Satisfied,Clothing,1
2291,37,Male,Boots,Footwear,48.0,Kansas,L,Magenta,Winter,3.3,No,Standard,No,No,23,PayPal,Quarterly,31.292517006802722,37.29931972789116,33.63049869456201,0.0,Bronze,Neutral,Footwear,1
2292,28,Male,Coat,Outerwear,30.0,Ohio,M,Indigo,Spring,5.0,No,2-Day Shipping,No,No,13,Credit Card,Quarterly,23.129251700680275,45.66326530612245,34.034209784090564,0.0,Bronze,Satisfied,Outerwear,1
2293,43,Male,T-shirt,Clothing,34.0,Vermont,S,Beige,Spring,3.8,No,Next Day Air,No,No,31,Debit Card,Monthly,57.82312925170068,43.574829931972786,50.26118066291507,0.0,Bronze,Neutral,Clothing,1
2294,37,Male,Sweater,Clothing,68.0,Georgia,L,Green,Fall,3.3,No,Express,No,No,16,Debit Card,Every 3 Months,18.91156462585034,40.87074829931973,29.355277050535296,0.0,Gold,Neutral,Clothing,1
2295,54,Male,Sunglasses,Accessories,95.0,Maryland,M,Red,Winter,5.0,No,Express,No,No,40,Debit Card,Annually,31.83673469387755,91.1139455782313,62.76184544919512,0.0,Platinum,Satisfied,Accessories,1
2296,50,Male,Hat,Accessories,22.0,Connecticut,L,Beige,Spring,2.9,No,2-Day Shipping,No,No,45,PayPal,Quarterly,49.25170068027211,36.098639455782305,41.96620019329986,0.0,Bronze,At Risk,Accessories,1
2297,46,Male,Gloves,Accessories,88.0,Washington,M,Green,Fall,2.5,No,Next Day Air,No,No,50,Venmo,Every 3 Months,46.666666666666664,61.66666666666667,54.385081687126444,0.0,Platinum,At Risk,Accessories,1
2298,60,Male,Socks,Clothing,83.0,California,M,Orange,Summer,4.7,No,Standard,No,No,1,Bank Transfer,Quarterly,13.333333333333336,55.58333333333334,34.45609810967416,0.0,Gold,Satisfied,Clothing,1
2299,40,Male,Handbag,Accessories,87.0,Montana,L,Cyan,Spring,2.9,No,2-Day Shipping,No,No,10,Cash,Every 3 Months,14.013605442176868,39.37244897959184,26.102802575164276,0.0,Gold,At Risk,Accessories,1
2300,64,Male,Coat,Outerwear,57.0,Idaho,M,Violet,Summer,3.7,No,Store Pickup,No,No,48,Credit Card,Every 3 Months,45.034013605442176,63.38945578231293,54.492637468682446,0.0,Silver,Neutral,Outerwear,1
2301,18,Male,Coat,Outerwear,88.0,Pennsylvania,XL,Lavender,Summer,4.4,No,2-Day Shipping,No,No,38,Credit Card,Monthly,63.53741496598639,78.83673469387756,72.02827007533583,0.0,Platinum,Satisfied,Outerwear,1
2302,37,Male,Pants,Clothing,20.0,Maine,L,Turquoise,Winter,2.9,No,Next Day Air,No,No,21,Debit Card,Annually,16.3265306122449,18.938775510204074,16.301273076583744,0.0,Bronze,At Risk,Clothing,1
2303,36,Male,Belt,Accessories,39.0,Montana,L,Pink,Summer,3.6,No,Store Pickup,No,No,38,Venmo,Monthly,63.53741496598639,47.75340136054422,55.35917133940382,0.0,Bronze,Neutral,Accessories,1
2304,51,Male,Sunglasses,Accessories,71.0,New Jersey,S,Beige,Spring,4.8,No,2-Day Shipping,No,No,31,Credit Card,Fortnightly,51.156462585034014,72.32482993197277,62.34564642850007,0.0,Platinum,Satisfied,Accessories,1
2305,26,Male,Hoodie,Clothing,73.0,Louisiana,L,Silver,Winter,4.7,No,Free Shipping,No,No,9,Debit Card,Fortnightly,33.197278911564624,56.85884353741497,45.07209037966462,0.0,Gold,Satisfied,Clothing,1
2306,68,Male,Handbag,Accessories,63.0,Maine,M,Gold,Summer,2.6,No,Free Shipping,No,No,47,Cash,Weekly,77.55102040816327,50.542517006802726,63.86169665867186,0.0,Silver,At Risk,Accessories,1
2307,27,Male,Gloves,Accessories,78.0,Florida,L,Silver,Winter,3.4,No,Standard,No,No,8,Cash,Bi-Weekly,25.71428571428572,40.92857142857144,32.78764647788598,0.0,Gold,Neutral,Accessories,1
2308,28,Male,Skirt,Clothing,96.0,Missouri,L,Green,Fall,3.5,No,Next Day Air,No,No,30,Debit Card,Annually,23.673469387755098,64.72789115646258,44.53012980177021,0.0,Gold,Neutral,Clothing,1
2309,49,Male,Sunglasses,Accessories,81.0,North Dakota,M,Teal,Winter,3.4,No,2-Day Shipping,No,No,22,Bank Transfer,Quarterly,30.476190476190478,51.70238095238094,40.94628340729429,0.0,Gold,Neutral,Accessories,1
2310,70,Male,Dress,Clothing,95.0,Connecticut,S,Gold,Fall,5.0,No,2-Day Shipping,No,No,3,Bank Transfer,Quarterly,14.965986394557826,65.9438775510204,40.8284868769389,0.0,Gold,Satisfied,Clothing,1
2311,30,Male,Gloves,Accessories,68.0,Virginia,M,Cyan,Spring,4.6,No,Standard,No,No,15,PayPal,Monthly,44.761904761904766,57.52380952380951,51.21100546086409,0.0,Silver,Satisfied,Accessories,1
2312,27,Male,Sneakers,Footwear,28.0,Montana,L,Gold,Spring,4.8,No,2-Day Shipping,No,No,10,Bank Transfer,Every 3 Months,14.013605442176868,40.12244897959184,26.505006029918665,0.0,Bronze,Satisfied,Footwear,1
2313,19,Male,T-shirt,Clothing,30.0,Vermont,L,Violet,Summer,3.7,No,Free Shipping,No,No,19,Cash,Every 3 Months,21.36054421768707,32.41156462585034,26.04334964929188,0.0,Bronze,Neutral,Clothing,1
2314,64,Male,Dress,Clothing,31.0,Georgia,M,Black,Summer,4.7,No,Next Day Air,No,No,36,Bank Transfer,Fortnightly,55.23809523809524,57.726190476190474,56.5576317899248,0.0,Bronze,Satisfied,Clothing,1
2315,42,Male,Handbag,Accessories,95.0,Virginia,XL,Brown,Winter,4.4,No,Express,No,No,12,Bank Transfer,Every 3 Months,15.646258503401361,64.06632653061224,40.161746255512945,0.0,Gold,Satisfied,Accessories,1
2316,69,Male,Socks,Clothing,79.0,Vermont,M,Indigo,Winter,3.5,No,2-Day Shipping,No,No,49,Debit Card,Quarterly,52.51700680272109,70.56972789115645,62.08470773165986,0.0,Platinum,Neutral,Clothing,1
2317,28,Male,Sneakers,Footwear,39.0,Montana,L,Yellow,Winter,3.8,No,Standard,No,No,7,Debit Card,Annually,4.8979591836734695,29.331632653061224,16.160378092466026,0.0,Bronze,Neutral,Footwear,1
2318,47,Male,Jacket,Outerwear,34.0,New Jersey,M,Purple,Summer,4.7,No,Next Day Air,No,No,28,Bank Transfer,Monthly,55.374149659863946,53.534013605442176,54.37751497366726,0.0,Bronze,Satisfied,Outerwear,1
2319,69,Male,Hoodie,Clothing,28.0,Wyoming,L,White,Spring,3.1,No,Store Pickup,No,No,30,Credit Card,Annually,23.673469387755098,31.06122448979592,26.47566361057309,0.0,Bronze,Neutral,Clothing,1
2320,56,Male,Sandals,Footwear,38.0,Maine,XL,Turquoise,Winter,5.0,No,Free Shipping,No,No,29,PayPal,Monthly,56.19047619047619,59.88095238095238,58.189359175806466,0.0,Bronze,Satisfied,Footwear,1
2321,28,Male,Shoes,Footwear,55.0,New Mexico,M,Olive,Spring,3.7,No,Free Shipping,No,No,9,Debit Card,Every 3 Months,13.197278911564625,36.025510204081634,23.899772192042636,0.0,Silver,Neutral,Footwear,1
2322,50,Male,Sandals,Footwear,31.0,Colorado,M,Beige,Winter,3.0,No,Next Day Air,No,No,27,Debit Card,Fortnightly,47.89115646258503,28.937074829931973,37.44538670583787,0.0,Bronze,Neutral,Footwear,1
2323,39,Male,Coat,Outerwear,84.0,Connecticut,S,Lavender,Spring,4.5,No,Store Pickup,No,No,21,Venmo,Fortnightly,42.993197278911566,66.93877551020408,55.375627514198136,0.0,Platinum,Satisfied,Outerwear,1
2324,35,Male,Gloves,Accessories,93.0,Maryland,L,White,Winter,4.7,No,Express,No,No,36,Credit Card,Monthly,61.904761904761905,83.55952380952381,73.74463967590938,0.0,Platinum,Satisfied,Accessories,1
2325,59,Male,Coat,Outerwear,28.0,Oregon,L,Brown,Winter,3.5,No,Free Shipping,No,No,19,Debit Card,Annually,14.693877551020407,28.91156462585034,20.833066860438056,0.0,Bronze,Neutral,Outerwear,1
2326,44,Male,Boots,Footwear,55.0,New York,M,Charcoal,Summer,4.4,No,2-Day Shipping,No,No,47,Cash,Weekly,77.55102040816327,71.20918367346938,74.94463630079287,0.0,Silver,Satisfied,Footwear,1
2327,66,Male,Skirt,Clothing,63.0,Oklahoma,L,Maroon,Winter,2.6,No,Standard,No,No,38,Bank Transfer,Annually,30.20408163265306,44.42006802721089,36.90493376271764,0.0,Silver,At Risk,Clothing,1
2328,20,Male,Skirt,Clothing,94.0,Alabama,M,Red,Winter,4.2,No,2-Day Shipping,No,No,22,Venmo,Bi-Weekly,37.142857142857146,67.78571428571428,52.904646381471785,0.0,Platinum,Satisfied,Clothing,1
2329,45,Male,Pants,Clothing,36.0,North Dakota,M,Maroon,Fall,2.6,No,Express,No,No,29,Venmo,Bi-Weekly,42.85714285714286,27.047619047619047,33.915119045447554,0.0,Bronze,At Risk,Clothing,1
2330,49,Male,Hat,Accessories,97.0,Nebraska,S,Teal,Spring,4.8,No,Free Shipping,No,No,42,Bank Transfer,Annually,33.46938775510204,90.64115646258503,63.32462875889643,0.0,Platinum,Satisfied,Accessories,1
2331,60,Male,Backpack,Accessories,63.0,Arizona,L,Orange,Summer,2.9,No,Store Pickup,No,No,47,PayPal,Every 3 Months,44.21768707482993,54.54251700680272,49.340115084028604,0.0,Silver,At Risk,Accessories,1
2332,61,Male,Scarf,Accessories,77.0,Illinois,S,Olive,Spring,4.3,No,2-Day Shipping,No,No,10,Credit Card,Bi-Weekly,27.346938775510203,53.87244897959184,40.54540270041584,0.0,Gold,Satisfied,Accessories,1
2333,36,Male,Scarf,Accessories,53.0,South Carolina,XL,Olive,Fall,2.6,No,Store Pickup,No,No,10,Venmo,Monthly,40.68027210884354,21.20578231292517,29.693874448891243,0.0,Silver,At Risk,Accessories,1
2334,33,Male,Shirt,Clothing,77.0,Kansas,M,Beige,Spring,3.8,No,Next Day Air,No,No,1,PayPal,Every 3 Months,6.666666666666667,41.083333333333336,23.346831317755925,0.0,Gold,Neutral,Clothing,1
2335,49,Male,Boots,Footwear,79.0,Kansas,L,Green,Summer,4.2,No,Standard,No,No,7,Credit Card,Monthly,38.23129251700681,51.331632653061234,44.625012765261516,0.0,Gold,Satisfied,Footwear,1
2336,31,Male,Coat,Outerwear,37.0,Idaho,M,Black,Summer,3.9,No,Store Pickup,No,No,10,Venmo,Fortnightly,34.01360544217687,31.872448979591837,32.08076802762036,0.0,Bronze,Neutral,Outerwear,1
2337,19,Male,Belt,Accessories,94.0,California,M,Green,Winter,3.1,No,Free Shipping,No,No,11,Credit Card,Weekly,48.16326530612244,45.63605442176871,46.53662417121966,0.0,Gold,Neutral,Accessories,1
2338,39,Male,Boots,Footwear,76.0,North Dakota,S,Violet,Fall,3.6,No,Store Pickup,No,No,5,Cash,Annually,3.265306122448979,40.721088435374156,21.451889513078637,0.0,Gold,Neutral,Footwear,1
2339,66,Male,Sneakers,Footwear,68.0,Georgia,S,Silver,Fall,4.0,No,Express,No,No,21,PayPal,Quarterly,29.659863945578234,53.60544217687075,41.5586772074534,0.0,Silver,Satisfied,Footwear,1
2340,25,Male,Shirt,Clothing,65.0,Illinois,L,Maroon,Spring,3.4,No,Next Day Air,No,No,24,Bank Transfer,Quarterly,32.10884353741497,46.396258503401356,38.91708889746731,0.0,Silver,Neutral,Clothing,1
2341,63,Male,Blouse,Clothing,24.0,Delaware,M,Cyan,Summer,2.6,No,Standard,No,No,37,Credit Card,Fortnightly,56.05442176870747,27.48979591836735,40.7508852545998,0.0,Bronze,At Risk,Clothing,1
2342,56,Male,Jacket,Outerwear,31.0,Connecticut,L,Teal,Summer,4.5,No,Express,No,No,22,Venmo,Every 3 Months,23.809523809523807,45.53571428571428,34.30594389042484,0.0,Bronze,Satisfied,Outerwear,1
2343,20,Male,Skirt,Clothing,89.0,Tennessee,M,Olive,Fall,4.9,No,Standard,No,No,16,Debit Card,Fortnightly,38.91156462585034,70.95408163265307,55.488104513461444,0.0,Platinum,Satisfied,Clothing,1
2344,58,Male,Socks,Clothing,49.0,Maryland,M,Red,Summer,4.4,No,2-Day Shipping,No,No,44,PayPal,Monthly,68.43537414965986,66.66836734693877,67.9517038196268,0.0,Silver,Satisfied,Clothing,1
2345,34,Male,Sandals,Footwear,92.0,Rhode Island,XL,Lavender,Fall,3.5,No,Express,No,No,14,Venmo,Bi-Weekly,30.612244897959183,52.17687074829933,41.26876586506408,0.0,Gold,Neutral,Footwear,1
2346,28,Male,T-shirt,Clothing,32.0,New York,S,Orange,Winter,3.3,No,Express,No,No,23,Bank Transfer,Every 3 Months,24.62585034013605,30.63265306122449,26.722023541189632,0.0,Bronze,Neutral,Clothing,1
2347,22,Male,Jacket,Outerwear,67.0,New Mexico,L,Brown,Winter,3.1,No,Standard,No,No,46,Debit Card,Fortnightly,63.40136054421768,58.19557823129252,60.89098361194796,0.0,Silver,Neutral,Outerwear,1
2348,37,Male,Belt,Accessories,64.0,California,S,Gray,Fall,4.2,No,Express,No,No,46,Cash,Every 3 Months,43.40136054421768,71.61224489795919,58.085956524776506,0.0,Silver,Satisfied,Accessories,1
2349,54,Male,Shoes,Footwear,84.0,Maine,M,Orange,Spring,4.9,No,Next Day Air,No,No,16,PayPal,Every 3 Months,18.91156462585034,68.87074829931973,44.37087269469924,0.0,Gold,Satisfied,Footwear,1
2350,65,Male,Blouse,Clothing,34.0,New York,M,Orange,Fall,3.9,No,Standard,No,No,40,Credit Card,Every 3 Months,38.50340136054422,51.03061224489795,44.59963858954376,0.0,Bronze,Neutral,Clothing,1
2351,57,Male,Shoes,Footwear,26.0,Hawaii,M,Turquoise,Winter,4.2,No,Free Shipping,No,No,21,Cash,Annually,16.3265306122449,38.77210884353742,26.937319991199875,0.0,Bronze,Satisfied,Footwear,1
2352,38,Male,Sweater,Clothing,50.0,New Hampshire,S,Cyan,Fall,4.9,No,Store Pickup,No,No,25,PayPal,Bi-Weekly,39.59183673469388,60.8265306122449,50.39712588973717,0.0,Silver,Satisfied,Clothing,1
2353,70,Male,Boots,Footwear,46.0,Nebraska,M,Yellow,Fall,2.8,No,Store Pickup,No,No,25,Bank Transfer,Quarterly,32.925170068027214,31.15986394557823,31.154411457230136,0.0,Bronze,At Risk,Footwear,1
2354,56,Male,Handbag,Accessories,71.0,Montana,M,White,Fall,4.1,No,Standard,No,No,25,Debit Card,Every 3 Months,26.258503401360546,58.90986394557822,42.702605949809275,0.0,Gold,Satisfied,Accessories,1
2355,56,Male,Blouse,Clothing,78.0,Wisconsin,M,Blue,Summer,4.8,No,Next Day Air,No,No,27,Venmo,Monthly,54.5578231292517,72.5204081632653,64.15120968767638,0.0,Platinum,Satisfied,Clothing,1
2356,22,Male,Skirt,Clothing,35.0,Tennessee,S,Purple,Winter,4.1,No,Next Day Air,No,No,12,Cash,Monthly,42.312925170068034,35.066326530612244,37.94321267167648,0.0,Bronze,Satisfied,Clothing,1
2357,57,Male,Backpack,Accessories,58.0,Montana,M,Gray,Summer,3.0,No,Free Shipping,No,No,27,Debit Card,Quarterly,34.5578231292517,40.18707482993197,36.81177186048708,0.0,Silver,Neutral,Accessories,1
2358,53,Male,Shirt,Clothing,67.0,Michigan,L,Cyan,Fall,4.2,No,2-Day Shipping,No,No,40,Credit Card,Bi-Weekly,51.83673469387755,68.78061224489795,60.78512035206435,0.0,Silver,Satisfied,Clothing,1
2359,53,Male,Sweater,Clothing,93.0,Texas,L,Pink,Spring,3.8,No,Standard,No,No,38,Credit Card,Quarterly,43.5374149659864,72.92006802721089,58.855331710051175,0.0,Platinum,Neutral,Clothing,1
2360,19,Male,Scarf,Accessories,81.0,Pennsylvania,S,Gold,Spring,3.3,No,2-Day Shipping,No,No,44,Bank Transfer,Every 3 Months,41.76870748299319,65.33503401360544,53.90334212228567,0.0,Platinum,Neutral,Accessories,1
2361,49,Male,Handbag,Accessories,80.0,New York,L,Silver,Fall,4.7,No,2-Day Shipping,No,No,27,Venmo,Every 3 Months,27.89115646258503,72.0204081632653,50.54974071784013,0.0,Gold,Satisfied,Accessories,1
2362,44,Male,Scarf,Accessories,64.0,Alabama,M,Gray,Spring,4.3,No,2-Day Shipping,No,No,30,Credit Card,Every 3 Months,30.340136054421762,62.06122448979592,46.433406407087936,0.0,Silver,Satisfied,Accessories,1
2363,27,Male,Jeans,Clothing,41.0,Virginia,M,Brown,Fall,2.7,No,Standard,No,No,24,Credit Card,Monthly,52.10884353741497,27.06292517006803,38.54917761935411,0.0,Bronze,At Risk,Clothing,1
2364,60,Male,Socks,Clothing,79.0,Pennsylvania,XL,Pink,Winter,4.2,No,Express,No,No,38,Cash,Bi-Weekly,50.204081632653065,72.42006802721089,61.920529406881585,0.0,Platinum,Satisfied,Clothing,1
2365,62,Male,Sunglasses,Accessories,60.0,Mississippi,L,Maroon,Winter,4.2,No,Free Shipping,No,No,4,PayPal,Quarterly,15.782312925170071,41.374149659863946,28.060610888647087,0.0,Silver,Satisfied,Accessories,1
2366,52,Male,Sneakers,Footwear,91.0,Wyoming,S,Peach,Winter,2.5,No,Next Day Air,No,No,32,Venmo,Monthly,58.639455782312936,50.671768707482975,54.475228319808664,0.0,Platinum,At Risk,Footwear,1
2367,30,Male,Shoes,Footwear,66.0,New Mexico,L,Brown,Winter,3.6,No,Express,No,No,32,Credit Card,Fortnightly,51.97278911564626,54.921768707483,53.42104789675022,0.0,Silver,Neutral,Footwear,1
2368,66,Male,Socks,Clothing,85.0,North Dakota,L,Green,Winter,3.4,No,Standard,No,No,28,Bank Transfer,Bi-Weekly,42.04081632653061,57.45068027210885,49.81124412627352,0.0,Gold,Neutral,Clothing,1
2369,29,Male,Sunglasses,Accessories,38.0,New Jersey,M,Lavender,Summer,3.3,No,Standard,No,No,6,Debit Card,Every 3 Months,10.748299319727892,21.568027210884356,14.922149586901867,0.0,Bronze,Neutral,Accessories,1
2370,24,Male,Sweater,Clothing,23.0,Vermont,M,Cyan,Winter,4.6,No,Standard,No,No,24,PayPal,Monthly,52.10884353741497,44.896258503401356,48.112681987958524,0.0,Bronze,Satisfied,Clothing,1
2371,51,Male,Shoes,Footwear,71.0,Alaska,M,Black,Spring,3.9,No,Store Pickup,No,No,38,Venmo,Weekly,70.20408163265306,65.08673469387755,67.98787340483864,0.0,Platinum,Neutral,Footwear,1
2372,67,Male,Socks,Clothing,25.0,Indiana,M,Charcoal,Winter,3.7,No,Next Day Air,No,No,28,Debit Card,Annually,22.04081632653061,36.45068027210885,28.549547393150572,0.0,Bronze,Neutral,Clothing,1
2373,50,Male,Boots,Footwear,39.0,Alabama,XL,Silver,Spring,3.1,No,Express,No,No,9,PayPal,Fortnightly,33.197278911564624,21.358843537414973,26.034460187956764,0.0,Bronze,Neutral,Footwear,1
2374,37,Male,Hoodie,Clothing,20.0,Michigan,M,Gray,Spring,4.9,No,Express,No,No,21,Debit Card,Every 3 Months,22.993197278911566,45.60544217687075,33.93517369007322,0.0,Bronze,Satisfied,Clothing,1
2375,69,Male,Gloves,Accessories,73.0,Washington,L,Peach,Winter,4.7,No,Standard,No,No,31,Debit Card,Monthly,57.82312925170068,71.82482993197279,65.41084412533047,0.0,Platinum,Satisfied,Accessories,1
2376,60,Male,Backpack,Accessories,63.0,Virginia,L,Peach,Fall,2.9,No,Next Day Air,No,No,18,Credit Card,Quarterly,27.210884353741495,34.81462585034013,30.25721241928724,0.0,Silver,At Risk,Accessories,1
2377,21,Male,Gloves,Accessories,94.0,Tennessee,XL,Cyan,Spring,4.1,No,Express,No,No,5,Cash,Weekly,43.265306122448976,54.88775510204081,49.04906588066158,0.0,Gold,Satisfied,Accessories,1
2378,44,Male,Blouse,Clothing,94.0,South Dakota,L,Magenta,Fall,4.0,No,Next Day Air,No,No,22,Cash,Annually,17.14285714285714,65.1190476190476,41.47458965345617,0.0,Gold,Satisfied,Clothing,1
2379,26,Male,Scarf,Accessories,71.0,New Hampshire,L,Teal,Summer,2.7,No,Store Pickup,No,No,37,PayPal,Bi-Weekly,49.38775510204081,48.406462585034014,48.634559381638944,0.0,Gold,At Risk,Accessories,1
2380,40,Male,Hat,Accessories,77.0,South Dakota,M,Peach,Spring,4.0,No,2-Day Shipping,No,No,22,Debit Card,Monthly,50.476190476190474,58.03571428571428,54.342668136331376,0.0,Platinum,Satisfied,Accessories,1
2381,41,Male,Scarf,Accessories,66.0,Pennsylvania,M,Black,Fall,2.5,No,Next Day Air,No,No,36,PayPal,Fortnightly,55.23809523809524,42.976190476190474,48.64763051308844,0.0,Silver,At Risk,Accessories,1
2382,62,Male,Sandals,Footwear,23.0,Wisconsin,M,Teal,Summer,4.5,No,Free Shipping,No,No,23,PayPal,Annually,17.959183673469386,42.88265306122449,29.95801330217802,0.0,Bronze,Satisfied,Footwear,1
2383,39,Male,Sweater,Clothing,60.0,California,M,Turquoise,Spring,3.9,No,Express,No,No,44,Debit Card,Weekly,75.10204081632652,64.58503401360544,70.16780533419795,0.0,Silver,Neutral,Clothing,1
2384,53,Male,Backpack,Accessories,72.0,Rhode Island,L,Gold,Spring,4.9,No,2-Day Shipping,No,No,25,Bank Transfer,Annually,19.591836734693878,69.99319727891157,45.31294589229085,0.0,Gold,Satisfied,Accessories,1
2385,24,Male,Blouse,Clothing,35.0,Alabama,L,Green,Winter,3.3,No,2-Day Shipping,No,No,40,PayPal,Quarterly,45.17006802721089,43.447278911564624,43.866248102582695,0.0,Bronze,Neutral,Clothing,1
2386,41,Male,Scarf,Accessories,31.0,Oklahoma,M,Brown,Fall,3.8,No,Express,No,No,12,PayPal,Weekly,48.97959183673469,29.399659863945583,38.237675457976636,0.0,Bronze,Neutral,Accessories,1
2387,19,Male,Socks,Clothing,33.0,Illinois,L,Blue,Summer,2.9,No,Standard,No,No,14,Venmo,Monthly,43.94557823129252,19.593537414965983,30.46192688628997,0.0,Bronze,At Risk,Clothing,1
2388,36,Male,Hat,Accessories,95.0,Tennessee,M,Gold,Summer,4.0,No,2-Day Shipping,No,No,14,Debit Card,Monthly,43.94557823129252,60.09353741496599,52.18091344302711,0.0,Platinum,Satisfied,Accessories,1
2389,21,Male,Dress,Clothing,68.0,Alabama,M,Peach,Fall,4.1,No,Store Pickup,No,No,10,Debit Card,Annually,7.346938775510203,47.455782312925166,27.104328698628265,0.0,Gold,Satisfied,Clothing,1
2390,25,Male,Coat,Outerwear,87.0,Kansas,M,Violet,Spring,3.1,No,Store Pickup,No,No,17,Bank Transfer,Every 3 Months,19.727891156462583,46.801020408163275,32.94367488892206,0.0,Gold,Neutral,Outerwear,1
2391,65,Male,Shirt,Clothing,64.0,Arizona,XL,Yellow,Winter,4.6,No,Express,No,No,24,Debit Card,Fortnightly,45.4421768707483,61.979591836734684,53.94064956847521,0.0,Silver,Satisfied,Clothing,1
2392,42,Male,Shirt,Clothing,74.0,Michigan,M,Black,Winter,4.6,No,Next Day Air,No,No,31,Bank Transfer,Quarterly,37.823129251700685,70.90816326530611,54.91926212507511,0.0,Platinum,Satisfied,Clothing,1
2393,40,Male,Jeans,Clothing,62.0,Missouri,L,Silver,Spring,2.6,No,2-Day Shipping,No,No,36,Cash,Annually,28.57142857142857,42.642857142857146,35.13554008875315,0.0,Silver,At Risk,Clothing,1
2394,58,Male,Socks,Clothing,97.0,Louisiana,M,Brown,Winter,5.0,No,2-Day Shipping,No,No,38,PayPal,Every 3 Months,36.87074829931973,90.58673469387755,64.99612419982128,0.0,Platinum,Satisfied,Clothing,1
2395,40,Male,Sandals,Footwear,47.0,Connecticut,L,Peach,Fall,2.9,No,2-Day Shipping,No,No,23,Debit Card,Fortnightly,44.625850340136054,31.549319727891152,37.21360554144499,0.0,Silver,At Risk,Footwear,1
2396,62,Male,Blouse,Clothing,83.0,Connecticut,M,Cyan,Winter,3.5,No,2-Day Shipping,No,No,47,PayPal,Bi-Weekly,57.55102040816327,70.87585034013605,64.76587920979091,0.0,Platinum,Neutral,Clothing,1
2397,38,Male,Shirt,Clothing,82.0,Oregon,M,Olive,Spring,3.7,No,2-Day Shipping,No,No,20,Venmo,Weekly,55.51020408163265,54.75850340136055,55.10220088619144,0.0,Platinum,Neutral,Clothing,1
2398,37,Male,Sunglasses,Accessories,26.0,West Virginia,L,Black,Fall,2.9,No,Store Pickup,No,No,41,Venmo,Monthly,65.98639455782313,35.04421768707483,49.76809102788553,0.0,Bronze,At Risk,Accessories,1
2399,65,Male,Jacket,Outerwear,81.0,Florida,M,Orange,Winter,4.3,No,Free Shipping,No,No,44,Bank Transfer,Fortnightly,61.76870748299319,78.66836734693877,71.05362576236374,0.0,Platinum,Satisfied,Outerwear,1
2400,55,Male,Dress,Clothing,44.0,New Hampshire,L,Beige,Spring,3.2,No,Store Pickup,No,No,31,Cash,Monthly,57.82312925170068,39.74149659863946,48.20547411639262,0.0,Silver,Neutral,Clothing,1
2401,43,Male,Sunglasses,Accessories,88.0,Oregon,M,Peach,Winter,4.2,No,Next Day Air,No,No,11,Credit Card,Bi-Weekly,28.163265306122447,57.80272108843537,43.06125799279089,0.0,Gold,Satisfied,Accessories,1
2402,43,Male,Boots,Footwear,76.0,Oregon,M,Pink,Winter,4.2,No,Standard,No,No,25,PayPal,Bi-Weekly,39.59183673469388,62.3265306122449,51.20153279924595,0.0,Gold,Satisfied,Footwear,1
2403,45,Male,Scarf,Accessories,89.0,Utah,M,Brown,Winter,3.8,No,Free Shipping,No,No,31,Cash,Weekly,64.48979591836735,66.49149659863944,65.88406400263258,0.0,Platinum,Neutral,Accessories,1
2404,64,Male,Shorts,Clothing,22.0,Missouri,M,Magenta,Fall,4.4,No,Standard,No,No,40,Debit Card,Weekly,71.83673469387755,52.69727891156464,62.16009071122019,0.0,Bronze,Satisfied,Clothing,1
2405,28,Male,Shorts,Clothing,33.0,West Virginia,L,Cyan,Winter,3.1,No,2-Day Shipping,No,No,23,Credit Card,Bi-Weekly,37.95918367346939,28.382653061224495,32.18207984359313,0.0,Bronze,Neutral,Clothing,1
2406,69,Male,Jeans,Clothing,97.0,California,XL,Silver,Fall,5.0,No,Standard,No,No,5,Debit Card,Quarterly,16.598639455782315,68.13775510204081,42.82132691465583,0.0,Gold,Satisfied,Clothing,1
2407,54,Male,Scarf,Accessories,57.0,California,M,Indigo,Winter,4.7,No,Standard,No,No,26,PayPal,Weekly,60.408163265306115,61.756802721088434,61.30416736309465,0.0,Silver,Satisfied,Accessories,1
2408,52,Male,Shorts,Clothing,38.0,Illinois,M,Beige,Summer,3.0,No,Express,No,No,11,Credit Card,Bi-Weekly,28.163265306122447,20.969387755102048,23.308599437075234,0.0,Bronze,Neutral,Clothing,1
2409,23,Male,Sneakers,Footwear,55.0,Hawaii,XL,Black,Fall,4.2,No,Next Day Air,No,No,44,Debit Card,Every 3 Months,41.76870748299319,66.50170068027211,54.5289919407925,0.0,Silver,Satisfied,Footwear,1
2410,26,Male,Jewelry,Accessories,37.0,Washington,L,Yellow,Spring,3.0,No,Store Pickup,No,No,47,Cash,Every 3 Months,44.21768707482993,45.042517006802726,44.24553799047298,0.0,Bronze,Neutral,Accessories,1
2411,48,Male,Shoes,Footwear,43.0,Wisconsin,M,Maroon,Summer,3.7,No,Free Shipping,No,No,46,PayPal,Monthly,70.06802721088435,56.19557823129252,63.15177439926958,0.0,Silver,Neutral,Footwear,1
2412,49,Male,Hoodie,Clothing,96.0,Virginia,M,Cyan,Summer,2.7,No,Free Shipping,No,No,35,Cash,Every 3 Months,34.42176870748298,57.462585034013614,46.008104498571214,0.0,Gold,At Risk,Clothing,1
2413,53,Male,Jacket,Outerwear,51.0,Oregon,M,Pink,Winter,4.3,No,2-Day Shipping,No,No,8,Bank Transfer,Bi-Weekly,25.71428571428572,41.67857142857143,33.189849932640364,0.0,Silver,Satisfied,Outerwear,1
2414,69,Male,Shorts,Clothing,95.0,Pennsylvania,XL,Violet,Fall,2.7,No,2-Day Shipping,No,No,30,Bank Transfer,Weekly,63.67346938775509,53.644557823129254,58.58645652595531,0.0,Platinum,At Risk,Clothing,1
2415,26,Male,Socks,Clothing,26.0,Virginia,M,Lavender,Summer,3.7,No,Next Day Air,No,No,14,Credit Card,Bi-Weekly,30.612244897959183,27.34353741496599,27.951362585418675,0.0,Bronze,Neutral,Clothing,1
2416,21,Male,Coat,Outerwear,34.0,Hawaii,XL,Lavender,Fall,4.3,No,Standard,No,No,30,Bank Transfer,Weekly,63.67346938775509,49.56122448979591,56.39668216118141,0.0,Bronze,Satisfied,Outerwear,1
2417,59,Male,Sandals,Footwear,83.0,Nebraska,S,Black,Summer,4.0,No,Next Day Air,No,No,26,Credit Card,Every 3 Months,27.074829931972786,63.256802721088434,45.44190760593677,0.0,Gold,Satisfied,Footwear,1
2418,21,Male,Backpack,Accessories,24.0,Alaska,M,Olive,Fall,3.3,No,Standard,No,No,32,Venmo,Fortnightly,51.97278911564626,33.42176870748299,41.891215527124324,0.0,Bronze,Neutral,Accessories,1
2419,22,Male,Pants,Clothing,69.0,Michigan,S,Indigo,Fall,4.0,No,Next Day Air,No,No,47,Cash,Every 3 Months,44.21768707482993,71.7091836734694,58.54610527062912,0.0,Silver,Satisfied,Clothing,1
2420,26,Male,Sweater,Clothing,40.0,North Carolina,M,Blue,Fall,2.7,No,Next Day Air,No,No,11,Credit Card,Every 3 Months,14.829931972789115,17.802721088435376,14.943740405890024,0.0,Bronze,At Risk,Clothing,1
2421,41,Male,Jacket,Outerwear,87.0,North Carolina,S,Green,Winter,4.2,No,Free Shipping,No,No,28,PayPal,Annually,22.04081632653061,68.95068027210884,45.978363765840854,0.0,Gold,Satisfied,Outerwear,1
2422,37,Male,Sneakers,Footwear,46.0,Minnesota,L,Pink,Spring,4.6,No,Standard,No,No,2,Debit Card,Every 3 Months,7.482993197278912,39.51360544217686,22.91319460859877,0.0,Bronze,Satisfied,Footwear,1
2423,30,Male,Jewelry,Accessories,82.0,Georgia,M,Peach,Winter,4.8,No,Store Pickup,No,No,45,Credit Card,Weekly,75.91836734693878,86.43197278911565,82.29185426792792,0.0,Platinum,Satisfied,Accessories,1
2424,49,Male,Backpack,Accessories,81.0,West Virginia,M,Purple,Summer,2.8,No,Free Shipping,No,No,7,Credit Card,Every 3 Months,11.564625850340136,33.498299319727884,21.728175063323754,0.0,Gold,At Risk,Accessories,1
2425,49,Male,Jewelry,Accessories,57.0,Delaware,M,Peach,Winter,4.5,No,Next Day Air,No,No,28,Bank Transfer,Bi-Weekly,42.04081632653061,60.45068027210885,51.4200579452911,0.0,Silver,Satisfied,Accessories,1
2426,58,Male,Shoes,Footwear,49.0,North Dakota,S,Olive,Summer,3.0,No,2-Day Shipping,No,No,34,Bank Transfer,Quarterly,40.27210884353742,41.19897959183674,40.211570172457286,0.0,Silver,Neutral,Footwear,1
2427,70,Male,Jacket,Outerwear,42.0,Florida,M,Olive,Fall,4.6,No,Free Shipping,No,No,26,Debit Card,Every 3 Months,27.074829931972786,54.17346938775509,40.570776876133586,0.0,Bronze,Satisfied,Outerwear,1
2428,27,Male,Jacket,Outerwear,26.0,Oregon,M,Purple,Spring,3.3,No,Standard,No,No,45,Cash,Quarterly,49.25170068027211,43.09863945578231,45.72009910434085,0.0,Bronze,Neutral,Outerwear,1
2429,65,Male,T-shirt,Clothing,38.0,Idaho,M,Violet,Spring,4.4,No,Next Day Air,No,No,34,Debit Card,Annually,26.93877551020408,55.282312925170075,41.09739060062308,0.0,Bronze,Satisfied,Clothing,1
2430,57,Male,Sneakers,Footwear,57.0,Virginia,XL,Maroon,Summer,4.4,No,Standard,No,No,47,Credit Card,Fortnightly,64.21768707482994,72.04251700680273,68.72486236163108,0.0,Silver,Satisfied,Footwear,1
2431,20,Male,Jacket,Outerwear,100.0,North Dakota,XL,White,Summer,4.3,No,Express,No,No,42,Cash,Quarterly,46.802721088435376,85.22448979591837,67.08649269678139,0.0,Platinum,Satisfied,Outerwear,1
2432,34,Male,Hoodie,Clothing,73.0,Alabama,S,Olive,Fall,3.4,No,Express,No,No,27,Bank Transfer,Every 3 Months,27.89115646258503,51.7704081632653,39.690247439471555,0.0,Gold,Neutral,Clothing,1
2433,59,Male,Jacket,Outerwear,66.0,Hawaii,M,Peach,Winter,2.8,No,Store Pickup,No,No,43,Venmo,Monthly,67.61904761904762,51.73809523809523,59.53686452418736,0.0,Silver,At Risk,Outerwear,1
2434,54,Male,T-shirt,Clothing,73.0,Oregon,M,Blue,Spring,3.4,No,Standard,No,No,16,Cash,Bi-Weekly,32.244897959183675,44.28741496598639,37.854203899971964,0.0,Gold,Neutral,Clothing,1
2435,36,Male,Gloves,Accessories,45.0,Utah,M,Brown,Spring,5.0,No,Store Pickup,No,No,40,Credit Card,Monthly,65.17006802721087,70.28061224489794,68.25619392823978,0.0,Silver,Satisfied,Accessories,1
2436,21,Male,Sneakers,Footwear,27.0,Hawaii,S,Black,Fall,4.5,No,Free Shipping,No,No,29,Cash,Bi-Weekly,42.85714285714286,48.63095238095238,45.48964068782393,0.0,Bronze,Satisfied,Footwear,1
2437,52,Male,T-shirt,Clothing,24.0,Connecticut,M,Yellow,Fall,2.7,No,Store Pickup,No,No,38,Credit Card,Quarterly,43.5374149659864,29.503401360544213,35.572220607046965,0.0,Bronze,At Risk,Clothing,1
2438,43,Male,Sneakers,Footwear,59.0,Wyoming,XL,Magenta,Winter,3.4,No,Store Pickup,No,No,34,Credit Card,Weekly,66.93877551020408,50.69897959183673,58.639480599346236,0.0,Silver,Neutral,Footwear,1
2439,32,Male,Jeans,Clothing,20.0,Delaware,S,Cyan,Winter,3.4,No,Express,No,No,30,Venmo,Weekly,63.67346938775509,31.727891156462583,46.83317779257699,0.0,Bronze,Neutral,Clothing,1
2440,55,Male,Handbag,Accessories,44.0,Arkansas,M,Maroon,Summer,2.8,No,Standard,No,No,45,Bank Transfer,Annually,35.91836734693877,43.93197278911564,39.50032516517906,0.0,Bronze,At Risk,Accessories,1
2441,31,Male,Socks,Clothing,90.0,Indiana,M,Red,Spring,4.7,No,Standard,No,No,47,Bank Transfer,Annually,37.55102040816327,89.79251700680273,64.91034412415168,0.0,Platinum,Satisfied,Clothing,1
2442,45,Male,Jewelry,Accessories,36.0,California,M,Black,Fall,4.7,No,Free Shipping,No,No,5,Credit Card,Monthly,36.59863945578232,38.72108843537415,37.04601363373359,0.0,Bronze,Satisfied,Accessories,1
2443,53,Male,Blouse,Clothing,95.0,Wyoming,L,Violet,Winter,4.7,No,Free Shipping,No,No,50,Debit Card,Bi-Weekly,60.00000000000001,93.91666666666666,78.34649690823193,0.0,Platinum,Satisfied,Clothing,1
2444,24,Male,Backpack,Accessories,30.0,South Dakota,M,Green,Spring,3.4,No,2-Day Shipping,No,No,24,Bank Transfer,Bi-Weekly,38.775510204081634,31.81292517006803,34.429799499465254,0.0,Bronze,Neutral,Accessories,1
2445,47,Male,Scarf,Accessories,65.0,West Virginia,S,Gold,Fall,3.7,No,Express,No,No,15,Debit Card,Bi-Weekly,31.428571428571427,44.273809523809526,37.43874442686984,0.0,Silver,Neutral,Accessories,1
2446,63,Male,Scarf,Accessories,96.0,Tennessee,M,Brown,Summer,4.1,No,Store Pickup,No,No,50,Cash,Weekly,80.0,86.33333333333333,84.27977308793754,0.0,Platinum,Satisfied,Accessories,1
2447,38,Male,Shirt,Clothing,65.0,Alaska,L,Peach,Spring,2.9,No,2-Day Shipping,No,No,7,Credit Card,Monthly,38.23129251700681,28.164965986394552,32.20139494062587,0.0,Silver,At Risk,Clothing,1
2448,59,Male,Pants,Clothing,47.0,South Dakota,L,Peach,Fall,3.2,No,Store Pickup,No,No,10,Venmo,Fortnightly,34.01360544217687,26.705782312925173,29.31003311709011,0.0,Bronze,Neutral,Clothing,1
2449,54,Male,Hat,Accessories,25.0,Tennessee,S,Violet,Fall,3.0,No,Free Shipping,No,No,38,PayPal,Bi-Weekly,50.204081632653065,33.92006802721088,41.27408539615616,0.0,Bronze,Neutral,Accessories,1
2450,26,Male,Coat,Outerwear,56.0,Alabama,S,Violet,Fall,4.1,No,Express,No,No,31,Venmo,Fortnightly,51.156462585034014,56.74149659863945,53.988752424158825,0.0,Silver,Satisfied,Outerwear,1
2451,68,Male,T-shirt,Clothing,76.0,North Carolina,M,Magenta,Fall,4.5,No,Standard,No,No,7,Venmo,Quarterly,18.231292517006807,54.08163265306123,36.09975876602761,0.0,Gold,Satisfied,Clothing,1
2452,41,Male,Socks,Clothing,60.0,Oklahoma,M,Purple,Fall,3.4,No,Store Pickup,No,No,27,Venmo,Monthly,54.5578231292517,46.35374149659863,50.11877804402317,0.0,Silver,Neutral,Clothing,1
2453,68,Male,Shirt,Clothing,67.0,New York,L,Purple,Winter,4.1,No,Express,No,No,45,Bank Transfer,Every 3 Months,42.58503401360544,70.8486394557823,57.268293596919996,0.0,Silver,Satisfied,Clothing,1
2454,21,Male,Sweater,Clothing,95.0,Iowa,XL,Cyan,Spring,4.6,No,Store Pickup,No,No,13,Cash,Annually,9.795918367346939,67.41326530612244,39.03144330530124,0.0,Gold,Satisfied,Clothing,1
2455,32,Male,Gloves,Accessories,72.0,Alaska,M,Magenta,Winter,4.6,No,Express,No,No,33,Venmo,Annually,26.122448979591834,71.43537414965986,49.35165004111561,0.0,Gold,Satisfied,Accessories,1
2456,20,Male,Belt,Accessories,98.0,Alaska,L,Lavender,Spring,3.4,No,Express,No,No,25,Cash,Every 3 Months,26.258503401360546,60.8265306122449,43.730459223070504,0.0,Gold,Neutral,Accessories,1
2457,59,Male,Jeans,Clothing,83.0,Nebraska,M,Green,Winter,3.3,No,2-Day Shipping,No,No,5,PayPal,Monthly,36.59863945578232,39.63775510204081,37.53759563398896,0.0,Gold,Neutral,Clothing,1
2458,53,Male,Handbag,Accessories,37.0,Delaware,M,Maroon,Fall,3.6,No,2-Day Shipping,No,No,23,Cash,Quarterly,31.292517006802722,36.715986394557824,33.317673785308585,0.0,Bronze,Neutral,Accessories,1
2459,66,Male,T-shirt,Clothing,85.0,Texas,L,Turquoise,Fall,4.6,No,Free Shipping,No,No,17,Bank Transfer,Weekly,53.06122448979591,65.96768707482991,59.88887428820093,0.0,Platinum,Satisfied,Clothing,1
2460,47,Male,Socks,Clothing,36.0,Missouri,L,Violet,Fall,4.3,No,2-Day Shipping,No,No,14,Cash,Weekly,50.61224489795918,39.51020408163265,44.47599640698991,0.0,Bronze,Satisfied,Clothing,1
2461,58,Male,Jeans,Clothing,36.0,Maine,S,Lavender,Winter,4.0,No,Store Pickup,No,No,28,Credit Card,Annually,22.04081632653061,45.034013605442176,33.15254248645082,0.0,Bronze,Satisfied,Clothing,1
2462,28,Male,Scarf,Accessories,86.0,Pennsylvania,L,Red,Summer,4.8,No,Next Day Air,No,No,19,Credit Card,Weekly,54.6938775510204,70.41156462585033,63.08832469018104,0.0,Platinum,Satisfied,Accessories,1
2463,68,Male,Pants,Clothing,99.0,Missouri,XL,Orange,Spring,4.3,No,Standard,No,No,31,Bank Transfer,Bi-Weekly,44.48979591836735,77.32482993197279,61.69366946019601,0.0,Platinum,Satisfied,Clothing,1
2464,60,Male,Blouse,Clothing,21.0,Mississippi,XL,Indigo,Summer,3.3,No,Standard,No,No,25,Cash,Bi-Weekly,39.59183673469388,27.409863945578234,32.47672751679151,0.0,Bronze,Neutral,Clothing,1
2465,47,Male,Jacket,Outerwear,84.0,Hawaii,L,Teal,Winter,2.8,No,Express,No,No,4,Cash,Bi-Weekly,22.44897959183674,32.70748299319728,26.746259855929676,0.0,Gold,At Risk,Outerwear,1
2466,18,Male,Sandals,Footwear,63.0,Texas,M,Brown,Spring,4.4,No,Free Shipping,No,No,20,Bank Transfer,Weekly,55.51020408163265,56.175170068027214,55.86191852294973,0.0,Silver,Satisfied,Footwear,1
2467,32,Male,Shorts,Clothing,84.0,South Dakota,S,Pink,Summer,3.7,No,Express,No,No,37,Cash,Annually,29.387755102040813,67.15646258503402,48.68964575049872,0.0,Gold,Neutral,Clothing,1
2468,27,Male,Shorts,Clothing,72.0,New Jersey,M,Lavender,Spring,3.6,No,Express,No,No,28,Credit Card,Annually,22.04081632653061,54.70068027210885,38.336498125507426,0.0,Gold,Neutral,Clothing,1
2469,65,Male,Skirt,Clothing,21.0,Connecticut,L,Cyan,Winter,3.7,No,2-Day Shipping,No,No,6,Venmo,Weekly,44.08163265306122,19.81802721088436,30.65034152580829,0.0,Bronze,Neutral,Clothing,1
2470,68,Male,Sandals,Footwear,92.0,Maryland,M,Yellow,Fall,5.0,No,Standard,No,No,27,PayPal,Annually,21.224489795918366,81.0204081632653,52.04284884155948,0.0,Platinum,Satisfied,Footwear,1
2471,55,Male,Blouse,Clothing,72.0,Arizona,XL,Pink,Fall,2.7,No,Next Day Air,No,No,29,Credit Card,Fortnightly,49.523809523809526,43.38095238095238,46.007549837876525,0.0,Gold,At Risk,Clothing,1
2472,30,Male,Sandals,Footwear,83.0,Oklahoma,M,Gray,Spring,4.3,No,Store Pickup,No,No,1,Cash,Annually,0.0,50.24999999999999,24.92931798697626,0.0,Gold,Satisfied,Footwear,1
2473,24,Male,Shirt,Clothing,73.0,Utah,M,Peach,Summer,4.1,No,Standard,No,No,31,Credit Card,Annually,24.489795918367342,63.82482993197278,44.45400727461696,0.0,Gold,Satisfied,Clothing,1
2474,57,Male,Socks,Clothing,98.0,Arkansas,M,Red,Winter,2.6,No,Next Day Air,No,No,28,Cash,Quarterly,35.374149659863946,52.20068027210883,43.662486609659446,0.0,Gold,At Risk,Clothing,1
2475,23,Male,T-shirt,Clothing,76.0,North Carolina,M,Olive,Fall,3.2,No,Store Pickup,No,No,19,Bank Transfer,Quarterly,28.027210884353742,44.91156462585034,36.0800738951984,0.0,Gold,Neutral,Clothing,1
2476,69,Male,Dress,Clothing,43.0,California,S,Lavender,Summer,3.5,No,Next Day Air,No,No,36,Venmo,Monthly,61.904761904761905,46.726190476190474,53.99198112019372,0.0,Silver,Neutral,Clothing,1
2477,60,Male,Hat,Accessories,60.0,Colorado,M,Turquoise,Summer,3.7,No,Next Day Air,No,No,28,Cash,Monthly,55.374149659863946,51.034013605442176,53.03683679115263,0.0,Silver,Neutral,Accessories,1
2478,25,Male,Gloves,Accessories,40.0,California,L,Turquoise,Spring,3.8,No,2-Day Shipping,No,No,29,PayPal,Weekly,62.857142857142854,44.714285714285715,53.38924486855099,0.0,Bronze,Neutral,Accessories,1
2479,18,Male,Socks,Clothing,93.0,Vermont,S,Maroon,Winter,4.8,No,2-Day Shipping,No,No,9,Bank Transfer,Every 3 Months,13.197278911564625,66.52551020408164,40.25604601872122,0.0,Gold,Satisfied,Clothing,1
2480,37,Male,Dress,Clothing,98.0,Kansas,S,Olive,Fall,4.2,No,Standard,No,No,26,Credit Card,Every 3 Months,27.074829931972786,72.1734693877551,50.22365979023898,0.0,Platinum,Satisfied,Clothing,1
2481,61,Male,Socks,Clothing,91.0,Ohio,XL,Maroon,Summer,2.9,No,Next Day Air,No,No,7,Credit Card,Fortnightly,31.564625850340132,38.99829931972788,34.67766706485595,0.0,Gold,At Risk,Clothing,1
2482,41,Male,Belt,Accessories,92.0,New Jersey,XL,Cyan,Fall,2.9,No,Free Shipping,No,No,35,Debit Card,Weekly,67.75510204081631,58.4625850340136,63.21104243824374,0.0,Platinum,At Risk,Accessories,1
2483,69,Male,Handbag,Accessories,87.0,Arizona,S,Peach,Winter,4.8,No,Next Day Air,No,No,46,Credit Card,Every 3 Months,43.40136054421768,89.19557823129252,67.51539307512945,0.0,Platinum,Satisfied,Accessories,1
2484,32,Male,Skirt,Clothing,96.0,Arizona,S,Teal,Fall,2.9,No,Standard,No,No,8,Debit Card,Monthly,39.04761904761905,41.76190476190476,39.901205872057524,0.0,Gold,At Risk,Clothing,1
2485,60,Male,Hoodie,Clothing,97.0,New Hampshire,M,Green,Summer,4.8,No,2-Day Shipping,No,No,50,Cash,Every 3 Months,46.666666666666664,96.08333333333333,72.84175133307795,0.0,Platinum,Satisfied,Clothing,1
2486,43,Male,Blouse,Clothing,55.0,Louisiana,M,Beige,Spring,4.6,No,2-Day Shipping,No,No,37,Bank Transfer,Annually,29.387755102040813,67.07312925170066,48.644956477748224,0.0,Silver,Satisfied,Clothing,1
2487,61,Male,Jeans,Clothing,58.0,Texas,L,Magenta,Spring,4.4,No,Store Pickup,No,No,6,Credit Card,Fortnightly,30.74829931972789,44.56802721088437,37.25638886603654,0.0,Silver,Satisfied,Clothing,1
2488,57,Male,Boots,Footwear,21.0,Montana,L,Violet,Spring,3.0,No,Next Day Air,No,No,16,PayPal,Bi-Weekly,32.244897959183675,17.287414965986397,23.37487952881388,0.0,Bronze,Neutral,Footwear,1
2489,56,Male,Handbag,Accessories,82.0,New Hampshire,XL,Charcoal,Summer,4.4,No,Express,No,No,30,PayPal,Monthly,57.006802721088434,70.89455782312926,64.50380265197299,0.0,Platinum,Satisfied,Accessories,1
2490,66,Male,Coat,Outerwear,34.0,South Dakota,M,Green,Winter,3.9,No,Express,No,No,50,Venmo,Quarterly,53.33333333333334,57.833333333333336,55.662708473937336,0.0,Bronze,Neutral,Outerwear,1
2491,52,Male,Blouse,Clothing,78.0,Montana,M,Gray,Spring,4.0,No,Free Shipping,No,No,5,Cash,Every 3 Months,9.931972789115646,46.88775510204082,28.09222902994808,0.0,Gold,Satisfied,Clothing,1
2492,63,Male,Handbag,Accessories,47.0,North Carolina,M,Magenta,Spring,2.5,No,Express,No,No,15,Bank Transfer,Monthly,44.761904761904766,20.773809523809522,31.50303617789892,0.0,Bronze,At Risk,Accessories,1
2493,50,Male,Sunglasses,Accessories,96.0,South Dakota,S,Silver,Summer,4.1,No,Next Day Air,No,No,34,Bank Transfer,Bi-Weekly,46.93877551020408,75.44897959183673,61.91219460624116,0.0,Platinum,Satisfied,Accessories,1
2494,21,Male,Socks,Clothing,23.0,Maine,S,Beige,Fall,4.8,No,2-Day Shipping,No,No,6,Venmo,Every 3 Months,10.748299319727892,35.31802721088435,22.29587959073237,0.0,Bronze,Satisfied,Clothing,1
2495,42,Male,Shoes,Footwear,27.0,Oklahoma,S,Peach,Winter,2.6,No,Store Pickup,No,No,26,Debit Card,Annually,20.40816326530612,21.256802721088434,19.585180806357524,0.0,Bronze,At Risk,Footwear,1
2496,40,Male,Backpack,Accessories,37.0,Nebraska,XL,Orange,Spring,3.1,No,Free Shipping,No,No,34,Credit Card,Every 3 Months,33.605442176870746,37.532312925170075,34.911908838102484,0.0,Bronze,Neutral,Accessories,1
2497,67,Male,Scarf,Accessories,79.0,Illinois,S,Yellow,Summer,3.2,No,Store Pickup,No,No,37,Credit Card,Weekly,69.3877551020408,58.406462585034014,63.99727211169748,0.0,Platinum,Neutral,Accessories,1
2498,35,Male,Backpack,Accessories,40.0,Colorado,M,Violet,Summer,4.2,No,Standard,No,No,28,Bank Transfer,Annually,22.04081632653061,49.36734693877551,35.4763846694762,0.0,Bronze,Satisfied,Accessories,1
2499,18,Male,Coat,Outerwear,39.0,Massachusetts,S,Green,Fall,2.6,No,Next Day Air,No,No,38,Cash,Fortnightly,56.87074829931973,34.42006802721088,44.87555436599242,0.0,Bronze,At Risk,Outerwear,1
2500,52,Male,Hoodie,Clothing,73.0,Louisiana,L,Pink,Summer,3.1,No,Next Day Air,No,No,2,Cash,Quarterly,14.14965986394558,30.76360544217688,21.55415430313088,0.0,Gold,Neutral,Clothing,1
2501,59,Male,Gloves,Accessories,84.0,Massachusetts,M,Violet,Fall,2.9,No,Store Pickup,No,No,32,Cash,Bi-Weekly,45.30612244897959,53.088435374149654,49.10455056290615,0.0,Gold,At Risk,Accessories,1
2502,49,Male,Shorts,Clothing,94.0,West Virginia,M,Violet,Fall,4.6,No,Free Shipping,No,No,30,Venmo,Bi-Weekly,43.6734693877551,78.5612244897959,61.9485490783512,0.0,Platinum,Satisfied,Clothing,1
2503,46,Male,Skirt,Clothing,47.0,Idaho,L,Pink,Spring,4.1,No,Standard,No,No,17,PayPal,Every 3 Months,19.727891156462583,43.46768707482993,31.15610397890254,0.0,Bronze,Satisfied,Clothing,1
2504,69,Male,Boots,Footwear,77.0,Ohio,M,Violet,Summer,2.5,No,Store Pickup,No,No,5,Debit Card,Bi-Weekly,23.26530612244898,26.471088435374146,23.810023872745194,0.0,Gold,At Risk,Footwear,1
2505,56,Male,Shorts,Clothing,94.0,Rhode Island,M,Turquoise,Winter,4.0,No,Store Pickup,No,No,31,Cash,Bi-Weekly,44.48979591836735,71.24149659863946,58.4313525494104,0.0,Platinum,Satisfied,Clothing,1
2506,27,Male,Handbag,Accessories,75.0,Illinois,M,Cyan,Summer,3.5,No,Express,No,No,43,PayPal,Quarterly,47.61904761904762,64.82142857142857,56.553080346013964,0.0,Platinum,Neutral,Accessories,1
2507,57,Male,Dress,Clothing,82.0,New York,XL,Orange,Spring,4.4,No,Free Shipping,No,No,19,Venmo,Annually,14.693877551020407,63.411564625850346,39.33442577914006,0.0,Gold,Satisfied,Clothing,1
2508,58,Male,Shoes,Footwear,36.0,Louisiana,M,Cyan,Fall,2.9,No,Store Pickup,No,No,32,Credit Card,Every 3 Months,31.972789115646254,33.08843537414965,31.712458436122372,0.0,Bronze,At Risk,Footwear,1
2509,23,Male,Sneakers,Footwear,90.0,California,XL,Indigo,Spring,3.1,No,2-Day Shipping,No,No,5,Debit Card,Bi-Weekly,23.26530612244898,39.88775510204082,31.00499678557376,0.0,Gold,Neutral,Footwear,1
2510,19,Male,Socks,Clothing,48.0,Washington,M,Black,Spring,4.4,No,Free Shipping,No,No,9,Bank Transfer,Quarterly,19.863945578231295,42.44217687074831,30.67417952716355,0.0,Bronze,Satisfied,Clothing,1
2511,40,Male,Jacket,Outerwear,42.0,South Dakota,L,Purple,Winter,4.4,No,Standard,No,No,48,Credit Card,Weekly,78.36734693877551,66.47278911564626,72.81280722711718,0.0,Silver,Satisfied,Outerwear,1
2512,54,Male,Backpack,Accessories,33.0,Idaho,M,Cyan,Summer,2.7,No,Store Pickup,No,No,1,PayPal,Quarterly,13.333333333333336,8.083333333333337,8.983212641896044,0.0,Bronze,At Risk,Accessories,1
2513,50,Male,Socks,Clothing,63.0,North Dakota,M,Green,Summer,4.9,No,Free Shipping,No,No,20,Credit Card,Monthly,48.843537414965986,62.84183673469388,56.10372700965544,0.0,Silver,Satisfied,Clothing,1
2514,69,Male,Handbag,Accessories,53.0,Washington,L,Teal,Winter,3.5,No,2-Day Shipping,No,No,42,Cash,Annually,33.46938775510204,54.974489795918366,44.1976200216876,0.0,Silver,Neutral,Accessories,1
2515,42,Male,Hat,Accessories,37.0,Alaska,L,Teal,Spring,4.8,No,Free Shipping,No,No,45,PayPal,Bi-Weekly,55.91836734693878,67.68197278911565,62.236767899068134,0.0,Bronze,Satisfied,Accessories,1
2516,37,Male,Blouse,Clothing,92.0,Kansas,M,Magenta,Summer,4.2,No,2-Day Shipping,No,No,41,Cash,Monthly,65.98639455782313,79.87755102040816,73.81091976764804,0.0,Platinum,Satisfied,Clothing,1
2517,46,Male,Shorts,Clothing,73.0,Utah,XL,Brown,Spring,4.6,No,Standard,No,No,36,Debit Card,Quarterly,41.904761904761905,73.89285714285714,58.560684036852784,0.0,Platinum,Satisfied,Clothing,1
2518,64,Male,Shirt,Clothing,38.0,Wyoming,L,Orange,Spring,2.9,No,Standard,No,No,10,Venmo,Annually,7.346938775510203,18.95578231292517,11.8205974179614,0.0,Bronze,At Risk,Clothing,1
2519,20,Male,Boots,Footwear,51.0,Maine,XL,Blue,Fall,4.0,No,Store Pickup,No,No,31,Venmo,Annually,24.489795918367342,53.324829931972786,38.82315890805549,0.0,Silver,Satisfied,Footwear,1
2520,40,Male,Jacket,Outerwear,90.0,Michigan,L,Magenta,Spring,4.9,No,Standard,No,No,21,Credit Card,Quarterly,29.659863945578234,74.77210884353742,52.90975248607733,0.0,Platinum,Satisfied,Outerwear,1
2521,64,Male,Jacket,Outerwear,56.0,Illinois,L,Magenta,Summer,3.1,No,Next Day Air,No,No,16,Cash,Every 3 Months,18.91156462585034,33.20408163265307,25.243863957490408,0.0,Silver,Neutral,Outerwear,1
2522,29,Male,Handbag,Accessories,33.0,Minnesota,M,Magenta,Fall,4.4,No,Standard,No,No,18,PayPal,Every 3 Months,20.544217687074827,42.31462585034014,30.945913633497835,0.0,Bronze,Satisfied,Accessories,1
2523,20,Male,Belt,Accessories,53.0,Massachusetts,S,Olive,Winter,2.5,No,2-Day Shipping,No,No,20,Debit Card,Weekly,55.51020408163265,26.67517006802721,40.04191596927701,0.0,Silver,At Risk,Accessories,1
2524,43,Male,Handbag,Accessories,24.0,New Jersey,S,Cyan,Spring,3.4,No,Express,No,No,21,Bank Transfer,Annually,16.3265306122449,27.272108843537417,20.770200351632543,0.0,Bronze,Neutral,Accessories,1
2525,60,Male,Coat,Outerwear,59.0,Kansas,M,Purple,Spring,3.7,No,Express,No,No,23,Credit Card,Quarterly,31.292517006802722,47.21598639455783,38.948522151870065,0.0,Silver,Neutral,Outerwear,1
2526,39,Male,Sweater,Clothing,72.0,Kentucky,M,Purple,Winter,4.2,No,Standard,No,No,20,PayPal,Weekly,55.51020408163265,57.25850340136055,56.44287906870608,0.0,Platinum,Satisfied,Clothing,1
2527,47,Male,Shorts,Clothing,28.0,Rhode Island,S,Peach,Spring,3.4,No,Express,No,No,30,PayPal,Bi-Weekly,43.6734693877551,35.06122448979592,38.620748702596515,0.0,Bronze,Neutral,Clothing,1
2528,19,Male,Pants,Clothing,36.0,Illinois,M,Gold,Fall,3.6,No,Express,No,No,33,Bank Transfer,Every 3 Months,32.7891156462585,43.10204081632653,37.490630639283054,0.0,Bronze,Neutral,Clothing,1
2529,52,Male,Jewelry,Accessories,47.0,Alabama,S,Peach,Fall,4.7,No,2-Day Shipping,No,No,31,Debit Card,Monthly,57.82312925170068,60.99149659863945,59.60123866776704,0.0,Silver,Satisfied,Accessories,1
2530,34,Male,Gloves,Accessories,62.0,Tennessee,M,Magenta,Spring,4.7,No,Next Day Air,No,No,48,Bank Transfer,Monthly,71.70068027210885,78.8061224489796,76.09348626085605,0.0,Silver,Satisfied,Accessories,1
2531,25,Male,Skirt,Clothing,98.0,Massachusetts,S,Cyan,Spring,3.6,No,Free Shipping,No,No,28,Debit Card,Weekly,62.0408163265306,65.53401360544217,64.14610358307084,0.0,Platinum,Neutral,Clothing,1
2532,43,Male,Sandals,Footwear,28.0,Texas,M,Violet,Summer,4.6,No,Free Shipping,No,No,7,Cash,Every 3 Months,11.564625850340136,35.414965986394556,22.75602833658498,0.0,Bronze,Satisfied,Footwear,1
2533,55,Male,Socks,Clothing,86.0,Nebraska,S,Charcoal,Summer,2.6,No,Next Day Air,No,No,4,Debit Card,Weekly,42.44897959183673,30.874149659863946,35.76309585541894,0.0,Gold,At Risk,Clothing,1
2534,66,Male,Jewelry,Accessories,46.0,Pennsylvania,S,Blue,Summer,3.1,No,Standard,No,No,49,Cash,Bi-Weekly,59.183673469387756,51.48639455782313,55.184197605131466,0.0,Silver,Neutral,Accessories,1
2535,41,Male,Sunglasses,Accessories,42.0,Virginia,XL,Red,Fall,3.2,No,Free Shipping,No,No,22,Cash,Weekly,57.14285714285714,32.78571428571429,44.13515182626686,0.0,Bronze,Neutral,Accessories,1
2536,47,Male,Coat,Outerwear,80.0,Vermont,S,Purple,Winter,3.9,No,Express,No,No,39,Bank Transfer,Fortnightly,57.68707482993196,69.51700680272108,64.10519766704995,0.0,Platinum,Neutral,Outerwear,1
2537,51,Male,Belt,Accessories,39.0,Oklahoma,L,Gray,Spring,4.9,No,Express,No,No,45,PayPal,Every 3 Months,42.58503401360544,69.84863945578232,56.732022323914144,0.0,Bronze,Satisfied,Accessories,1
2538,44,Male,Coat,Outerwear,49.0,Maine,M,Purple,Summer,4.1,No,2-Day Shipping,No,No,30,PayPal,Fortnightly,50.340136054421755,53.14455782312925,51.65165422278572,0.0,Silver,Satisfied,Outerwear,1
2539,18,Male,Scarf,Accessories,32.0,New Jersey,M,Silver,Summer,4.2,No,Next Day Air,No,No,33,Credit Card,Bi-Weekly,46.12244897959184,49.435374149659864,47.5536820349868,0.0,Bronze,Satisfied,Accessories,1
2540,33,Male,Sandals,Footwear,73.0,Massachusetts,M,Purple,Fall,4.1,No,Next Day Air,No,No,24,Cash,Bi-Weekly,38.775510204081634,59.06292517006803,49.04319168887481,0.0,Gold,Satisfied,Footwear,1
2541,24,Male,Belt,Accessories,42.0,New Jersey,M,Charcoal,Summer,3.9,No,Free Shipping,No,No,11,Debit Card,Quarterly,21.496598639455783,34.636054421768705,27.30430683482191,0.0,Bronze,Neutral,Accessories,1
2542,33,Male,Scarf,Accessories,58.0,Washington,M,Silver,Spring,2.7,No,Next Day Air,No,No,13,Venmo,Every 3 Months,16.462585034013603,26.66326530612245,20.511722263645986,0.0,Silver,At Risk,Accessories,1
2543,61,Male,Jewelry,Accessories,22.0,Arkansas,M,White,Winter,3.7,No,Express,No,No,27,PayPal,Annually,21.224489795918366,34.52040816326531,27.10623464678723,0.0,Bronze,Neutral,Accessories,1
2544,27,Male,Scarf,Accessories,56.0,West Virginia,L,Peach,Spring,2.7,No,Next Day Air,No,No,30,PayPal,Bi-Weekly,43.6734693877551,37.39455782312925,39.872048339610174,0.0,Silver,At Risk,Accessories,1
2545,46,Male,Pants,Clothing,70.0,Delaware,M,Red,Spring,2.5,No,Next Day Air,No,No,39,Venmo,Quarterly,44.35374149659864,46.68367346938775,45.1936702667496,0.0,Gold,At Risk,Clothing,1
2546,38,Male,Shoes,Footwear,50.0,Texas,L,Olive,Spring,3.9,No,Free Shipping,No,No,10,Debit Card,Annually,7.346938775510203,37.2891156462585,21.65223742306874,0.0,Bronze,Neutral,Footwear,1
2547,63,Male,Boots,Footwear,21.0,Texas,L,Gray,Summer,3.0,No,Express,No,No,4,Credit Card,Quarterly,15.782312925170071,9.124149659863951,10.765862334208261,0.0,Bronze,Neutral,Footwear,1
2548,47,Male,Jacket,Outerwear,97.0,Mississippi,M,Beige,Summer,3.2,No,2-Day Shipping,No,No,16,Cash,Weekly,52.24489795918367,51.62074829931973,51.7868599020149,0.0,Platinum,Neutral,Outerwear,1
2549,42,Male,Backpack,Accessories,63.0,Texas,L,Pink,Winter,3.8,No,Standard,No,No,34,Credit Card,Monthly,60.27210884353742,57.69897959183674,59.06004617705389,0.0,Silver,Neutral,Accessories,1
2550,41,Male,Jacket,Outerwear,60.0,Virginia,M,Red,Fall,2.7,No,Standard,No,No,11,Debit Card,Every 3 Months,14.829931972789115,26.136054421768705,19.412667680938814,0.0,Silver,At Risk,Outerwear,1
2551,53,Male,Boots,Footwear,52.0,New Hampshire,XL,Peach,Fall,3.0,No,Store Pickup,No,No,30,Debit Card,Fortnightly,50.340136054421755,39.72789115646258,44.45668130995717,0.0,Silver,Neutral,Footwear,1
2552,29,Male,Shoes,Footwear,32.0,Minnesota,M,Maroon,Winter,4.1,No,Next Day Air,No,No,40,Debit Card,Annually,31.83673469387755,52.86394557823129,42.24946925672116,0.0,Bronze,Satisfied,Footwear,1
2553,61,Male,Belt,Accessories,48.0,Maryland,XL,Purple,Spring,3.2,No,2-Day Shipping,No,No,13,Credit Card,Annually,9.795918367346939,29.163265306122454,18.519067112827294,0.0,Bronze,Neutral,Accessories,1
2554,69,Male,Jewelry,Accessories,25.0,Vermont,M,Maroon,Summer,4.5,No,Store Pickup,No,No,28,Venmo,Every 3 Months,28.707482993197274,47.117346938775505,37.60310763854635,0.0,Bronze,Satisfied,Accessories,1
2555,51,Male,Jewelry,Accessories,68.0,Kansas,M,Gray,Summer,4.3,No,Store Pickup,No,No,49,Debit Card,Bi-Weekly,59.183673469387756,76.65306122448979,68.6803579757788,0.0,Platinum,Satisfied,Accessories,1
2556,24,Male,Pants,Clothing,74.0,Idaho,M,Gray,Fall,3.5,No,Standard,No,No,23,Credit Card,Weekly,57.95918367346938,50.79931972789116,54.20349421347438,0.0,Gold,Neutral,Clothing,1
2557,24,Male,T-shirt,Clothing,88.0,Montana,XL,Magenta,Fall,3.1,No,Standard,No,No,4,Bank Transfer,Quarterly,15.782312925170071,38.37414965986395,26.451797069629524,0.0,Gold,Neutral,Clothing,1
2558,70,Male,Shorts,Clothing,23.0,Oklahoma,L,Cyan,Spring,3.9,No,Standard,No,No,17,PayPal,Fortnightly,39.72789115646258,30.801020408163264,34.36333452082837,0.0,Bronze,Neutral,Clothing,1
2559,49,Male,Hoodie,Clothing,32.0,California,M,Silver,Fall,2.7,No,Express,No,No,24,PayPal,Fortnightly,45.4421768707483,23.31292517006803,33.20482701224881,0.0,Bronze,At Risk,Clothing,1
2560,48,Male,Belt,Accessories,71.0,Mississippi,S,Green,Winter,4.0,No,Free Shipping,No,No,21,Debit Card,Every 3 Months,22.993197278911566,54.85544217687075,38.89568296537738,0.0,Gold,Satisfied,Accessories,1
2561,58,Male,Boots,Footwear,62.0,California,M,Violet,Spring,2.7,No,Next Day Air,No,No,17,Debit Card,Bi-Weekly,33.06122448979592,31.05102040816326,31.1640690057465,0.0,Silver,At Risk,Footwear,1
2562,32,Male,Hoodie,Clothing,20.0,New York,L,Magenta,Spring,2.7,No,Free Shipping,No,No,22,Debit Card,Quarterly,30.476190476190478,16.952380952380953,22.31085667034083,0.0,Bronze,At Risk,Clothing,1
2563,57,Male,Shorts,Clothing,62.0,Arizona,XL,Yellow,Spring,4.7,No,Standard,No,No,27,Cash,Fortnightly,47.89115646258503,64.5204081632653,56.52770617029621,0.0,Silver,Satisfied,Clothing,1
2564,69,Male,Backpack,Accessories,81.0,Massachusetts,XL,Gray,Winter,4.5,No,Standard,No,No,1,Venmo,Every 3 Months,6.666666666666667,52.08333333333333,29.245815320820327,0.0,Gold,Satisfied,Accessories,1
2565,42,Male,Scarf,Accessories,90.0,Kentucky,L,Indigo,Winter,3.0,No,2-Day Shipping,No,No,27,Bank Transfer,Weekly,61.224489795918366,53.52040816326531,57.29538883389848,0.0,Platinum,Neutral,Accessories,1
2566,30,Male,Socks,Clothing,43.0,Vermont,S,Indigo,Fall,3.6,No,Store Pickup,No,No,8,Venmo,Quarterly,19.04761904761905,29.011904761904766,23.063747141232867,0.0,Bronze,Neutral,Clothing,1
2567,35,Male,Handbag,Accessories,38.0,Missouri,S,Yellow,Fall,3.3,No,Standard,No,No,43,PayPal,Quarterly,47.61904761904762,46.73809523809524,46.85550815915809,0.0,Bronze,Neutral,Accessories,1
2568,19,Male,Sunglasses,Accessories,25.0,Michigan,XL,Gold,Spring,4.3,No,Store Pickup,No,No,24,Cash,Fortnightly,45.4421768707483,41.72959183673469,43.08115629010665,0.0,Bronze,Satisfied,Accessories,1
2569,52,Male,T-shirt,Clothing,98.0,Texas,XL,Green,Winter,4.3,No,Express,No,No,29,PayPal,Fortnightly,49.523809523809526,75.54761904761904,63.25760911956486,0.0,Platinum,Satisfied,Clothing,1
2570,42,Male,Dress,Clothing,75.0,New York,M,Charcoal,Spring,4.8,No,Free Shipping,No,No,10,Bank Transfer,Bi-Weekly,27.346938775510203,59.70578231292516,43.67365179294998,0.0,Gold,Satisfied,Clothing,1
2571,36,Male,Sneakers,Footwear,27.0,New Mexico,XL,Olive,Spring,4.0,No,Store Pickup,No,No,12,PayPal,Fortnightly,35.64625850340136,30.399659863945583,32.10728006431582,0.0,Bronze,Satisfied,Footwear,1
2572,45,Male,Sunglasses,Accessories,27.0,Mississippi,L,Black,Winter,3.5,No,Standard,No,No,48,Cash,Fortnightly,65.03401360544217,48.22278911564626,56.35918982809365,0.0,Bronze,Neutral,Accessories,1
2573,54,Male,Blouse,Clothing,42.0,Washington,M,Silver,Fall,3.9,No,Next Day Air,No,No,40,Bank Transfer,Quarterly,45.17006802721089,54.36394557823129,49.720542832896605,0.0,Bronze,Neutral,Clothing,1
2574,54,Male,T-shirt,Clothing,90.0,New Mexico,M,Red,Summer,4.4,No,Store Pickup,No,No,1,Bank Transfer,Annually,0.0,54.50000000000001,27.208470897251154,0.0,Gold,Satisfied,Clothing,1
2575,27,Male,Hat,Accessories,63.0,Florida,M,Brown,Summer,4.6,No,2-Day Shipping,No,No,26,Credit Card,Fortnightly,47.074829931972786,62.92346938775509,55.263150514934814,0.0,Silver,Satisfied,Accessories,1
2576,53,Male,Shorts,Clothing,96.0,Minnesota,M,Silver,Fall,4.0,No,Express,No,No,9,PayPal,Annually,6.530612244897958,57.10884353741497,31.87282486458275,0.0,Gold,Satisfied,Clothing,1
2577,20,Male,Hoodie,Clothing,40.0,New Hampshire,M,Silver,Winter,4.2,No,Free Shipping,No,No,19,Debit Card,Quarterly,28.027210884353742,43.244897959183675,35.18628844018865,0.0,Bronze,Satisfied,Clothing,1
2578,52,Male,Socks,Clothing,39.0,Minnesota,L,Black,Fall,4.5,No,Next Day Air,No,No,37,Bank Transfer,Monthly,62.72108843537415,59.07312925170067,61.02145296036805,0.0,Silver,Satisfied,Clothing,1
2579,54,Male,Sunglasses,Accessories,48.0,Vermont,M,Purple,Fall,3.9,No,Free Shipping,No,No,3,Cash,Quarterly,14.965986394557826,31.69387755102041,22.461195776488363,0.0,Bronze,Neutral,Accessories,1
2580,65,Male,Blouse,Clothing,20.0,Minnesota,M,Purple,Summer,3.7,No,Express,No,No,40,Venmo,Weekly,71.83673469387755,42.53061224489796,56.70799943566065,0.0,Bronze,Neutral,Clothing,1
2581,43,Male,Jeans,Clothing,29.0,Massachusetts,S,Turquoise,Summer,3.6,No,Store Pickup,No,No,13,Bank Transfer,Quarterly,23.129251700680275,26.57993197278912,23.800366324228833,0.0,Bronze,Neutral,Clothing,1
2582,57,Male,Dress,Clothing,81.0,Wyoming,M,Gold,Winter,4.7,No,Express,No,No,48,Credit Card,Monthly,71.70068027210885,86.72278911564625,80.33896717215241,0.0,Platinum,Satisfied,Clothing,1
2583,19,Male,Dress,Clothing,98.0,South Dakota,S,Indigo,Fall,3.6,No,2-Day Shipping,No,No,4,Venmo,Every 3 Months,9.115646258503402,49.20748299319729,28.928069193859617,0.0,Gold,Neutral,Clothing,1
2584,69,Male,Jeans,Clothing,93.0,Oklahoma,M,Lavender,Fall,2.5,No,Next Day Air,No,No,9,Cash,Weekly,46.53061224489796,35.85884353741497,40.477060313208334,0.0,Gold,At Risk,Clothing,1
2585,26,Male,Socks,Clothing,30.0,Florida,L,Blue,Summer,2.9,No,Store Pickup,No,No,26,Bank Transfer,Bi-Weekly,40.408163265306115,26.50680272108843,32.40060498963826,0.0,Bronze,At Risk,Clothing,1
2586,57,Male,Sunglasses,Accessories,37.0,Wisconsin,L,Maroon,Fall,4.4,No,Free Shipping,No,No,19,Debit Card,Weekly,54.6938775510204,44.661564625850346,49.27933941028028,0.0,Bronze,Satisfied,Accessories,1
2587,20,Male,Coat,Outerwear,28.0,Maine,L,Yellow,Winter,4.6,No,Express,No,No,1,Credit Card,Every 3 Months,6.666666666666667,31.333333333333325,18.118186405948833,0.0,Bronze,Satisfied,Outerwear,1
2588,55,Male,Scarf,Accessories,29.0,Connecticut,M,Purple,Winter,3.7,No,Express,No,No,29,PayPal,Every 3 Months,29.523809523809526,38.79761904761905,33.54963983659969,0.0,Bronze,Neutral,Accessories,1
2589,44,Male,Backpack,Accessories,49.0,Delaware,M,Peach,Summer,3.2,No,Free Shipping,No,No,38,Venmo,Bi-Weekly,50.204081632653065,46.58673469387755,48.06685485423032,0.0,Silver,Neutral,Accessories,1
2590,52,Male,Pants,Clothing,53.0,North Dakota,M,Silver,Winter,4.9,No,2-Day Shipping,No,No,31,PayPal,Annually,24.489795918367342,66.15816326530613,45.705306911630636,0.0,Silver,Satisfied,Clothing,1
2591,57,Male,Gloves,Accessories,66.0,California,M,Turquoise,Summer,5.0,No,Free Shipping,No,No,35,Venmo,Annually,27.755102040816322,75.62925170068027,52.41703262484425,0.0,Silver,Satisfied,Accessories,1
2592,40,Male,Jacket,Outerwear,61.0,New Mexico,S,Olive,Spring,3.3,No,Express,No,No,40,Cash,Quarterly,45.17006802721089,54.28061224489795,49.67585356014612,0.0,Silver,Neutral,Outerwear,1
2593,23,Male,Shorts,Clothing,23.0,Iowa,XL,Peach,Summer,4.4,No,Store Pickup,No,No,13,Venmo,Quarterly,23.129251700680275,34.74659863945579,28.17991505377665,0.0,Bronze,Satisfied,Clothing,1
2594,36,Male,Pants,Clothing,36.0,Colorado,S,Indigo,Fall,4.7,No,Store Pickup,No,No,9,Bank Transfer,Every 3 Months,13.197278911564625,41.4421768707483,26.804574920824354,0.0,Bronze,Satisfied,Clothing,1
2595,59,Male,Skirt,Clothing,81.0,Montana,L,Indigo,Fall,3.6,No,Free Shipping,No,No,25,Cash,Every 3 Months,26.258503401360546,56.40986394557823,41.361927767294645,0.0,Gold,Neutral,Clothing,1
2596,29,Male,Blouse,Clothing,56.0,Iowa,XL,Maroon,Summer,3.2,No,Free Shipping,No,No,3,Bank Transfer,Bi-Weekly,21.63265306122449,25.693877551020417,22.576901471786574,0.0,Silver,Neutral,Clothing,1
2597,63,Male,Shirt,Clothing,78.0,Louisiana,L,Black,Spring,3.0,No,Next Day Air,No,No,35,Credit Card,Monthly,61.088435374149654,53.962585034013614,57.46448837638405,0.0,Platinum,Neutral,Clothing,1
2598,60,Male,Jewelry,Accessories,25.0,Alabama,XL,Teal,Summer,4.4,No,Store Pickup,No,No,13,Venmo,Bi-Weekly,29.795918367346943,35.57993197278912,31.96014111461486,0.0,Bronze,Satisfied,Accessories,1
2599,64,Male,Backpack,Accessories,86.0,Nevada,XL,Olive,Fall,3.3,No,Express,No,No,31,Debit Card,Annually,24.489795918367342,58.574829931972786,41.63858309133623,0.0,Gold,Neutral,Accessories,1
2600,63,Male,Jewelry,Accessories,99.0,Vermont,M,Gold,Winter,3.4,No,Express,No,No,48,Credit Card,Monthly,71.70068027210885,76.88945578231292,75.06563298759484,0.0,Platinum,Neutral,Accessories,1
2601,21,Male,Belt,Accessories,83.0,New York,M,Gray,Fall,3.9,No,Express,No,No,6,Bank Transfer,Bi-Weekly,24.081632653061224,48.31802721088435,35.93407280647515,0.0,Gold,Neutral,Accessories,1
2602,61,Male,Dress,Clothing,33.0,Mississippi,L,Orange,Winter,2.9,No,Store Pickup,No,No,43,Cash,Monthly,67.61904761904762,39.32142857142857,52.878162884364656,0.0,Bronze,At Risk,Clothing,1
2603,65,Male,Coat,Outerwear,44.0,South Carolina,M,Black,Fall,2.9,No,Free Shipping,No,No,1,Venmo,Quarterly,13.333333333333336,15.333333333333332,12.87117937118849,0.0,Bronze,At Risk,Outerwear,1
2604,69,Male,Dress,Clothing,58.0,Washington,M,Teal,Spring,2.7,No,2-Day Shipping,No,No,8,Cash,Annually,5.714285714285714,23.261904761904766,13.313520654782534,0.0,Silver,At Risk,Clothing,1
2605,47,Male,Sweater,Clothing,54.0,Colorado,M,Beige,Spring,3.4,No,Store Pickup,No,No,6,Debit Card,Weekly,44.08163265306122,29.568027210884352,35.87898643761537,0.0,Silver,Neutral,Clothing,1
2606,41,Male,Hoodie,Clothing,93.0,Nevada,M,White,Spring,3.7,No,2-Day Shipping,No,No,32,Venmo,Fortnightly,51.97278911564626,67.50510204081634,60.1691280820739,0.0,Platinum,Neutral,Clothing,1
2607,68,Male,Shoes,Footwear,98.0,Nevada,L,Turquoise,Spring,4.7,No,Standard,No,No,46,Bank Transfer,Bi-Weekly,56.73469387755101,92.44557823129252,75.92494137906516,0.0,Platinum,Satisfied,Footwear,1
2608,41,Male,Shoes,Footwear,36.0,Oklahoma,XL,Teal,Spring,3.1,No,Express,No,No,38,PayPal,Every 3 Months,36.87074829931973,39.83673469387755,37.78035709477414,0.0,Bronze,Neutral,Footwear,1
2609,42,Male,Jacket,Outerwear,68.0,Mississippi,L,Orange,Fall,4.2,No,2-Day Shipping,No,No,48,Credit Card,Fortnightly,65.03401360544217,74.63945578231292,70.52568928999831,0.0,Platinum,Satisfied,Outerwear,1
2610,66,Male,Backpack,Accessories,95.0,Arkansas,M,Black,Summer,3.0,No,Store Pickup,No,No,18,Debit Card,Bi-Weekly,33.877551020408156,49.4812925170068,41.45585775670646,0.0,Gold,Neutral,Accessories,1
2611,66,Male,Jeans,Clothing,93.0,West Virginia,M,Violet,Spring,3.1,No,Express,No,No,25,Cash,Quarterly,32.925170068027214,54.74319727891157,43.801475645618225,0.0,Gold,Neutral,Clothing,1
2612,33,Male,Jacket,Outerwear,99.0,Michigan,L,Maroon,Fall,4.2,No,2-Day Shipping,No,No,4,Cash,Fortnightly,29.115646258503403,57.62414965986395,43.4416857416589,0.0,Gold,Satisfied,Outerwear,1
2613,55,Male,Sunglasses,Accessories,22.0,Louisiana,M,Turquoise,Winter,3.8,No,Next Day Air,No,No,27,Venmo,Quarterly,34.5578231292517,35.85374149659864,34.4879296774617,0.0,Bronze,Neutral,Accessories,1
2614,58,Male,Gloves,Accessories,88.0,South Dakota,M,Gold,Fall,2.9,No,Express,No,No,14,Bank Transfer,Monthly,43.94557823129252,42.510204081632644,42.75147689267415,0.0,Gold,At Risk,Accessories,1
2615,18,Male,Jacket,Outerwear,65.0,North Dakota,M,Turquoise,Spring,4.2,No,Express,No,No,36,Bank Transfer,Fortnightly,55.23809523809524,65.22619047619047,60.57966633746871,0.0,Silver,Satisfied,Outerwear,1
2616,49,Male,T-shirt,Clothing,62.0,Arizona,M,Maroon,Fall,3.1,No,2-Day Shipping,No,No,6,Debit Card,Quarterly,17.41496598639456,28.90136054421769,22.18813892227814,0.0,Silver,Neutral,Clothing,1
2617,61,Male,Sandals,Footwear,55.0,Georgia,XL,Purple,Spring,3.6,No,Express,No,No,46,Cash,Annually,36.73469387755102,59.86224489795918,48.45143573362438,0.0,Silver,Neutral,Footwear,1
2618,31,Male,Shorts,Clothing,97.0,Idaho,S,Maroon,Spring,4.8,No,Standard,No,No,29,Bank Transfer,Annually,22.857142857142858,81.79761904761904,53.27597124251812,0.0,Platinum,Satisfied,Clothing,1
2619,70,Male,Handbag,Accessories,77.0,Louisiana,L,Brown,Fall,4.1,No,Express,No,No,12,Venmo,Monthly,42.312925170068034,52.56632653061224,47.32795994927894,0.0,Gold,Satisfied,Accessories,1
2620,68,Male,Pants,Clothing,40.0,Connecticut,L,Indigo,Winter,3.9,No,Free Shipping,No,No,47,Credit Card,Weekly,77.55102040816327,58.29251700680271,68.01779902446722,0.0,Silver,Neutral,Clothing,1
2621,27,Male,Blouse,Clothing,23.0,Ohio,S,Lavender,Winter,3.0,No,Standard,No,No,28,Debit Card,Annually,22.04081632653061,26.28401360544218,23.097456117591044,0.0,Bronze,Neutral,Clothing,1
2622,48,Male,Shoes,Footwear,46.0,Maine,M,Beige,Winter,3.0,No,Express,No,No,21,Bank Transfer,Annually,16.3265306122449,31.105442176870753,22.825906898154987,0.0,Bronze,Neutral,Footwear,1
2623,63,Male,Backpack,Accessories,75.0,New Hampshire,M,Yellow,Spring,4.9,No,2-Day Shipping,No,No,15,Credit Card,Annually,11.428571428571427,64.44047619047619,38.25354843248792,0.0,Gold,Satisfied,Accessories,1
2624,49,Male,Shoes,Footwear,76.0,Massachusetts,M,Gold,Fall,4.8,No,Next Day Air,No,No,38,Cash,Annually,30.20408163265306,79.17006802721087,55.5403604996711,0.0,Platinum,Satisfied,Footwear,1
2625,19,Male,Dress,Clothing,59.0,South Dakota,M,Indigo,Summer,3.3,No,Standard,No,No,19,Credit Card,Annually,14.693877551020407,39.161564625850346,26.329847408748076,0.0,Silver,Neutral,Clothing,1
2626,30,Male,Skirt,Clothing,51.0,Colorado,L,Cyan,Summer,2.7,No,Standard,No,No,31,Credit Card,Weekly,64.48979591836735,35.99149659863946,49.527790175954,0.0,Silver,At Risk,Clothing,1
2627,50,Male,Jacket,Outerwear,46.0,Rhode Island,XL,Silver,Fall,4.2,No,Express,No,No,30,Credit Card,Every 3 Months,30.340136054421762,53.22789115646258,41.69634349553621,0.0,Silver,Satisfied,Outerwear,1
2628,66,Male,Shirt,Clothing,26.0,Missouri,L,Silver,Fall,3.6,No,Next Day Air,No,No,40,Bank Transfer,Quarterly,45.17006802721089,43.69727891156463,44.00031592083416,0.0,Bronze,Neutral,Clothing,1
2629,25,Male,Hoodie,Clothing,51.0,Wyoming,M,Silver,Summer,3.8,No,Next Day Air,No,No,42,Credit Card,Bi-Weekly,53.46938775510204,58.14115646258503,55.89581238620613,0.0,Silver,Neutral,Clothing,1
2630,61,Male,Scarf,Accessories,44.0,New Hampshire,M,Peach,Winter,3.8,No,Free Shipping,No,No,25,Venmo,Annually,19.591836734693878,43.65986394557823,31.19113570313666,0.0,Bronze,Neutral,Accessories,1
2631,29,Male,Skirt,Clothing,82.0,Maine,S,Pink,Spring,4.2,No,Free Shipping,No,No,20,Cash,Quarterly,28.843537414965986,61.425170068027214,45.34400937289714,0.0,Gold,Satisfied,Clothing,1
2632,53,Male,Skirt,Clothing,44.0,Connecticut,S,Violet,Summer,2.7,No,Express,No,No,3,Cash,Weekly,41.63265306122449,14.027210884353744,26.320403286718257,0.0,Bronze,At Risk,Clothing,1
2633,24,Male,Scarf,Accessories,27.0,Alaska,M,Black,Fall,5.0,No,Next Day Air,No,No,14,Cash,Annually,10.612244897959183,45.093537414965986,27.470177681272602,0.0,Bronze,Satisfied,Accessories,1
2634,51,Male,Sunglasses,Accessories,90.0,Alaska,M,Purple,Fall,4.7,No,Next Day Air,No,No,32,Credit Card,Fortnightly,51.97278911564626,79.58843537414964,66.64907263089464,0.0,Platinum,Satisfied,Accessories,1
2635,26,Male,Sandals,Footwear,58.0,North Carolina,S,Black,Summer,3.2,No,Store Pickup,No,No,20,PayPal,Every 3 Months,22.176870748299315,38.091836734693885,29.49767966942719,0.0,Silver,Neutral,Footwear,1
2636,59,Male,Hoodie,Clothing,80.0,Colorado,XL,Peach,Spring,2.9,No,2-Day Shipping,No,No,34,PayPal,Fortnightly,53.60544217687075,52.78231292517006,53.09004575144177,0.0,Gold,At Risk,Clothing,1
2637,41,Male,Jacket,Outerwear,40.0,Utah,S,Magenta,Winter,4.2,No,Store Pickup,No,No,6,Venmo,Annually,4.081632653061225,34.40136054421769,18.47096425714367,0.0,Bronze,Satisfied,Outerwear,1
2638,20,Male,Pants,Clothing,23.0,Alabama,M,Magenta,Spring,3.7,No,Store Pickup,No,No,2,PayPal,Annually,0.8163265306122448,17.930272108843546,8.005339632889074,0.0,Bronze,Neutral,Clothing,1
2639,22,Male,Shirt,Clothing,34.0,Hawaii,S,Black,Spring,4.2,No,Store Pickup,No,No,35,Credit Card,Annually,27.755102040816322,51.62925170068027,39.54652207270372,0.0,Bronze,Satisfied,Clothing,1
2640,18,Male,Blouse,Clothing,35.0,New Hampshire,XL,Pink,Winter,2.6,No,Free Shipping,No,No,33,Debit Card,Quarterly,39.455782312925166,29.35204081632653,33.450233968785874,0.0,Bronze,At Risk,Clothing,1
2641,30,Male,Skirt,Clothing,75.0,Indiana,L,Olive,Summer,4.0,No,Store Pickup,No,No,45,Venmo,Bi-Weekly,55.91836734693878,72.8486394557823,65.00750280959838,0.0,Platinum,Satisfied,Clothing,1
2642,25,Male,Sunglasses,Accessories,60.0,Vermont,XL,Olive,Winter,2.7,No,Next Day Air,No,No,20,Bank Transfer,Every 3 Months,22.176870748299315,32.25850340136054,26.369430576893027,0.0,Silver,At Risk,Accessories,1
2643,39,Male,Belt,Accessories,87.0,Iowa,L,Peach,Summer,4.0,No,Store Pickup,No,No,48,Bank Transfer,Annually,38.36734693877551,79.88945578231292,60.00778013994572,0.0,Platinum,Satisfied,Accessories,1
2644,49,Male,Gloves,Accessories,41.0,Maryland,S,Silver,Spring,2.9,No,Next Day Air,No,No,37,Cash,Monthly,62.72108843537415,38.57312925170067,50.02789186374803,0.0,Bronze,At Risk,Accessories,1
2645,25,Male,Pants,Clothing,83.0,New Mexico,M,Turquoise,Spring,3.3,No,Standard,No,No,4,Bank Transfer,Every 3 Months,9.115646258503402,38.95748299319728,23.4312886455496,0.0,Gold,Neutral,Clothing,1
2646,23,Male,Scarf,Accessories,81.0,Louisiana,L,Olive,Spring,4.0,No,Store Pickup,No,No,24,Bank Transfer,Bi-Weekly,38.775510204081634,61.06292517006801,50.11573423488651,0.0,Gold,Satisfied,Accessories,1
2647,33,Male,T-shirt,Clothing,56.0,New Mexico,S,Lavender,Summer,3.9,No,Next Day Air,No,No,4,Debit Card,Every 3 Months,9.115646258503402,35.70748299319728,21.68840700828057,0.0,Silver,Neutral,Clothing,1
2648,60,Male,Shoes,Footwear,58.0,South Carolina,M,Red,Summer,3.3,No,2-Day Shipping,No,No,25,Debit Card,Annually,19.591836734693878,42.8265306122449,30.74424297563178,0.0,Silver,Neutral,Footwear,1
2649,51,Male,Pants,Clothing,84.0,Illinois,M,Gray,Spring,3.9,No,Next Day Air,No,No,14,PayPal,Bi-Weekly,30.612244897959183,54.17687074829932,42.34130841107579,0.0,Gold,Neutral,Clothing,1
2650,23,Male,Gloves,Accessories,21.0,Minnesota,M,Magenta,Fall,3.9,No,Store Pickup,No,No,14,Bank Transfer,Fortnightly,37.27891156462585,27.926870748299322,31.597520828005422,0.0,Bronze,Neutral,Accessories,1
2651,20,Male,Socks,Clothing,35.0,Oregon,L,Maroon,Summer,4.2,No,Standard,No,No,46,Credit Card,Every 3 Months,43.40136054421768,59.52891156462585,51.60601197595576,0.0,Bronze,Satisfied,Clothing,1
2652,51,Male,Sneakers,Footwear,43.0,Tennessee,M,Cyan,Summer,4.6,No,Store Pickup,No,No,27,PayPal,Quarterly,34.5578231292517,55.270408163265294,44.90053022832539,0.0,Bronze,Satisfied,Footwear,1
2653,23,Female,Shorts,Clothing,20.0,Maryland,L,Cyan,Summer,3.3,No,2-Day Shipping,No,No,46,Credit Card,Monthly,70.06802721088435,41.27891156462585,55.15239457693224,0.0,Bronze,Neutral,Clothing,1
2654,67,Female,Blouse,Clothing,36.0,Wisconsin,L,Lavender,Fall,4.8,No,Express,No,No,24,Venmo,Every 3 Months,25.442176870748302,52.979591836734684,39.11420811142251,0.0,Bronze,Satisfied,Clothing,1
2655,23,Female,Coat,Outerwear,70.0,Idaho,S,Pink,Fall,4.1,No,Next Day Air,No,No,4,PayPal,Annually,2.4489795918367347,44.207482993197274,22.913379495497004,0.0,Gold,Satisfied,Outerwear,1
2656,26,Female,Sunglasses,Accessories,83.0,Wyoming,M,Gray,Summer,3.4,No,Standard,No,No,2,Credit Card,Fortnightly,27.48299319727891,38.930272108843546,32.600369699345364,0.0,Gold,Neutral,Accessories,1
2657,52,Female,Shorts,Clothing,76.0,Indiana,L,Yellow,Winter,3.6,No,Express,No,No,29,Bank Transfer,Fortnightly,49.523809523809526,57.04761904761906,53.336590568956545,0.0,Gold,Neutral,Clothing,1
2658,52,Female,Dress,Clothing,81.0,Texas,M,Pink,Summer,2.7,No,Express,No,No,7,Credit Card,Fortnightly,31.564625850340132,32.164965986394556,31.013146699315953,0.0,Gold,At Risk,Clothing,1
2659,52,Female,Handbag,Accessories,47.0,Ohio,XL,Indigo,Summer,3.2,No,Next Day Air,No,No,39,PayPal,Monthly,64.35374149659864,46.433673469387756,55.05960244849815,0.0,Silver,Neutral,Accessories,1
2660,35,Female,Boots,Footwear,35.0,Kansas,L,Gray,Summer,4.4,No,2-Day Shipping,No,No,46,Credit Card,Fortnightly,63.40136054421768,62.195578231292515,63.036068703971374,0.0,Bronze,Satisfied,Footwear,1
2661,24,Female,Pants,Clothing,85.0,South Carolina,L,Yellow,Spring,4.9,No,Express,No,No,44,Venmo,Annually,35.10204081632653,88.33503401360544,62.90424806808701,0.0,Platinum,Satisfied,Clothing,1
2662,43,Female,Boots,Footwear,96.0,Michigan,XL,Olive,Fall,4.8,No,Express,No,No,20,Bank Transfer,Annually,15.51020408163265,75.25850340136054,46.09576198281146,0.0,Gold,Satisfied,Footwear,1
2663,25,Female,Skirt,Clothing,98.0,Nebraska,M,Cyan,Summer,2.8,No,2-Day Shipping,No,No,44,PayPal,Fortnightly,61.76870748299319,65.7517006802721,64.1267884860381,0.0,Platinum,At Risk,Clothing,1
2664,46,Female,Sneakers,Footwear,52.0,Wisconsin,L,Silver,Fall,2.9,No,Free Shipping,No,No,23,Bank Transfer,Annually,17.959183673469386,33.63265306122448,24.99750402687386,0.0,Silver,At Risk,Footwear,1
2665,22,Female,Jewelry,Accessories,84.0,Illinois,L,Silver,Winter,3.2,No,Store Pickup,No,No,37,PayPal,Weekly,69.3877551020408,60.48979591836735,65.11450393045968,0.0,Platinum,Neutral,Accessories,1
2666,70,Female,T-shirt,Clothing,71.0,Louisiana,L,Red,Winter,3.5,No,Store Pickup,No,No,4,Venmo,Weekly,42.44897959183673,36.624149659863946,38.8466556752026,0.0,Gold,Neutral,Clothing,1
2667,49,Female,Sandals,Footwear,95.0,Ohio,S,Brown,Winter,4.1,No,Store Pickup,No,No,14,Venmo,Fortnightly,37.27891156462585,61.42687074829931,49.562608473701566,0.0,Gold,Satisfied,Footwear,1
2668,48,Female,Boots,Footwear,47.0,Maryland,M,Orange,Summer,4.1,No,Free Shipping,No,No,31,Cash,Fortnightly,51.156462585034014,52.99149659863944,51.97773515038686,0.0,Silver,Satisfied,Footwear,1
2669,59,Female,Coat,Outerwear,75.0,Texas,M,Black,Summer,4.8,No,Next Day Air,No,No,9,PayPal,Quarterly,19.863945578231295,59.02551020408162,39.567344804510626,0.0,Gold,Satisfied,Outerwear,1
2670,39,Female,Belt,Accessories,28.0,Illinois,L,Teal,Spring,2.8,No,Free Shipping,No,No,31,Credit Card,Weekly,64.48979591836735,27.741496598639447,45.1035521736557,0.0,Bronze,At Risk,Accessories,1
2671,30,Female,Sunglasses,Accessories,44.0,Pennsylvania,M,Yellow,Fall,4.7,No,Express,No,No,26,Bank Transfer,Bi-Weekly,40.408163265306115,56.34013605442176,48.39936463431294,0.0,Silver,Satisfied,Accessories,1
2672,37,Female,Sandals,Footwear,64.0,Alabama,XL,Gray,Winter,4.8,No,2-Day Shipping,No,No,41,PayPal,Every 3 Months,39.31972789115646,76.21088435374149,58.511258433293236,0.0,Silver,Satisfied,Footwear,1
2673,56,Female,Boots,Footwear,28.0,West Virginia,M,Maroon,Spring,2.9,No,Standard,No,No,13,Cash,Annually,9.795918367346939,16.82993197278911,11.905054745755073,0.0,Bronze,At Risk,Footwear,1
2674,67,Female,Hoodie,Clothing,21.0,Nevada,M,Olive,Summer,2.6,No,2-Day Shipping,No,No,4,Cash,Monthly,35.782312925170075,3.790816326530613,17.905748878177032,0.0,Bronze,At Risk,Clothing,1
2675,40,Female,Hat,Accessories,41.0,Florida,S,Charcoal,Fall,3.3,No,Express,No,No,15,Cash,Every 3 Months,18.09523809523809,28.940476190476193,22.5492515741134,0.0,Bronze,Neutral,Accessories,1
2676,24,Female,Shorts,Clothing,38.0,Virginia,M,Peach,Winter,3.4,No,Free Shipping,No,No,38,Cash,Bi-Weekly,50.204081632653065,44.67006802721089,47.039001580969106,0.0,Bronze,Neutral,Clothing,1
2677,43,Female,Backpack,Accessories,77.0,Kentucky,M,Maroon,Spring,3.6,No,Free Shipping,No,No,3,Cash,Fortnightly,28.29931972789116,39.77721088435375,33.46272189995236,0.0,Gold,Neutral,Accessories,1
2678,45,Female,Shorts,Clothing,43.0,Connecticut,L,Olive,Spring,3.8,No,Next Day Air,No,No,6,PayPal,Every 3 Months,10.748299319727892,30.318027210884352,19.614523225703095,0.0,Bronze,Neutral,Clothing,1
2679,33,Female,Belt,Accessories,91.0,Montana,M,Magenta,Spring,3.4,No,2-Day Shipping,No,No,34,Credit Card,Bi-Weekly,46.93877551020408,64.03231292517006,55.7897642394243,0.0,Platinum,Neutral,Accessories,1
2680,53,Female,Shorts,Clothing,68.0,Montana,S,Yellow,Spring,3.8,No,Express,No,No,7,Debit Card,Quarterly,18.231292517006807,41.414965986394556,29.306989307953447,0.0,Gold,Neutral,Clothing,1
2681,44,Female,Socks,Clothing,37.0,Nebraska,L,Indigo,Fall,3.3,No,Next Day Air,No,No,21,Venmo,Annually,16.3265306122449,31.355442176870753,22.959974716406453,0.0,Bronze,Neutral,Clothing,1
2682,23,Female,Shoes,Footwear,23.0,Massachusetts,L,Olive,Summer,4.8,No,Standard,No,No,17,Debit Card,Monthly,46.394557823129254,42.80102040816326,44.13192313023197,0.0,Bronze,Satisfied,Footwear,1
2683,59,Female,Sneakers,Footwear,65.0,North Carolina,L,Maroon,Winter,3.9,No,2-Day Shipping,No,No,5,Venmo,Every 3 Months,9.931972789115646,40.13775510204082,24.47239793715855,0.0,Gold,Neutral,Footwear,1
2684,68,Female,Backpack,Accessories,30.0,Montana,M,Indigo,Summer,4.2,No,Next Day Air,No,No,21,Cash,Fortnightly,42.993197278911566,40.43877551020408,41.16443877954297,0.0,Bronze,Satisfied,Accessories,1
2685,46,Female,Dress,Clothing,45.0,Washington,M,Gray,Summer,4.7,No,Free Shipping,No,No,42,Credit Card,Bi-Weekly,53.46938775510204,67.64115646258503,60.99038947976177,0.0,Silver,Satisfied,Clothing,1
2686,56,Female,Boots,Footwear,25.0,Virginia,M,Gray,Winter,2.7,No,Express,No,No,49,Credit Card,Quarterly,52.51700680272109,37.40306122448979,44.298377176965666,0.0,Bronze,At Risk,Footwear,1
2687,40,Female,Socks,Clothing,72.0,Georgia,M,Black,Winter,3.8,No,2-Day Shipping,No,No,33,Cash,Fortnightly,52.7891156462585,60.76870748299319,56.964756462386475,0.0,Platinum,Neutral,Clothing,1
2688,61,Female,Dress,Clothing,75.0,Delaware,M,White,Fall,3.6,No,2-Day Shipping,No,No,12,Debit Card,Bi-Weekly,28.9795918367347,45.06632653061225,36.63925873506837,0.0,Gold,Neutral,Clothing,1
2689,53,Female,Handbag,Accessories,63.0,West Virginia,XL,Turquoise,Spring,2.9,No,2-Day Shipping,No,No,18,Credit Card,Every 3 Months,20.544217687074827,34.81462585034013,26.923879085953907,0.0,Silver,At Risk,Accessories,1
2690,29,Female,Blouse,Clothing,35.0,Wyoming,M,Orange,Fall,3.9,No,Standard,No,No,47,PayPal,Quarterly,50.884353741496604,56.20918367346939,53.5672338723717,0.0,Bronze,Neutral,Clothing,1
2691,44,Female,Belt,Accessories,32.0,New Mexico,L,Yellow,Summer,4.7,No,Free Shipping,No,No,18,Bank Transfer,Weekly,53.877551020408156,45.897959183673464,49.534219028435466,0.0,Bronze,Satisfied,Accessories,1
2692,43,Female,Pants,Clothing,25.0,Nebraska,L,Blue,Winter,3.3,No,2-Day Shipping,No,No,48,Cash,Monthly,71.70068027210885,44.72278911564626,57.81557370590649,0.0,Bronze,Neutral,Clothing,1
2693,40,Female,Sneakers,Footwear,90.0,Washington,XL,Violet,Spring,4.2,No,Free Shipping,No,No,18,Debit Card,Every 3 Months,20.544217687074827,63.39795918367347,42.25229963937127,0.0,Gold,Satisfied,Footwear,1
2694,55,Female,Boots,Footwear,70.0,Hawaii,L,Lavender,Summer,2.6,No,Standard,No,No,46,Cash,Quarterly,50.068027210884345,52.778911564625844,51.31951421649956,0.0,Silver,At Risk,Footwear,1
2695,66,Female,Sunglasses,Accessories,27.0,Louisiana,M,Olive,Spring,4.9,No,Express,No,No,34,Credit Card,Every 3 Months,33.605442176870746,57.3656462585034,45.54795575271861,0.0,Bronze,Satisfied,Accessories,1
2696,50,Female,Hat,Accessories,92.0,Tennessee,M,Orange,Fall,3.6,No,Standard,No,No,10,PayPal,Bi-Weekly,27.346938775510203,50.78911564625852,38.8918996086478,0.0,Gold,Neutral,Accessories,1
2697,57,Female,Coat,Outerwear,20.0,South Dakota,M,White,Spring,4.7,No,Free Shipping,No,No,12,Debit Card,Monthly,42.312925170068034,36.816326530612244,38.88168739943673,0.0,Bronze,Satisfied,Outerwear,1
2698,42,Female,Jacket,Outerwear,52.0,Delaware,L,Red,Winter,3.2,No,Standard,No,No,36,Bank Transfer,Quarterly,41.904761904761905,46.47619047619048,43.85791330194226,0.0,Silver,Neutral,Outerwear,1
2699,55,Female,Hoodie,Clothing,57.0,Virginia,M,Magenta,Summer,3.6,No,Store Pickup,No,No,34,Venmo,Quarterly,40.27210884353742,52.53231292517007,46.28931126652365,0.0,Silver,Neutral,Clothing,1
2700,25,Female,Boots,Footwear,96.0,Utah,M,Violet,Fall,3.6,No,2-Day Shipping,No,No,49,Debit Card,Annually,39.183673469387756,78.98639455782313,59.93165761279249,0.0,Platinum,Neutral,Footwear,1
2701,22,Female,T-shirt,Clothing,68.0,California,XL,Olive,Winter,3.2,No,Standard,No,No,36,Cash,Weekly,68.57142857142857,53.142857142857146,60.76638845531463,0.0,Silver,Neutral,Clothing,1
2702,49,Female,Sweater,Clothing,30.0,Idaho,L,Silver,Summer,2.8,No,Store Pickup,No,No,18,Bank Transfer,Fortnightly,40.54421768707483,19.731292517006796,28.835120718115597,0.0,Bronze,At Risk,Clothing,1
2703,70,Female,Shoes,Footwear,37.0,Texas,L,Gray,Fall,4.0,No,Next Day Air,No,No,39,Debit Card,Fortnightly,57.68707482993196,52.933673469387756,55.21203238970285,0.0,Bronze,Satisfied,Footwear,1
2704,56,Female,Scarf,Accessories,42.0,Tennessee,XL,Olive,Winter,4.4,No,Free Shipping,No,No,34,PayPal,Weekly,66.93877551020408,56.94897959183673,61.991176055632835,0.0,Silver,Satisfied,Accessories,1
2705,52,Female,Dress,Clothing,54.0,Tennessee,L,Beige,Spring,3.4,No,Next Day Air,No,No,35,Debit Card,Weekly,67.75510204081631,49.295918367346935,58.29522243569005,0.0,Silver,Neutral,Clothing,1
2706,65,Female,Jacket,Outerwear,81.0,Washington,S,Turquoise,Spring,5.0,No,Store Pickup,No,No,1,Credit Card,Bi-Weekly,20.0,58.74999999999999,39.48762380752603,0.0,Gold,Satisfied,Outerwear,1
2707,24,Female,Shoes,Footwear,40.0,Alabama,S,Blue,Spring,3.1,No,Express,No,No,48,Debit Card,Quarterly,51.70068027210885,48.30612244897959,49.73721243417747,0.0,Bronze,Neutral,Footwear,1
2708,32,Female,Backpack,Accessories,88.0,Nebraska,M,Pink,Fall,4.2,No,Standard,No,No,19,Cash,Weekly,54.6938775510204,63.244897959183675,59.245047233639085,0.0,Platinum,Satisfied,Accessories,1
2709,57,Female,Dress,Clothing,94.0,Alabama,M,Teal,Summer,3.3,No,Store Pickup,No,No,44,Debit Card,Weekly,75.10204081632652,70.7517006802721,73.47481151773405,0.0,Platinum,Neutral,Clothing,1
2710,35,Female,Shirt,Clothing,54.0,Illinois,S,Cyan,Winter,2.9,No,Standard,No,No,9,Credit Card,Bi-Weekly,26.53061224489796,24.942176870748295,24.622765582894406,0.0,Silver,At Risk,Clothing,1
2711,69,Female,Jacket,Outerwear,51.0,Wisconsin,L,Purple,Summer,4.7,No,Standard,No,No,3,Bank Transfer,Fortnightly,28.29931972789116,43.61054421768708,35.5184284464748,0.0,Silver,Satisfied,Outerwear,1
2712,30,Female,Sunglasses,Accessories,22.0,Nebraska,L,Red,Spring,4.0,No,Standard,No,No,50,Venmo,Monthly,73.33333333333334,54.16666666666667,63.69638047291587,0.0,Bronze,Satisfied,Accessories,1
2713,37,Female,Jacket,Outerwear,95.0,North Dakota,L,Brown,Fall,4.6,No,Standard,No,No,7,Debit Card,Quarterly,18.231292517006807,63.331632653061206,41.06026804133176,0.0,Gold,Satisfied,Outerwear,1
2714,19,Female,Coat,Outerwear,57.0,Mississippi,M,Magenta,Fall,3.8,No,2-Day Shipping,No,No,20,Debit Card,Annually,15.51020408163265,45.67517006802721,30.231070156388252,0.0,Silver,Neutral,Outerwear,1
2715,53,Female,Sweater,Clothing,45.0,Iowa,S,Olive,Winter,3.6,No,Store Pickup,No,No,16,Credit Card,Bi-Weekly,32.244897959183675,35.2874149659864,33.027762442919276,0.0,Bronze,Neutral,Clothing,1
2716,25,Female,Sneakers,Footwear,92.0,Mississippi,XL,Pink,Winter,4.1,No,Express,No,No,29,PayPal,Fortnightly,49.523809523809526,70.38095238095238,60.4868742090346,0.0,Platinum,Satisfied,Footwear,1
2717,47,Female,Shoes,Footwear,40.0,Colorado,L,Black,Spring,2.7,No,Store Pickup,No,No,21,Debit Card,Weekly,56.326530612244895,24.60544217687075,39.34014362361693,0.0,Bronze,At Risk,Footwear,1
2718,18,Female,Sunglasses,Accessories,62.0,Nebraska,XL,Beige,Winter,4.3,No,Free Shipping,No,No,19,Credit Card,Every 3 Months,21.36054421768707,53.74489795918367,37.483803473416785,0.0,Silver,Satisfied,Accessories,1
2719,22,Female,Shorts,Clothing,90.0,Virginia,M,Peach,Winter,4.9,No,Next Day Air,No,No,10,Venmo,Bi-Weekly,27.346938775510203,67.2891156462585,47.74037561324439,0.0,Gold,Satisfied,Clothing,1
2720,69,Female,Hoodie,Clothing,82.0,Louisiana,S,Peach,Fall,4.2,No,Free Shipping,No,No,4,Bank Transfer,Monthly,35.782312925170075,50.540816326530624,42.97643089120077,0.0,Gold,Satisfied,Clothing,1
2721,55,Female,Scarf,Accessories,52.0,Maryland,M,Peach,Spring,2.8,No,Store Pickup,No,No,45,Bank Transfer,Quarterly,49.25170068027211,47.265306122448976,47.954562741865246,0.0,Silver,At Risk,Accessories,1
2722,19,Female,Sandals,Footwear,70.0,Minnesota,S,Teal,Spring,4.9,No,Free Shipping,No,No,17,PayPal,Fortnightly,39.72789115646258,63.71768707482993,52.015597257271104,0.0,Silver,Satisfied,Footwear,1
2723,23,Female,Hat,Accessories,83.0,Maine,M,Green,Spring,2.8,No,2-Day Shipping,No,No,22,PayPal,Fortnightly,43.80952380952381,44.535714285714285,43.769672617419,0.0,Gold,At Risk,Accessories,1
2724,54,Female,Shoes,Footwear,49.0,Texas,XL,Brown,Summer,2.9,No,Store Pickup,No,No,3,PayPal,Every 3 Months,8.299319727891156,18.77721088435374,12.201025166829401,0.0,Bronze,At Risk,Footwear,1
2725,52,Female,Sneakers,Footwear,91.0,Missouri,M,Brown,Spring,2.5,No,Next Day Air,No,No,11,Debit Card,Fortnightly,34.82993197278911,36.3860544217687,34.909448229248824,0.0,Gold,At Risk,Footwear,1
2726,64,Female,Backpack,Accessories,99.0,Mississippi,S,Violet,Summer,2.7,No,Free Shipping,No,No,4,Debit Card,Annually,2.4489795918367347,37.624149659863946,19.38292694820846,0.0,Gold,At Risk,Accessories,1
2727,33,Female,Belt,Accessories,92.0,Michigan,L,Blue,Winter,3.3,No,Free Shipping,No,No,11,PayPal,Bi-Weekly,28.163265306122447,47.46938775510204,37.5197881717304,0.0,Gold,Neutral,Accessories,1
2728,40,Female,Shirt,Clothing,87.0,Colorado,L,Charcoal,Winter,3.7,No,2-Day Shipping,No,No,47,Credit Card,Fortnightly,64.21768707482994,75.2091836734694,70.42305472614963,0.0,Platinum,Neutral,Clothing,1
2729,26,Female,Skirt,Clothing,28.0,Florida,M,Pink,Winter,4.0,No,Express,No,No,17,Debit Card,Weekly,53.06122448979591,34.21768707482993,42.862261370265045,0.0,Bronze,Satisfied,Clothing,1
2730,31,Female,Gloves,Accessories,71.0,Montana,S,Violet,Summer,4.1,No,Free Shipping,No,No,32,Credit Card,Monthly,58.639455782312936,63.67176870748299,61.44675486888478,0.0,Platinum,Satisfied,Accessories,1
2731,23,Female,Gloves,Accessories,32.0,Wisconsin,M,Teal,Winter,4.1,No,Store Pickup,No,No,37,Bank Transfer,Annually,29.387755102040813,50.82312925170067,39.930548291403085,0.0,Bronze,Satisfied,Accessories,1
2732,52,Female,Handbag,Accessories,33.0,Wisconsin,M,Red,Summer,2.5,No,2-Day Shipping,No,No,44,Bank Transfer,Quarterly,48.435374149659864,34.66836734693877,40.79102308343945,0.0,Bronze,At Risk,Accessories,1
2733,21,Female,Socks,Clothing,75.0,Delaware,L,Orange,Winter,4.2,No,Store Pickup,No,No,27,Debit Card,Every 3 Months,27.89115646258503,63.2704081632653,45.857367079038895,0.0,Gold,Satisfied,Clothing,1
2734,31,Female,Backpack,Accessories,83.0,North Carolina,M,Magenta,Summer,4.7,No,Express,No,No,46,PayPal,Annually,36.73469387755102,86.19557823129252,62.57324592277856,0.0,Platinum,Satisfied,Accessories,1
2735,63,Female,Jeans,Clothing,93.0,New York,XL,Yellow,Summer,2.7,No,2-Day Shipping,No,No,13,Cash,Bi-Weekly,29.795918367346943,41.24659863945578,34.99901166164804,0.0,Gold,At Risk,Clothing,1
2736,46,Female,Skirt,Clothing,29.0,California,M,Yellow,Spring,3.0,No,Express,No,No,2,PayPal,Bi-Weekly,20.816326530612244,11.09693877551021,14.340819267349064,0.0,Bronze,Neutral,Clothing,1
2737,44,Female,Hoodie,Clothing,25.0,Montana,M,Pink,Spring,4.8,No,Store Pickup,No,No,45,Credit Card,Annually,35.91836734693877,62.68197278911563,49.55541153403884,0.0,Bronze,Satisfied,Clothing,1
2738,57,Female,Jewelry,Accessories,76.0,North Carolina,S,Indigo,Spring,4.4,No,Free Shipping,No,No,35,Cash,Every 3 Months,34.42176870748298,71.79591836734694,53.69465941165513,0.0,Gold,Satisfied,Accessories,1
2739,50,Female,Sneakers,Footwear,81.0,Ohio,M,Charcoal,Summer,4.3,No,2-Day Shipping,No,No,39,Venmo,Every 3 Months,37.687074829931966,75.26700680272108,57.188757486833616,0.0,Platinum,Satisfied,Footwear,1
2740,33,Female,Shirt,Clothing,80.0,Alaska,XL,Blue,Winter,2.5,No,Store Pickup,No,No,39,Credit Card,Every 3 Months,37.687074829931966,50.85034013605442,44.094800570940656,0.0,Gold,At Risk,Clothing,1
2741,19,Female,Sunglasses,Accessories,70.0,Pennsylvania,M,Lavender,Summer,4.9,No,Free Shipping,No,No,34,Bank Transfer,Fortnightly,53.60544217687075,75.28231292517007,65.15614939407352,0.0,Platinum,Satisfied,Accessories,1
2742,68,Female,Dress,Clothing,81.0,Maine,L,Yellow,Fall,4.9,No,2-Day Shipping,No,No,41,Venmo,Monthly,65.98639455782313,84.62755102040816,76.35820831442585,0.0,Platinum,Satisfied,Clothing,1
2743,27,Female,Shoes,Footwear,86.0,Texas,M,Black,Spring,3.9,No,Free Shipping,No,No,47,Debit Card,Annually,37.55102040816327,77.45918367346938,58.29633175707946,0.0,Platinum,Neutral,Footwear,1
2744,61,Female,Belt,Accessories,94.0,New Jersey,S,Beige,Fall,4.1,No,2-Day Shipping,No,No,17,Venmo,Quarterly,26.39455782312925,63.05102040816326,44.99141640860053,0.0,Gold,Satisfied,Accessories,1
2745,38,Female,Shirt,Clothing,66.0,Wyoming,M,Silver,Winter,3.3,No,Store Pickup,No,No,40,Credit Card,Monthly,65.17006802721087,56.36394557823129,60.79308537890831,0.0,Silver,Neutral,Clothing,1
2746,28,Female,Boots,Footwear,98.0,Michigan,M,Magenta,Summer,4.1,No,Standard,No,No,44,PayPal,Bi-Weekly,55.10204081632652,83.08503401360542,70.08882388480626,0.0,Platinum,Satisfied,Footwear,1
2747,39,Female,Hoodie,Clothing,25.0,Ohio,M,Orange,Fall,3.7,No,Standard,No,No,21,PayPal,Every 3 Months,22.993197278911566,31.68877551020409,26.47206514074174,0.0,Bronze,Neutral,Clothing,1
2748,18,Female,Jeans,Clothing,62.0,West Virginia,M,Teal,Winter,3.1,No,Free Shipping,No,No,21,Credit Card,Every 3 Months,22.993197278911566,39.10544217687075,30.449410415535166,0.0,Silver,Neutral,Clothing,1
2749,24,Female,Jacket,Outerwear,98.0,Virginia,L,Turquoise,Spring,3.0,No,Free Shipping,No,No,16,Venmo,Annually,12.244897959183671,49.37074829931973,30.58024953775173,0.0,Gold,Neutral,Outerwear,1
2750,64,Female,Jacket,Outerwear,53.0,Vermont,M,Cyan,Spring,3.4,No,Standard,No,No,15,Bank Transfer,Annually,11.428571428571427,35.273809523809526,22.612302969817147,0.0,Silver,Neutral,Outerwear,1
2751,51,Female,Sandals,Footwear,66.0,Alaska,L,Pink,Spring,2.7,No,2-Day Shipping,No,No,26,PayPal,Every 3 Months,27.074829931972786,38.84013605442176,32.3479506900438,0.0,Gold,At Risk,Footwear,1
2752,27,Female,Dress,Clothing,52.0,Minnesota,S,Indigo,Fall,3.1,No,Free Shipping,No,No,50,Venmo,Monthly,73.33333333333334,54.66666666666667,63.9645161094188,0.0,Silver,Neutral,Clothing,1
2753,48,Female,Sweater,Clothing,64.0,Colorado,S,Peach,Winter,4.0,No,Free Shipping,No,No,30,Venmo,Bi-Weekly,43.6734693877551,58.06122448979592,50.95498798173118,0.0,Silver,Satisfied,Clothing,1
2754,69,Female,Gloves,Accessories,59.0,Rhode Island,M,Beige,Spring,3.6,No,Next Day Air,No,No,48,PayPal,Quarterly,51.70068027210885,62.88945578231293,57.55783516551285,0.0,Silver,Neutral,Accessories,1
2755,59,Female,Sunglasses,Accessories,61.0,New Jersey,L,Gold,Summer,3.6,No,Free Shipping,No,No,21,Venmo,Bi-Weekly,36.3265306122449,45.35544217687075,40.467772538488425,0.0,Silver,Neutral,Accessories,1
2756,59,Female,Belt,Accessories,97.0,Nevada,M,Indigo,Winter,3.3,No,Store Pickup,No,No,18,Credit Card,Annually,13.877551020408161,54.314625850340136,34.04783557623476,0.0,Gold,Neutral,Accessories,1
2757,42,Female,Hat,Accessories,23.0,Minnesota,L,Violet,Winter,4.1,No,Free Shipping,No,No,41,PayPal,Monthly,65.98639455782313,49.79421768707483,57.67809230472189,0.0,Bronze,Satisfied,Accessories,1
2758,39,Female,Hat,Accessories,98.0,Delaware,XL,Brown,Fall,4.3,No,Next Day Air,No,No,11,Venmo,Monthly,41.49659863945578,63.302721088435376,52.67741666098977,0.0,Platinum,Satisfied,Accessories,1
2759,32,Female,Blouse,Clothing,98.0,Illinois,M,Purple,Summer,3.2,No,Standard,No,No,8,Bank Transfer,Bi-Weekly,25.71428571428572,46.5952380952381,35.826517024919156,0.0,Gold,Neutral,Clothing,1
2760,68,Female,Shoes,Footwear,59.0,Washington,M,Turquoise,Summer,3.9,No,Free Shipping,No,No,42,Cash,Every 3 Months,40.136054421768705,62.807823129251695,51.7317449935668,0.0,Silver,Neutral,Footwear,1
2761,41,Female,Skirt,Clothing,82.0,Alaska,S,Violet,Fall,5.0,No,Next Day Air,No,No,41,Credit Card,Bi-Weekly,52.6530612244898,86.37755102040816,70.63001637551942,0.0,Platinum,Satisfied,Clothing,1
2762,31,Female,Sneakers,Footwear,82.0,Michigan,M,Purple,Fall,3.4,No,Next Day Air,No,No,3,Credit Card,Every 3 Months,8.299319727891156,39.19387755102042,23.149896990698952,0.0,Gold,Neutral,Footwear,1
2763,58,Female,T-shirt,Clothing,41.0,Georgia,M,Charcoal,Fall,3.8,No,Store Pickup,No,No,10,Debit Card,Every 3 Months,14.013605442176868,32.205782312925166,22.25952511862231,0.0,Bronze,Neutral,Clothing,1
2764,28,Female,Handbag,Accessories,52.0,West Virginia,M,Green,Fall,2.9,No,2-Day Shipping,No,No,35,Venmo,Quarterly,41.088435374149654,41.79591836734693,40.93985455481281,0.0,Silver,At Risk,Accessories,1
2765,63,Female,Sweater,Clothing,41.0,Arizona,XL,White,Spring,2.6,No,Next Day Air,No,No,2,Debit Card,Weekly,40.81632653061224,10.763605442176875,24.162062176347106,0.0,Bronze,At Risk,Clothing,1
2766,64,Female,Gloves,Accessories,70.0,Colorado,M,Purple,Summer,4.3,No,2-Day Shipping,No,No,24,Credit Card,Quarterly,32.10884353741497,60.47959183673469,46.46957599229976,0.0,Gold,Satisfied,Accessories,1
2767,66,Female,Dress,Clothing,91.0,Tennessee,M,Cyan,Winter,2.8,No,Standard,No,No,47,Credit Card,Monthly,70.8843537414966,64.87585034013604,68.21491823842243,0.0,Platinum,At Risk,Clothing,1
2768,31,Female,Dress,Clothing,95.0,Iowa,M,Green,Spring,4.5,No,Free Shipping,No,No,31,Cash,Monthly,57.82312925170068,78.32482993197279,68.89660739986854,0.0,Platinum,Satisfied,Clothing,1
2769,55,Female,Blouse,Clothing,25.0,Kansas,M,Beige,Spring,3.8,No,2-Day Shipping,No,No,28,PayPal,Bi-Weekly,42.04081632653061,37.784013605442176,39.26457575715837,0.0,Bronze,Neutral,Clothing,1
2770,32,Female,Shirt,Clothing,89.0,Oklahoma,L,Lavender,Fall,3.0,No,Standard,No,No,13,Cash,Weekly,49.795918367346935,43.57993197278912,46.2503112986617,0.0,Gold,Neutral,Clothing,1
2771,50,Female,Boots,Footwear,44.0,Nebraska,S,Blue,Fall,3.3,No,Express,No,No,22,Bank Transfer,Quarterly,30.476190476190478,34.95238095238095,31.963739584446216,0.0,Bronze,Neutral,Footwear,1
2772,58,Female,Jacket,Outerwear,52.0,Maryland,S,Beige,Summer,3.1,No,2-Day Shipping,No,No,12,Bank Transfer,Fortnightly,35.64625850340136,28.81632653061225,31.258183882056557,0.0,Silver,Neutral,Outerwear,1
2773,18,Female,Backpack,Accessories,94.0,Pennsylvania,L,Blue,Spring,3.5,No,Store Pickup,No,No,10,Bank Transfer,Every 3 Months,14.013605442176868,50.28911564625851,31.957097305478193,0.0,Gold,Neutral,Accessories,1
2774,39,Female,Pants,Clothing,98.0,Arizona,S,Maroon,Spring,4.6,No,Express,No,No,45,Bank Transfer,Quarterly,49.25170068027211,90.43197278911563,71.103606026618,0.0,Platinum,Satisfied,Clothing,1
2775,56,Female,Boots,Footwear,40.0,Oklahoma,L,Yellow,Fall,4.1,No,Standard,No,No,42,Credit Card,Quarterly,46.802721088435376,57.557823129251695,52.249654143619395,0.0,Bronze,Satisfied,Footwear,1
2776,37,Female,Socks,Clothing,25.0,Montana,L,Red,Fall,3.6,No,Free Shipping,No,No,16,Debit Card,Weekly,52.24489795918367,26.954081632653065,38.55883516787048,0.0,Bronze,Neutral,Clothing,1
2777,46,Female,Scarf,Accessories,62.0,Wyoming,L,Green,Fall,2.9,No,Free Shipping,No,No,6,Bank Transfer,Annually,4.081632653061225,26.234693877551013,14.091415527595853,0.0,Gold,At Risk,Accessories,1
2778,52,Female,Blouse,Clothing,24.0,Idaho,M,Magenta,Fall,4.8,No,Standard,No,No,28,Credit Card,Every 3 Months,28.707482993197274,50.70068027210885,39.52474636681734,0.0,Bronze,Satisfied,Clothing,1
2779,70,Female,Belt,Accessories,57.0,Pennsylvania,L,Yellow,Spring,3.2,No,Standard,No,No,24,Credit Card,Bi-Weekly,38.775510204081634,40.39625850340136,39.032794592765505,0.0,Silver,Neutral,Accessories,1
2780,61,Female,Sunglasses,Accessories,66.0,Montana,L,Blue,Winter,4.3,No,Express,No,No,14,Credit Card,Fortnightly,37.27891156462585,52.01020408163265,44.512720652896434,0.0,Silver,Satisfied,Accessories,1
2781,33,Female,Boots,Footwear,70.0,Ohio,M,Charcoal,Winter,4.1,No,Next Day Air,No,No,29,PayPal,Fortnightly,49.523809523809526,61.21428571428571,55.57105420648094,0.0,Silver,Satisfied,Footwear,1
2782,65,Female,Sandals,Footwear,39.0,Mississippi,M,Blue,Spring,4.6,No,Standard,No,No,33,PayPal,Weekly,66.12244897959184,57.68537414965985,61.9779200372851,0.0,Silver,Satisfied,Footwear,1
2783,41,Female,Gloves,Accessories,34.0,Idaho,S,Cyan,Spring,3.8,No,Free Shipping,No,No,30,PayPal,Annually,23.673469387755098,42.89455782312925,32.821540341142374,0.0,Bronze,Neutral,Accessories,1
2784,19,Female,Skirt,Clothing,38.0,Virginia,M,Silver,Spring,4.5,No,Next Day Air,No,No,26,Credit Card,Quarterly,33.74149659863945,51.1734693877551,42.29529639044935,0.0,Bronze,Satisfied,Clothing,1
2785,33,Female,Skirt,Clothing,70.0,Idaho,M,Black,Winter,3.1,No,Express,No,No,12,PayPal,Every 3 Months,15.646258503401361,36.31632653061225,25.280218429600467,0.0,Gold,Neutral,Clothing,1
2786,53,Female,Blouse,Clothing,80.0,Louisiana,S,Green,Summer,2.9,No,Next Day Air,No,No,13,Bank Transfer,Monthly,43.12925170068028,38.496598639455776,40.1909323275486,0.0,Gold,At Risk,Clothing,1
2787,54,Female,Handbag,Accessories,51.0,Colorado,M,Violet,Spring,3.8,No,Next Day Air,No,No,41,Debit Card,Every 3 Months,39.31972789115646,57.46088435374149,48.45617206443345,0.0,Silver,Neutral,Accessories,1
2788,36,Female,Boots,Footwear,79.0,West Virginia,XL,Pink,Spring,4.1,No,Next Day Air,No,No,4,Venmo,Fortnightly,29.115646258503403,47.957482993197274,38.257730102602295,0.0,Gold,Satisfied,Footwear,1
2789,56,Female,Boots,Footwear,92.0,Rhode Island,M,Olive,Summer,3.1,No,Free Shipping,No,No,2,Credit Card,Annually,0.8163265306122448,38.68027210884355,19.13296854776057,0.0,Gold,Neutral,Footwear,1
2790,28,Female,Sweater,Clothing,85.0,North Carolina,L,Orange,Fall,5.0,No,Express,No,No,28,Credit Card,Bi-Weekly,42.04081632653061,78.78401360544217,61.25169795039843,0.0,Platinum,Satisfied,Clothing,1
2791,34,Female,Socks,Clothing,63.0,Maine,M,Black,Spring,4.5,No,Free Shipping,No,No,24,Debit Card,Annually,18.775510204081634,60.229591836734684,39.66884150738163,0.0,Silver,Satisfied,Clothing,1
2792,43,Female,Gloves,Accessories,60.0,Iowa,M,Yellow,Fall,2.8,No,Express,No,No,14,Venmo,Fortnightly,37.27891156462585,29.510204081632647,32.44661701026469,0.0,Silver,At Risk,Accessories,1
2793,54,Female,Shorts,Clothing,44.0,Kentucky,L,Violet,Winter,3.2,No,Express,No,No,11,Credit Card,Weekly,48.16326530612244,26.13605442176872,36.07933434760548,0.0,Bronze,Neutral,Clothing,1
2794,37,Female,Boots,Footwear,57.0,Massachusetts,M,Silver,Spring,3.1,No,Standard,No,No,27,Debit Card,Bi-Weekly,41.224489795918366,41.103741496598644,40.63668719407577,0.0,Silver,Neutral,Footwear,1
2795,33,Female,Jacket,Outerwear,24.0,New York,M,Gold,Fall,3.3,No,Standard,No,No,7,Cash,Fortnightly,31.564625850340132,16.414965986394563,22.566874149473737,0.0,Bronze,Neutral,Outerwear,1
2796,33,Female,Scarf,Accessories,35.0,Nebraska,M,Magenta,Winter,3.4,No,Store Pickup,No,No,49,PayPal,Annually,39.183673469387756,50.90306122448979,44.871372695878044,0.0,Bronze,Neutral,Accessories,1
2797,55,Female,Jacket,Outerwear,73.0,Oklahoma,M,Red,Winter,3.8,No,Store Pickup,No,No,21,Cash,Annually,16.3265306122449,53.02210884353742,34.57918563153331,0.0,Gold,Neutral,Outerwear,1
2798,63,Female,Jewelry,Accessories,42.0,Oklahoma,M,Green,Winter,3.5,No,Express,No,No,10,Venmo,Every 3 Months,14.013605442176868,28.62244897959184,20.337886390351333,0.0,Bronze,Neutral,Accessories,1
2799,52,Female,Hoodie,Clothing,20.0,Rhode Island,XL,Red,Winter,4.8,No,Store Pickup,No,No,37,PayPal,Weekly,69.3877551020408,55.15646258503401,62.25439047442845,0.0,Bronze,Satisfied,Clothing,1
2800,23,Female,T-shirt,Clothing,89.0,Maine,L,Pink,Spring,3.9,No,Free Shipping,No,No,9,Bank Transfer,Every 3 Months,13.197278911564625,52.85884353741497,32.9270052876412,0.0,Gold,Neutral,Clothing,1
2801,70,Female,Shirt,Clothing,76.0,Arkansas,L,Violet,Fall,3.4,No,Free Shipping,No,No,14,Cash,Bi-Weekly,30.612244897959183,44.17687074829932,36.97859568101723,0.0,Gold,Neutral,Clothing,1
2802,64,Female,Shirt,Clothing,56.0,New Mexico,M,Indigo,Winter,2.6,No,Express,No,No,30,PayPal,Annually,23.673469387755098,36.06122448979592,29.157019975602367,0.0,Silver,At Risk,Clothing,1
2803,22,Female,Coat,Outerwear,100.0,Hawaii,L,Red,Fall,3.1,No,Store Pickup,No,No,42,Credit Card,Fortnightly,60.136054421768705,69.22448979591837,65.17281899535436,0.0,Platinum,Neutral,Outerwear,1
2804,46,Female,T-shirt,Clothing,44.0,Idaho,M,Violet,Winter,3.3,No,Free Shipping,No,No,31,Bank Transfer,Monthly,57.82312925170068,41.074829931972786,48.92050248040043,0.0,Silver,Neutral,Clothing,1
2805,65,Female,Hoodie,Clothing,76.0,South Carolina,M,Cyan,Spring,2.8,No,Standard,No,No,48,Bank Transfer,Every 3 Months,45.034013605442176,59.30612244897958,52.302863103908535,0.0,Gold,At Risk,Clothing,1
2806,18,Female,Sunglasses,Accessories,97.0,Nevada,S,Black,Fall,4.3,No,Standard,No,No,48,Cash,Quarterly,51.70068027210885,88.0561224489796,71.05399553616022,0.0,Platinum,Satisfied,Accessories,1
2807,45,Female,Blouse,Clothing,39.0,South Carolina,L,Purple,Spring,2.7,No,Standard,No,No,50,Credit Card,Annually,40.0,43.916666666666664,41.53293325793918,0.0,Bronze,At Risk,Clothing,1
2808,56,Female,Hoodie,Clothing,100.0,Maryland,M,Charcoal,Spring,4.4,No,2-Day Shipping,No,No,10,Debit Card,Fortnightly,34.01360544217687,64.78911564625851,49.73303076406309,0.0,Platinum,Satisfied,Clothing,1
2809,49,Female,Skirt,Clothing,62.0,Tennessee,M,Beige,Spring,3.9,No,Free Shipping,No,No,45,PayPal,Every 3 Months,42.58503401360544,66.0986394557823,54.72100505014218,0.0,Silver,Neutral,Clothing,1
2810,66,Female,Shorts,Clothing,98.0,Arkansas,XL,Teal,Summer,3.0,No,Standard,No,No,27,Debit Card,Quarterly,34.5578231292517,56.853741496598644,45.74962641058467,0.0,Gold,Neutral,Clothing,1
2811,27,Female,Jeans,Clothing,31.0,Arizona,M,Purple,Summer,4.0,No,Standard,No,No,10,Debit Card,Fortnightly,34.01360544217687,30.705782312925166,31.45511820911353,0.0,Bronze,Satisfied,Clothing,1
2812,69,Female,Jacket,Outerwear,89.0,Ohio,M,Blue,Fall,3.7,No,Store Pickup,No,No,19,Credit Card,Quarterly,28.027210884353742,56.994897959183675,42.56001844401916,0.0,Gold,Neutral,Outerwear,1
2813,66,Female,Hoodie,Clothing,91.0,North Dakota,XL,Magenta,Fall,3.8,No,Store Pickup,No,No,1,Credit Card,Every 3 Months,6.666666666666667,46.916666666666664,26.475080410290076,0.0,Gold,Neutral,Clothing,1
2814,45,Female,Shirt,Clothing,50.0,Vermont,S,Maroon,Summer,3.3,No,2-Day Shipping,No,No,39,Debit Card,Quarterly,44.35374149659864,49.017006802721085,46.44496990376326,0.0,Silver,Neutral,Clothing,1
2815,31,Female,T-shirt,Clothing,32.0,Minnesota,L,Gold,Winter,3.6,No,Standard,No,No,14,Bank Transfer,Monthly,43.94557823129252,28.510204081632658,35.24367907059218,0.0,Bronze,Neutral,Clothing,1
2816,33,Female,Blouse,Clothing,67.0,Idaho,L,Black,Fall,3.9,No,Free Shipping,No,No,40,Venmo,Every 3 Months,38.50340136054422,64.78061224489795,51.97336859337427,0.0,Silver,Neutral,Clothing,1
2817,43,Female,Skirt,Clothing,28.0,Maryland,M,Black,Spring,3.5,No,Free Shipping,No,No,45,Venmo,Weekly,75.91836734693878,46.59863945578231,60.930381893194685,0.0,Bronze,Neutral,Clothing,1
2818,25,Female,Backpack,Accessories,65.0,South Carolina,XL,Yellow,Winter,3.4,No,Standard,No,No,6,Venmo,Weekly,44.08163265306122,34.15136054421769,38.33689643889221,0.0,Silver,Neutral,Accessories,1
2819,46,Female,Shorts,Clothing,73.0,California,M,Turquoise,Fall,4.7,No,Next Day Air,No,No,12,Debit Card,Annually,8.979591836734695,58.89965986394559,34.05767801164936,0.0,Gold,Satisfied,Clothing,1
2820,67,Female,Shirt,Clothing,27.0,Georgia,L,Lavender,Spring,3.0,No,Free Shipping,No,No,19,Cash,Monthly,48.02721088435374,21.82823129251701,33.70114534331326,0.0,Bronze,Neutral,Clothing,1
2821,26,Female,Backpack,Accessories,89.0,Vermont,L,Yellow,Summer,3.9,No,Free Shipping,No,No,5,Cash,Bi-Weekly,23.26530612244898,50.13775510204081,36.501777333883766,0.0,Gold,Neutral,Accessories,1
2822,35,Female,Shoes,Footwear,72.0,Georgia,L,Olive,Summer,4.5,No,Standard,No,No,37,Venmo,Monthly,62.72108843537415,72.82312925170066,68.39518296419855,0.0,Platinum,Satisfied,Footwear,1
2823,61,Female,Skirt,Clothing,37.0,New Jersey,S,Brown,Fall,4.1,No,Standard,No,No,33,PayPal,Quarterly,39.455782312925166,50.18537414965986,44.62255215640785,0.0,Bronze,Satisfied,Clothing,1
2824,26,Female,Dress,Clothing,63.0,Utah,M,Olive,Summer,4.5,No,Standard,No,No,47,Debit Card,Bi-Weekly,57.55102040816327,75.87585034013605,67.44723557482018,0.0,Silver,Satisfied,Clothing,1
2825,39,Female,Hat,Accessories,90.0,Utah,M,Purple,Fall,4.0,No,Free Shipping,No,No,49,Debit Card,Quarterly,52.51700680272109,81.81972789115646,68.11775955297573,0.0,Platinum,Satisfied,Accessories,1
2826,69,Female,Handbag,Accessories,62.0,North Carolina,M,Yellow,Winter,4.3,No,2-Day Shipping,No,No,28,Bank Transfer,Annually,22.04081632653061,59.86734693877551,41.10723303603768,0.0,Silver,Satisfied,Accessories,1
2827,32,Female,Handbag,Accessories,43.0,Florida,L,Brown,Fall,3.6,No,Express,No,No,23,Venmo,Annually,17.959183673469386,39.215986394557824,27.991685301156554,0.0,Bronze,Neutral,Accessories,1
2828,20,Female,Blouse,Clothing,96.0,Wisconsin,M,Magenta,Fall,3.1,No,Next Day Air,No,No,11,Bank Transfer,Bi-Weekly,28.163265306122447,46.469387755102055,36.983516898724545,0.0,Gold,Neutral,Clothing,1
2829,25,Female,Scarf,Accessories,83.0,Tennessee,L,Lavender,Fall,2.6,No,Standard,No,No,33,PayPal,Quarterly,39.455782312925166,49.35204081632653,44.175659428902975,0.0,Gold,At Risk,Accessories,1
2830,56,Female,Jewelry,Accessories,67.0,Arizona,XL,Teal,Fall,3.4,No,Next Day Air,No,No,47,Cash,Weekly,77.55102040816327,62.875850340136054,70.47570902574407,0.0,Platinum,Neutral,Accessories,1
2831,63,Female,Skirt,Clothing,90.0,Oregon,L,Cyan,Spring,2.9,No,Store Pickup,No,No,13,Venmo,Every 3 Months,16.462585034013603,42.66326530612244,29.09206263173966,0.0,Gold,At Risk,Clothing,1
2832,34,Female,Hoodie,Clothing,53.0,Virginia,L,Pink,Winter,5.0,No,Express,No,No,4,Credit Card,Weekly,42.44897959183673,49.124149659863946,45.550046587775796,0.0,Silver,Satisfied,Clothing,1
2833,29,Female,Scarf,Accessories,37.0,Maryland,M,Magenta,Summer,4.6,No,Standard,No,No,40,PayPal,Quarterly,45.17006802721089,61.61394557823128,53.608509562189056,0.0,Bronze,Satisfied,Accessories,1
2834,43,Female,Jeans,Clothing,56.0,Arkansas,M,Teal,Fall,3.3,No,Free Shipping,No,No,19,Cash,Monthly,48.02721088435374,37.91156462585034,42.32617498415742,0.0,Silver,Neutral,Clothing,1
2835,39,Female,Jacket,Outerwear,43.0,Texas,M,Indigo,Fall,2.9,No,2-Day Shipping,No,No,17,Credit Card,Weekly,53.06122448979591,25.80102040816326,38.34864482246576,0.0,Bronze,At Risk,Outerwear,1
2836,33,Female,T-shirt,Clothing,84.0,Vermont,S,Pink,Winter,4.9,No,Free Shipping,No,No,7,Venmo,Annually,4.8979591836734695,62.7482993197279,34.080776465411695,0.0,Gold,Satisfied,Clothing,1
2837,51,Female,Pants,Clothing,50.0,Wyoming,M,Charcoal,Winter,5.0,No,2-Day Shipping,No,No,21,Cash,Bi-Weekly,36.3265306122449,59.43877551020408,48.02025963332088,0.0,Silver,Satisfied,Clothing,1
2838,65,Female,Shoes,Footwear,88.0,Alabama,M,Brown,Summer,4.5,No,Express,No,No,44,PayPal,Weekly,75.10204081632652,84.25170068027211,80.7144737033131,0.0,Platinum,Satisfied,Footwear,1
2839,51,Female,Jacket,Outerwear,50.0,Maine,M,Blue,Fall,3.7,No,Free Shipping,No,No,2,Bank Transfer,Weekly,40.81632653061224,29.180272108843543,34.03839145420494,0.0,Silver,Neutral,Outerwear,1
2840,70,Female,Scarf,Accessories,80.0,South Dakota,L,Teal,Summer,2.8,No,Store Pickup,No,No,30,Bank Transfer,Monthly,57.006802721088434,48.727891156462576,52.6164561003432,0.0,Gold,At Risk,Accessories,1
2841,40,Female,T-shirt,Clothing,47.0,West Virginia,L,Pink,Spring,3.5,No,Store Pickup,No,No,41,Cash,Annually,32.6530612244898,51.79421768707483,42.08396818406694,0.0,Silver,Neutral,Clothing,1
2842,19,Female,Dress,Clothing,33.0,Ohio,XL,Magenta,Winter,3.0,No,2-Day Shipping,No,No,31,Cash,Weekly,64.48979591836735,32.49149659863946,47.650840720433514,0.0,Bronze,Neutral,Clothing,1
2843,28,Female,Coat,Outerwear,100.0,Arizona,L,Green,Fall,4.3,No,Standard,No,No,48,Debit Card,Quarterly,51.70068027210885,89.30612244897958,71.72433462741752,0.0,Platinum,Satisfied,Outerwear,1
2844,51,Female,Sweater,Clothing,26.0,Ohio,M,White,Summer,3.6,No,Store Pickup,No,No,41,Venmo,Weekly,72.65306122448979,44.37755102040817,58.10662290927351,0.0,Bronze,Neutral,Clothing,1
2845,32,Female,Hat,Accessories,79.0,New Mexico,M,Indigo,Summer,4.4,No,Standard,No,No,42,Venmo,Annually,33.46938775510204,77.8078231292517,56.4424807553213,0.0,Platinum,Satisfied,Accessories,1
2846,26,Female,Backpack,Accessories,77.0,South Dakota,L,Lavender,Summer,4.1,No,Express,No,No,39,Debit Card,Every 3 Months,37.687074829931966,70.93367346938774,54.86491530380824,0.0,Platinum,Satisfied,Accessories,1
2847,50,Female,Socks,Clothing,36.0,Oklahoma,XL,Black,Fall,2.8,No,Next Day Air,No,No,15,PayPal,Bi-Weekly,31.428571428571427,20.190476190476183,24.52354460197883,0.0,Bronze,At Risk,Clothing,1
2848,68,Female,Jewelry,Accessories,21.0,Connecticut,L,Charcoal,Winter,2.8,No,Free Shipping,No,No,3,PayPal,Every 3 Months,8.299319727891156,5.777210884353738,5.229498617753284,0.0,Bronze,At Risk,Accessories,1
2849,33,Female,Boots,Footwear,72.0,Wisconsin,L,Gray,Fall,4.9,No,Store Pickup,No,No,28,Bank Transfer,Quarterly,35.374149659863946,72.03401360544218,54.298533524275584,0.0,Silver,Satisfied,Footwear,1
2850,56,Female,Coat,Outerwear,25.0,New Hampshire,M,Gold,Spring,4.1,No,Express,No,No,27,PayPal,Bi-Weekly,41.224489795918366,41.10374149659863,40.63668719407577,0.0,Bronze,Satisfied,Outerwear,1
2851,57,Female,Sweater,Clothing,79.0,Nebraska,M,Silver,Spring,3.0,No,Store Pickup,No,No,36,Debit Card,Annually,28.57142857142857,55.05952380952381,41.794241728575855,0.0,Gold,Neutral,Clothing,1
2852,58,Female,Blouse,Clothing,73.0,Nevada,L,Teal,Summer,3.0,No,Store Pickup,No,No,42,Debit Card,Monthly,66.80272108843538,56.64115646258504,61.75807214336403,0.0,Platinum,Neutral,Clothing,1
2853,40,Female,Belt,Accessories,71.0,New York,M,Magenta,Spring,3.0,No,Store Pickup,No,No,30,Venmo,Weekly,63.67346938775509,47.644557823129254,55.36882888792019,0.0,Silver,Neutral,Accessories,1
2854,37,Female,Hat,Accessories,48.0,Pennsylvania,M,Magenta,Winter,3.2,No,Next Day Air,No,No,9,PayPal,Weekly,46.53061224489796,26.442176870748312,35.4271724924032,0.0,Silver,Neutral,Accessories,1
2855,36,Female,Sandals,Footwear,28.0,Delaware,M,Beige,Fall,2.7,No,Store Pickup,No,No,25,Venmo,Monthly,52.925170068027214,22.326530612244902,36.41734854567842,0.0,Bronze,At Risk,Footwear,1
2856,29,Female,Boots,Footwear,95.0,Mississippi,S,Maroon,Winter,3.8,No,2-Day Shipping,No,No,33,PayPal,Quarterly,39.455782312925166,70.35204081632654,55.43735616202594,0.0,Platinum,Neutral,Footwear,1
2857,65,Female,Jacket,Outerwear,48.0,Iowa,M,Indigo,Winter,3.5,No,2-Day Shipping,No,No,31,Credit Card,Monthly,57.82312925170068,45.40816326530612,51.2443446634258,0.0,Silver,Neutral,Outerwear,1
2858,44,Female,Dress,Clothing,93.0,Utah,S,Maroon,Spring,3.8,No,Next Day Air,No,No,35,Debit Card,Monthly,61.088435374149654,70.87925170068027,66.5364107447331,0.0,Platinum,Neutral,Clothing,1
2859,34,Female,Jeans,Clothing,87.0,Maryland,L,Teal,Summer,3.8,No,2-Day Shipping,No,No,46,Bank Transfer,Monthly,70.06802721088435,75.86224489795919,73.69844276838474,0.0,Platinum,Neutral,Clothing,1
2860,31,Female,Shorts,Clothing,32.0,Utah,L,Yellow,Fall,3.4,No,Express,No,No,29,Bank Transfer,Annually,22.857142857142858,36.04761904761905,28.741560502500253,0.0,Bronze,Neutral,Clothing,1
2861,28,Female,Shirt,Clothing,38.0,Rhode Island,M,Gold,Spring,2.9,No,Next Day Air,No,No,49,Bank Transfer,Weekly,79.18367346938776,45.48639455782312,61.96656996709633,0.0,Silver,At Risk,Clothing,1
2862,66,Female,Coat,Outerwear,54.0,Maryland,M,Teal,Fall,3.4,No,Free Shipping,No,No,27,Credit Card,Monthly,54.5578231292517,43.853741496598644,48.778099861508544,0.0,Silver,Neutral,Outerwear,1
2863,68,Female,Coat,Outerwear,75.0,Hawaii,S,Violet,Summer,4.7,No,Store Pickup,No,No,5,Bank Transfer,Every 3 Months,9.931972789115646,54.97108843537415,32.427088486745404,0.0,Gold,Satisfied,Outerwear,1
2864,37,Female,T-shirt,Clothing,56.0,Connecticut,M,Yellow,Fall,3.9,No,2-Day Shipping,No,No,18,Venmo,Monthly,47.2108843537415,45.23129251700681,45.84337151309824,0.0,Silver,Neutral,Clothing,1
2865,58,Female,Sweater,Clothing,43.0,Illinois,S,Maroon,Fall,3.6,No,Store Pickup,No,No,31,Venmo,Weekly,64.48979591836735,44.65816326530612,54.17547454200475,0.0,Silver,Neutral,Clothing,1
2866,28,Female,Skirt,Clothing,97.0,California,M,Silver,Fall,3.7,No,Free Shipping,No,No,27,Cash,Fortnightly,47.89115646258503,65.77040816326532,57.19804526155353,0.0,Platinum,Neutral,Clothing,1
2867,54,Female,Blouse,Clothing,75.0,Connecticut,S,Violet,Summer,3.1,No,Free Shipping,No,No,19,Cash,Annually,14.693877551020407,43.161564625850346,28.474932500771498,0.0,Gold,Neutral,Clothing,1
2868,21,Female,Sneakers,Footwear,55.0,Colorado,L,White,Summer,4.9,No,Next Day Air,No,No,33,Cash,Fortnightly,52.7891156462585,68.35204081632654,61.031480282680896,0.0,Silver,Satisfied,Footwear,1
2869,45,Female,Backpack,Accessories,49.0,Colorado,M,Black,Winter,2.6,No,Next Day Air,No,No,42,PayPal,Every 3 Months,40.136054421768705,41.3078231292517,40.20191262394091,0.0,Silver,At Risk,Accessories,1
2870,57,Female,Socks,Clothing,58.0,Georgia,M,White,Summer,4.2,No,Standard,No,No,16,Bank Transfer,Weekly,52.24489795918367,48.704081632653065,50.222735355747815,0.0,Silver,Satisfied,Clothing,1
2871,47,Female,Jewelry,Accessories,34.0,North Dakota,M,Blue,Winter,4.8,No,Free Shipping,No,No,49,Debit Card,Every 3 Months,45.85034013605442,69.15306122448979,57.99165676156824,0.0,Bronze,Satisfied,Accessories,1
2872,46,Female,Shorts,Clothing,43.0,Idaho,S,Black,Summer,2.7,No,2-Day Shipping,No,No,40,Venmo,Bi-Weekly,51.83673469387755,38.78061224489795,44.6969821618887,0.0,Bronze,At Risk,Clothing,1
2873,63,Female,Jewelry,Accessories,48.0,Connecticut,L,Olive,Fall,2.6,No,Next Day Air,No,No,5,Cash,Annually,3.265306122448979,15.721088435374153,8.045107687932259,0.0,Bronze,At Risk,Accessories,1
2874,44,Female,Sweater,Clothing,40.0,Montana,M,Teal,Spring,2.6,No,Free Shipping,No,No,8,Bank Transfer,Monthly,39.04761904761905,14.428571428571427,25.243124409897476,0.0,Bronze,At Risk,Clothing,1
2875,36,Female,Shirt,Clothing,29.0,Colorado,L,Silver,Summer,3.1,No,Standard,No,No,2,Debit Card,Annually,0.8163265306122448,12.430272108843546,5.055847631356871,0.0,Bronze,Neutral,Clothing,1
2876,24,Female,Pants,Clothing,81.0,Kentucky,M,Pink,Fall,2.6,No,Free Shipping,No,No,14,Debit Card,Weekly,50.61224489795918,35.593537414965986,42.375600587716974,0.0,Gold,At Risk,Clothing,1
2877,65,Female,Hoodie,Clothing,84.0,New Mexico,M,Charcoal,Spring,3.4,No,2-Day Shipping,No,No,5,Bank Transfer,Fortnightly,29.931972789115648,41.38775510204081,35.14273702841587,0.0,Gold,Neutral,Clothing,1
2878,32,Female,Socks,Clothing,46.0,New Jersey,M,Silver,Summer,3.6,No,Standard,No,No,34,Venmo,Monthly,60.27210884353742,47.94897959183674,53.83140126524681,0.0,Silver,Neutral,Clothing,1
2879,63,Female,Dress,Clothing,86.0,California,L,Turquoise,Summer,4.3,No,Next Day Air,No,No,13,Bank Transfer,Annually,9.795918367346939,59.66326530612245,34.875340939505875,0.0,Gold,Satisfied,Clothing,1
2880,62,Female,Blouse,Clothing,57.0,North Dakota,XL,Turquoise,Winter,4.9,No,Free Shipping,No,No,31,Venmo,Annually,24.489795918367342,67.82482993197279,46.599092366640384,0.0,Silver,Satisfied,Clothing,1
2881,19,Female,Skirt,Clothing,61.0,Florida,L,Beige,Winter,4.8,No,Store Pickup,No,No,43,PayPal,Quarterly,47.61904761904762,76.32142857142856,62.720199985581296,0.0,Silver,Satisfied,Clothing,1
2882,38,Female,Backpack,Accessories,90.0,Texas,M,Cyan,Winter,4.2,No,Free Shipping,No,No,6,Bank Transfer,Annually,4.081632653061225,55.234693877551024,29.643282444765656,0.0,Gold,Satisfied,Accessories,1
2883,59,Female,Blouse,Clothing,51.0,Oklahoma,L,Gold,Winter,2.6,No,Store Pickup,No,No,23,Credit Card,Bi-Weekly,37.95918367346939,29.215986394557824,32.62897257109801,0.0,Silver,At Risk,Clothing,1
2884,22,Female,Socks,Clothing,48.0,Rhode Island,XL,Silver,Spring,3.2,No,Standard,No,No,10,PayPal,Weekly,47.3469387755102,27.122448979591844,36.20014614750922,0.0,Silver,Neutral,Clothing,1
2885,55,Female,Boots,Footwear,50.0,Arkansas,M,Purple,Summer,3.4,No,2-Day Shipping,No,No,47,Credit Card,Every 3 Months,44.21768707482993,55.792517006802726,50.01045417528592,0.0,Silver,Neutral,Footwear,1
2886,29,Female,Backpack,Accessories,82.0,Nevada,M,Yellow,Summer,3.5,No,Next Day Air,No,No,14,Credit Card,Bi-Weekly,30.612244897959183,48.01020408163266,39.03430222753968,0.0,Gold,Neutral,Accessories,1
2887,42,Female,Hat,Accessories,33.0,Utah,L,Blue,Spring,4.2,No,Free Shipping,No,No,29,PayPal,Weekly,62.857142857142854,47.13095238095239,54.685233778315144,0.0,Bronze,Satisfied,Accessories,1
2888,23,Female,Sandals,Footwear,28.0,Kentucky,L,Blue,Winter,2.8,No,Express,No,No,12,Cash,Bi-Weekly,28.9795918367347,14.816326530612242,20.417052726641245,0.0,Bronze,At Risk,Footwear,1
2889,70,Female,Hoodie,Clothing,42.0,Wisconsin,L,Green,Spring,5.0,No,2-Day Shipping,No,No,25,Debit Card,Quarterly,32.925170068027214,58.826530612244895,45.99125001039213,0.0,Bronze,Satisfied,Clothing,1
2890,64,Female,Sunglasses,Accessories,43.0,Minnesota,M,Charcoal,Fall,3.3,No,Store Pickup,No,No,21,Venmo,Annually,16.3265306122449,33.855442176870746,24.300652898921086,0.0,Bronze,Neutral,Accessories,1
2891,39,Female,Jeans,Clothing,55.0,North Dakota,M,Violet,Winter,3.7,No,Free Shipping,No,No,23,Credit Card,Monthly,51.292517006802726,45.54931972789116,48.05473669686031,0.0,Silver,Neutral,Clothing,1
2892,47,Female,T-shirt,Clothing,73.0,Ohio,XL,Black,Winter,2.5,No,Free Shipping,No,No,10,PayPal,Monthly,40.68027210884354,28.20578231292517,33.44777335993223,0.0,Gold,At Risk,Clothing,1
2893,22,Female,Dress,Clothing,39.0,Nevada,M,Teal,Spring,3.2,No,Standard,No,No,47,Credit Card,Monthly,70.8843537414966,48.54251700680272,59.45582077932681,0.0,Silver,Neutral,Clothing,1
2894,69,Female,Belt,Accessories,20.0,Kentucky,S,Orange,Spring,3.1,No,Free Shipping,No,No,44,Debit Card,Every 3 Months,41.76870748299319,37.25170068027211,38.843057205371245,0.0,Bronze,Neutral,Accessories,1
2895,35,Female,Jewelry,Accessories,32.0,Kentucky,S,Brown,Spring,3.5,No,Standard,No,No,41,Venmo,Annually,32.6530612244898,45.54421768707483,38.73227272778034,0.0,Bronze,Neutral,Accessories,1
2896,56,Female,Hoodie,Clothing,86.0,Montana,L,Green,Summer,4.6,No,Standard,No,No,29,Bank Transfer,Monthly,56.19047619047619,74.54761904761904,66.05467117989234,0.0,Platinum,Satisfied,Clothing,1
2897,30,Female,Blouse,Clothing,91.0,Delaware,M,Silver,Summer,3.3,No,Free Shipping,No,No,2,Venmo,Every 3 Months,7.482993197278912,40.93027210884353,23.672912245357065,0.0,Gold,Neutral,Clothing,1
2898,43,Female,Jacket,Outerwear,59.0,Montana,L,Violet,Fall,2.5,No,Free Shipping,No,No,2,Cash,Fortnightly,27.48299319727891,16.93027210884354,20.80240169321655,0.0,Silver,At Risk,Outerwear,1
2899,23,Female,Sneakers,Footwear,33.0,New Jersey,XL,Peach,Summer,4.6,No,Express,No,No,29,Credit Card,Annually,22.857142857142858,52.46428571428571,37.54534723434637,0.0,Bronze,Satisfied,Footwear,1
2900,50,Female,Boots,Footwear,64.0,Nebraska,M,Gold,Spring,4.2,No,2-Day Shipping,No,No,22,Bank Transfer,Fortnightly,43.80952380952381,55.285714285714285,49.53458880223194,0.0,Silver,Satisfied,Footwear,1
2901,41,Female,Blouse,Clothing,67.0,Maryland,XL,Violet,Winter,4.0,No,Standard,No,No,23,Cash,Bi-Weekly,37.95918367346939,54.54931972789115,46.214511487246334,0.0,Silver,Satisfied,Clothing,1
2902,41,Female,Blouse,Clothing,43.0,Alabama,L,Olive,Winter,2.6,No,Free Shipping,No,No,46,Credit Card,Quarterly,50.068027210884345,41.52891156462585,45.286462395183705,0.0,Bronze,At Risk,Clothing,1
2903,27,Female,Boots,Footwear,32.0,North Carolina,S,Orange,Spring,4.6,No,Standard,No,No,19,PayPal,Bi-Weekly,34.69387755102041,45.24489795918366,39.59216431953369,0.0,Bronze,Satisfied,Footwear,1
2904,38,Female,Scarf,Accessories,39.0,Delaware,S,Teal,Spring,3.5,No,2-Day Shipping,No,No,24,Credit Card,Every 3 Months,25.442176870748302,36.89625850340136,30.48917847057835,0.0,Bronze,Neutral,Accessories,1
2905,41,Female,Sandals,Footwear,41.0,Iowa,M,Gray,Spring,4.0,No,2-Day Shipping,No,No,43,Venmo,Monthly,67.61904761904762,57.32142857142857,62.53104579847004,0.0,Silver,Satisfied,Footwear,1
2906,58,Female,Sunglasses,Accessories,53.0,New York,L,Black,Winter,4.8,No,Standard,No,No,14,Debit Card,Fortnightly,37.27891156462585,53.26020408163266,45.18305974415375,0.0,Silver,Satisfied,Accessories,1
2907,58,Female,Coat,Outerwear,27.0,Virginia,M,Indigo,Spring,3.9,No,Standard,No,No,7,Venmo,Annually,4.8979591836734695,25.664965986394563,14.194050091444563,0.0,Bronze,Neutral,Outerwear,1
2908,19,Female,Sunglasses,Accessories,82.0,Maryland,XL,Lavender,Summer,3.7,No,Next Day Air,No,No,50,PayPal,Bi-Weekly,60.00000000000001,75.16666666666667,68.29141053937215,0.0,Platinum,Neutral,Accessories,1
2909,43,Female,Blouse,Clothing,87.0,Texas,M,Beige,Winter,3.1,No,Store Pickup,No,No,15,Debit Card,Every 3 Months,18.09523809523809,45.4404761904762,31.39772757871001,0.0,Gold,Neutral,Clothing,1
2910,27,Female,Backpack,Accessories,78.0,Louisiana,M,Indigo,Winter,3.0,No,Next Day Air,No,No,40,Credit Card,Every 3 Months,38.50340136054422,57.3639455782313,47.996023318580846,0.0,Gold,Neutral,Accessories,1
2911,32,Female,Belt,Accessories,32.0,Mississippi,M,Blue,Summer,2.9,No,Store Pickup,No,No,41,Credit Card,Monthly,65.98639455782313,37.54421768707482,51.108769210400176,0.0,Bronze,At Risk,Accessories,1
2912,28,Female,Socks,Clothing,38.0,Ohio,XL,Orange,Fall,2.9,No,Next Day Air,No,No,34,Venmo,Quarterly,40.27210884353742,35.28231292517006,37.03863180717264,0.0,Bronze,At Risk,Clothing,1
2913,48,Female,Shoes,Footwear,37.0,Oregon,M,Yellow,Winter,4.0,No,Standard,No,No,27,Cash,Bi-Weekly,41.224489795918366,44.77040816326531,42.60301519509724,0.0,Bronze,Satisfied,Footwear,1
2914,43,Female,Coat,Outerwear,83.0,Wyoming,L,Cyan,Winter,3.5,No,Express,No,No,12,Cash,Every 3 Months,15.646258503401361,47.06632653061225,31.045134614413406,0.0,Gold,Neutral,Outerwear,1
2915,45,Female,Sweater,Clothing,72.0,Pennsylvania,M,Yellow,Fall,3.8,No,Express,No,No,1,Debit Card,Bi-Weekly,20.0,39.0,28.896266165660396,0.0,Gold,Neutral,Clothing,1
2916,26,Female,Shirt,Clothing,30.0,Oregon,M,Cyan,Fall,4.5,No,Express,No,No,39,Debit Card,Bi-Weekly,51.020408163265294,56.68367346938775,53.88971633014148,0.0,Bronze,Satisfied,Clothing,1
2917,62,Female,Shorts,Clothing,66.0,Oklahoma,M,Green,Winter,2.7,No,Express,No,No,13,Credit Card,Bi-Weekly,29.795918367346943,29.99659863945578,28.965959840332168,0.0,Gold,At Risk,Clothing,1
2918,58,Female,Shirt,Clothing,45.0,Colorado,XL,White,Winter,2.9,No,Store Pickup,No,No,50,Venmo,Annually,40.0,49.08333333333333,44.30366816846943,0.0,Silver,At Risk,Clothing,1
2919,19,Female,Sunglasses,Accessories,73.0,New York,S,Black,Fall,4.9,No,Free Shipping,No,No,36,Cash,Weekly,68.57142857142857,77.89285714285714,74.03910246220956,0.0,Platinum,Satisfied,Accessories,1
2920,64,Female,Shoes,Footwear,67.0,Minnesota,L,Charcoal,Winter,3.8,No,Standard,No,No,31,Debit Card,Monthly,57.82312925170068,57.324829931972786,57.634910666745576,0.0,Silver,Neutral,Footwear,1
2921,33,Female,Sunglasses,Accessories,72.0,Texas,XL,Brown,Spring,4.9,No,Free Shipping,No,No,3,Debit Card,Bi-Weekly,21.63265306122449,55.02721088435375,38.30752547995832,0.0,Gold,Satisfied,Accessories,1
2922,20,Female,Handbag,Accessories,24.0,Wisconsin,M,Cyan,Fall,4.6,No,Standard,No,No,11,Cash,Fortnightly,34.82993197278911,36.469387755102034,34.95413750199931,0.0,Bronze,Satisfied,Accessories,1
2923,45,Female,Sunglasses,Accessories,68.0,Kentucky,L,Beige,Winter,3.5,No,Express,No,No,16,PayPal,Quarterly,25.578231292517007,43.53741496598639,34.118667111884236,0.0,Gold,Neutral,Accessories,1
2924,28,Female,Shirt,Clothing,70.0,Pennsylvania,M,Magenta,Spring,4.2,No,2-Day Shipping,No,No,12,Cash,Quarterly,22.31292517006803,50.982993197278915,36.478863767019675,0.0,Gold,Satisfied,Clothing,1
2925,47,Female,Shirt,Clothing,64.0,Rhode Island,L,Indigo,Winter,3.7,No,Free Shipping,No,No,37,Debit Card,Every 3 Months,36.05442176870748,58.82312925170068,47.55405180878326,0.0,Silver,Neutral,Clothing,1
2926,54,Female,Sweater,Clothing,91.0,Illinois,M,Maroon,Spring,2.8,No,Store Pickup,No,No,43,Credit Card,Every 3 Months,40.95238095238095,62.15476190476189,51.789690284665,0.0,Platinum,At Risk,Clothing,1
2927,64,Female,Handbag,Accessories,82.0,Maryland,M,Gray,Winter,4.8,No,2-Day Shipping,No,No,9,Cash,Weekly,46.53061224489796,61.9421768707483,54.46480268411105,0.0,Platinum,Satisfied,Accessories,1
2928,45,Female,Shirt,Clothing,24.0,Missouri,M,Black,Summer,2.7,No,Express,No,No,15,Venmo,Bi-Weekly,31.428571428571427,13.857142857142858,21.127159872941753,0.0,Bronze,At Risk,Clothing,1
2929,40,Female,Jewelry,Accessories,80.0,Alabama,L,Yellow,Spring,3.6,No,Store Pickup,No,No,17,Credit Card,Weekly,53.06122448979591,50.551020408163275,51.62135882936067,0.0,Gold,Neutral,Accessories,1
2930,31,Female,Socks,Clothing,53.0,Maine,XL,White,Winter,4.5,No,Next Day Air,No,No,42,Venmo,Fortnightly,60.136054421768705,68.3078231292517,64.681236995099,0.0,Silver,Satisfied,Clothing,1
2931,38,Female,T-shirt,Clothing,50.0,Mississippi,M,Orange,Spring,4.0,No,Free Shipping,No,No,14,Venmo,Monthly,43.94557823129252,41.343537414965986,42.12582707416732,0.0,Silver,Satisfied,Clothing,1
2932,36,Female,Jewelry,Accessories,31.0,Alabama,M,Magenta,Fall,4.5,No,2-Day Shipping,No,No,49,Credit Card,Bi-Weekly,59.183673469387756,63.90306122448979,61.84289924495416,0.0,Bronze,Satisfied,Accessories,1
2933,65,Female,Backpack,Accessories,88.0,Alaska,L,Black,Spring,3.9,No,Express,No,No,3,PayPal,Quarterly,14.965986394557826,48.36054421768707,31.399050326585947,0.0,Gold,Neutral,Accessories,1
2934,27,Female,Hat,Accessories,52.0,Illinois,M,Brown,Summer,3.8,No,Standard,No,No,28,Venmo,Monthly,55.374149659863946,49.03401360544217,51.964294245140906,0.0,Silver,Neutral,Accessories,1
2935,38,Female,Gloves,Accessories,22.0,Idaho,M,Orange,Fall,4.7,No,Next Day Air,No,No,41,Bank Transfer,Quarterly,45.98639455782313,57.377551020408156,51.74481612501629,0.0,Bronze,Satisfied,Accessories,1
2936,58,Female,Sneakers,Footwear,27.0,North Carolina,XL,Gray,Spring,4.6,No,Standard,No,No,11,Venmo,Weekly,48.16326530612244,37.71938775510203,42.29114325992329,0.0,Bronze,Satisfied,Footwear,1
2937,31,Female,Skirt,Clothing,34.0,Washington,M,White,Spring,3.6,No,Express,No,No,46,PayPal,Weekly,76.73469387755101,51.11224489795918,63.759062094823136,0.0,Bronze,Neutral,Clothing,1
2938,28,Female,Handbag,Accessories,39.0,West Virginia,M,White,Spring,4.3,No,2-Day Shipping,No,No,15,Credit Card,Weekly,51.42857142857142,41.44047619047619,45.91930915335325,0.0,Bronze,Satisfied,Accessories,1
2939,28,Female,Sunglasses,Accessories,53.0,Maine,M,Violet,Fall,3.0,No,Standard,No,No,15,Cash,Monthly,44.761904761904766,29.940476190476197,36.41885618045259,0.0,Silver,Neutral,Accessories,1
2940,32,Female,Sweater,Clothing,46.0,Kentucky,M,Beige,Winter,4.3,No,Express,No,No,34,Venmo,Weekly,66.93877551020408,57.28231292517007,62.16993314663479,0.0,Silver,Satisfied,Clothing,1
2941,61,Female,Handbag,Accessories,85.0,Massachusetts,L,Beige,Summer,4.8,No,Next Day Air,No,No,13,Cash,Monthly,43.12925170068028,65.91326530612245,54.89370306245913,0.0,Platinum,Satisfied,Accessories,1
2942,38,Female,Skirt,Clothing,86.0,Pennsylvania,L,Purple,Spring,3.7,No,Free Shipping,No,No,27,PayPal,Monthly,54.5578231292517,61.18707482993197,58.07346859361002,0.0,Platinum,Neutral,Clothing,1
2943,54,Female,Socks,Clothing,63.0,Hawaii,M,Brown,Summer,2.6,No,Free Shipping,No,No,37,Bank Transfer,Weekly,69.3877551020408,43.73979591836735,56.13196010761161,0.0,Silver,At Risk,Clothing,1
2944,29,Female,Shirt,Clothing,44.0,Virginia,M,Orange,Spring,3.4,No,Standard,No,No,37,Credit Card,Monthly,62.72108843537415,46.48979591836735,54.27337277504438,0.0,Silver,Neutral,Clothing,1
2945,50,Female,Sneakers,Footwear,95.0,New York,XL,Cyan,Summer,3.9,No,Free Shipping,No,No,4,Venmo,Every 3 Months,9.115646258503402,51.95748299319728,30.40281519462572,0.0,Gold,Neutral,Footwear,1
2946,32,Female,Belt,Accessories,49.0,Delaware,M,Charcoal,Summer,4.8,No,Free Shipping,No,No,1,Credit Card,Every 3 Months,6.666666666666667,42.75,24.240616772765684,0.0,Bronze,Satisfied,Accessories,1
2947,38,Female,Pants,Clothing,77.0,Hawaii,L,Purple,Spring,2.8,No,Free Shipping,No,No,29,Bank Transfer,Quarterly,36.1904761904762,46.797619047619044,41.17314335397986,0.0,Gold,At Risk,Clothing,1
2948,52,Female,Jewelry,Accessories,63.0,Nebraska,L,Peach,Spring,4.4,No,Standard,No,No,50,Venmo,Annually,40.0,76.58333333333334,59.051128176130455,0.0,Silver,Satisfied,Accessories,1
2949,61,Female,Pants,Clothing,83.0,Vermont,M,Violet,Winter,3.1,No,Standard,No,No,38,Debit Card,Bi-Weekly,50.204081632653065,59.420068027210895,54.949002857805475,0.0,Platinum,Neutral,Clothing,1
2950,25,Female,Jewelry,Accessories,93.0,Iowa,M,Peach,Spring,3.8,No,Store Pickup,No,No,15,PayPal,Annually,11.428571428571427,57.273809523809526,34.410270975945956,0.0,Gold,Neutral,Accessories,1
2951,22,Female,Jeans,Clothing,91.0,Iowa,S,Maroon,Winter,4.1,No,2-Day Shipping,No,No,44,Debit Card,Every 3 Months,41.76870748299319,80.16836734693877,61.85803267187252,0.0,Platinum,Satisfied,Clothing,1
2952,47,Female,Scarf,Accessories,99.0,Arkansas,L,Maroon,Fall,4.6,No,Free Shipping,No,No,14,Cash,Weekly,50.61224489795918,69.76020408163264,60.698202415417015,0.0,Platinum,Satisfied,Accessories,1
2953,50,Female,Belt,Accessories,24.0,Alabama,M,Peach,Spring,4.9,No,Next Day Air,No,No,5,Debit Card,Monthly,36.59863945578232,36.38775510204083,35.79471399671994,0.0,Bronze,Satisfied,Accessories,1
2954,45,Female,Dress,Clothing,82.0,Maryland,M,Silver,Summer,4.8,No,Next Day Air,No,No,11,Credit Card,Annually,8.16326530612245,63.302721088435376,36.0107499943231,0.0,Gold,Satisfied,Clothing,1
2955,33,Female,T-shirt,Clothing,28.0,South Dakota,M,Indigo,Winter,3.9,No,Express,No,No,15,Credit Card,Annually,11.428571428571427,31.523809523809522,20.60128569604519,0.0,Bronze,Neutral,Clothing,1
2956,42,Female,Boots,Footwear,67.0,Vermont,M,Silver,Winter,2.6,No,Free Shipping,No,No,46,Credit Card,Annually,36.73469387755102,51.528911564625844,43.98250845857558,0.0,Silver,At Risk,Footwear,1
2957,52,Female,Dress,Clothing,88.0,Montana,M,Olive,Fall,3.7,No,Standard,No,No,30,Venmo,Monthly,57.006802721088434,64.06122448979592,60.83928228643298,0.0,Platinum,Neutral,Clothing,1
2958,69,Female,Jewelry,Accessories,70.0,South Dakota,S,Gray,Fall,4.7,No,Standard,No,No,2,Cash,Annually,0.8163265306122448,50.84693877551021,25.6576023693318,0.0,Gold,Satisfied,Accessories,1
2959,55,Female,Skirt,Clothing,100.0,Ohio,M,Black,Summer,4.5,No,Standard,No,No,28,PayPal,Monthly,55.374149659863946,78.3673469387755,67.69491825331266,0.0,Platinum,Satisfied,Clothing,1
2960,38,Female,Handbag,Accessories,28.0,Texas,L,Maroon,Summer,4.7,No,Free Shipping,No,No,9,PayPal,Quarterly,19.863945578231295,38.10884353741496,28.350337344138165,0.0,Bronze,Satisfied,Accessories,1
2961,57,Female,Coat,Outerwear,48.0,Indiana,S,Olive,Spring,3.6,No,Standard,No,No,47,Credit Card,Weekly,77.55102040816327,57.625850340136054,67.66028484246334,0.0,Silver,Neutral,Outerwear,1
2962,33,Female,Hoodie,Clothing,43.0,New Hampshire,S,Gold,Fall,2.8,No,Free Shipping,No,No,21,Debit Card,Bi-Weekly,36.3265306122449,27.188775510204078,30.72551107888205,0.0,Bronze,At Risk,Clothing,1
2963,57,Female,Pants,Clothing,40.0,California,L,Pink,Fall,4.0,No,Express,No,No,42,Credit Card,Every 3 Months,40.136054421768705,56.224489795918366,48.20129244627825,0.0,Bronze,Satisfied,Clothing,1
2964,52,Female,Boots,Footwear,97.0,Maine,M,Brown,Spring,3.6,No,Free Shipping,No,No,28,Credit Card,Weekly,62.0408163265306,65.11734693877551,63.92265721931841,0.0,Platinum,Neutral,Footwear,1
2965,44,Female,Coat,Outerwear,25.0,Ohio,S,White,Fall,3.8,No,2-Day Shipping,No,No,13,Venmo,Fortnightly,36.46258503401361,27.57993197278911,31.00330426390135,0.0,Bronze,Neutral,Outerwear,1
2966,48,Female,Scarf,Accessories,45.0,Delaware,M,Blue,Summer,4.4,No,Standard,No,No,25,PayPal,Fortnightly,46.25850340136054,52.07653061224491,49.038085584269275,0.0,Silver,Satisfied,Accessories,1
2967,52,Female,Boots,Footwear,49.0,Oklahoma,L,Orange,Fall,2.8,No,Store Pickup,No,No,38,Debit Card,Every 3 Months,36.87074829931973,41.25340136054421,38.54007473153243,0.0,Silver,At Risk,Footwear,1
2968,34,Female,Sneakers,Footwear,36.0,Indiana,L,Silver,Summer,3.4,No,Free Shipping,No,No,40,Venmo,Annually,31.83673469387755,45.197278911564624,38.13805616367627,0.0,Bronze,Neutral,Footwear,1
2969,26,Female,Sweater,Clothing,48.0,South Carolina,S,Gray,Fall,4.9,No,Express,No,No,25,Cash,Every 3 Months,26.258503401360546,59.993197278911566,43.28356649556562,0.0,Silver,Satisfied,Clothing,1
2970,36,Female,Belt,Accessories,62.0,Vermont,S,Blue,Fall,4.3,No,Next Day Air,No,No,20,Cash,Every 3 Months,22.176870748299315,54.42517006802721,38.25677712852281,0.0,Silver,Satisfied,Accessories,1
2971,24,Female,Jewelry,Accessories,74.0,Kansas,M,White,Winter,3.4,No,Free Shipping,No,No,44,Credit Card,Bi-Weekly,55.10204081632652,63.75170068027211,59.720912606693076,0.0,Platinum,Neutral,Accessories,1
2972,30,Female,Handbag,Accessories,100.0,Utah,L,Yellow,Fall,3.9,No,Next Day Air,No,No,9,PayPal,Every 3 Months,13.197278911564625,57.4421768707483,35.38491528891804,0.0,Gold,Neutral,Accessories,1
2973,31,Female,Jacket,Outerwear,39.0,New York,S,Indigo,Fall,4.2,No,Free Shipping,No,No,11,Venmo,Every 3 Months,14.829931972789115,37.38605442176871,25.445719502254686,0.0,Bronze,Satisfied,Outerwear,1
2974,25,Female,Boots,Footwear,65.0,Indiana,M,Blue,Summer,2.7,No,Store Pickup,No,No,3,Bank Transfer,Fortnightly,28.29931972789116,22.777210884353746,24.346110258852825,0.0,Gold,At Risk,Footwear,1
2975,57,Female,Sneakers,Footwear,99.0,Tennessee,XL,Peach,Summer,4.1,No,Store Pickup,No,No,34,Credit Card,Weekly,66.93877551020408,76.69897959183672,72.58253369749846,0.0,Platinum,Satisfied,Footwear,1
2976,61,Female,Scarf,Accessories,68.0,Georgia,XL,Lavender,Winter,4.5,No,2-Day Shipping,No,No,48,Cash,Every 3 Months,45.034013605442176,78.63945578231292,62.67077438202173,0.0,Silver,Satisfied,Accessories,1
2977,30,Female,Coat,Outerwear,97.0,Nebraska,M,Silver,Summer,2.8,No,Express,No,No,28,Cash,Fortnightly,48.707482993197274,54.45068027210883,51.53576364058928,0.0,Platinum,At Risk,Outerwear,1
2978,38,Female,Shorts,Clothing,47.0,Washington,L,Gold,Winter,3.4,No,Standard,No,No,20,Venmo,Annually,15.51020408163265,36.17517006802721,25.13649306283262,0.0,Bronze,Neutral,Clothing,1
2979,53,Female,Shorts,Clothing,56.0,Idaho,S,Cyan,Spring,3.9,No,Free Shipping,No,No,49,Bank Transfer,Fortnightly,65.85034013605441,66.31972789115646,66.47222148805164,0.0,Silver,Neutral,Clothing,1
2980,31,Female,Jeans,Clothing,91.0,Louisiana,L,Olive,Fall,2.6,No,Next Day Air,No,No,14,PayPal,Weekly,50.61224489795918,39.76020408163265,44.61006422524137,0.0,Gold,At Risk,Clothing,1
2981,70,Female,Gloves,Accessories,93.0,New Jersey,L,Teal,Fall,4.4,No,2-Day Shipping,No,No,9,Bank Transfer,Monthly,39.863945578231295,61.19217687074831,50.729265896023335,0.0,Gold,Satisfied,Accessories,1
2982,21,Female,Pants,Clothing,36.0,Delaware,L,Pink,Winter,4.9,No,Standard,No,No,37,Venmo,Annually,29.387755102040813,63.15646258503402,46.544560658475305,0.0,Bronze,Satisfied,Clothing,1
2983,33,Female,Dress,Clothing,45.0,Wisconsin,M,Orange,Summer,3.6,No,Store Pickup,No,No,4,Credit Card,Weekly,42.44897959183673,27.12414965986395,33.752078581646984,0.0,Bronze,Neutral,Clothing,1
2984,60,Female,Pants,Clothing,44.0,West Virginia,M,Charcoal,Winter,2.8,No,2-Day Shipping,No,No,1,Credit Card,Quarterly,13.333333333333336,13.999999999999996,12.156151007180682,0.0,Bronze,At Risk,Clothing,1
2985,45,Female,Gloves,Accessories,32.0,Texas,L,Red,Spring,4.3,No,2-Day Shipping,No,No,36,Debit Card,Bi-Weekly,48.57142857142857,52.8095238095238,50.58763136431268,0.0,Bronze,Satisfied,Accessories,1
2986,46,Female,Belt,Accessories,36.0,Hawaii,S,Teal,Summer,3.0,No,Express,No,No,21,Cash,Bi-Weekly,36.3265306122449,26.93877551020408,30.59144326063059,0.0,Bronze,Neutral,Accessories,1
2987,62,Female,Belt,Accessories,85.0,Arizona,S,Silver,Summer,3.3,No,2-Day Shipping,No,No,16,Credit Card,Monthly,45.57823129251701,47.95408163265306,46.4871985676601,0.0,Gold,Neutral,Accessories,1
2988,63,Female,Skirt,Clothing,36.0,Louisiana,L,Black,Winter,2.5,No,Store Pickup,No,No,42,Cash,Monthly,66.80272108843538,34.557823129251695,49.91541486448472,0.0,Bronze,At Risk,Clothing,1
2989,69,Female,Socks,Clothing,55.0,Nevada,S,Pink,Spring,5.0,No,2-Day Shipping,No,No,31,Debit Card,Monthly,57.82312925170068,68.32482993197277,63.533894669809975,0.0,Silver,Satisfied,Clothing,1
2990,46,Female,Belt,Accessories,20.0,Rhode Island,XL,Teal,Summer,4.3,No,2-Day Shipping,No,No,6,Credit Card,Weekly,44.08163265306122,27.401360544217685,34.717065346102686,0.0,Bronze,Satisfied,Accessories,1
2991,69,Female,Shirt,Clothing,91.0,Illinois,M,Teal,Fall,4.2,No,Free Shipping,No,No,24,Venmo,Monthly,52.10884353741497,67.89625850340136,60.44692126709319,0.0,Platinum,Satisfied,Clothing,1
2992,66,Female,Dress,Clothing,71.0,Utah,L,Green,Summer,3.9,No,Standard,No,No,7,PayPal,Bi-Weekly,24.89795918367347,43.9982993197279,34.025690096551905,0.0,Gold,Neutral,Clothing,1
2993,41,Female,Socks,Clothing,64.0,North Dakota,M,Charcoal,Spring,3.9,No,Store Pickup,No,No,25,Venmo,Weekly,59.591836734693885,53.326530612244895,56.37509134219325,0.0,Silver,Neutral,Clothing,1
2994,32,Female,Jacket,Outerwear,21.0,Kansas,L,Indigo,Spring,4.2,No,Free Shipping,No,No,18,Cash,Bi-Weekly,33.877551020408156,34.64795918367347,33.5011672071196,0.0,Bronze,Satisfied,Outerwear,1
2995,69,Female,Sweater,Clothing,100.0,Nevada,S,White,Winter,3.5,No,Store Pickup,No,No,14,Bank Transfer,Quarterly,23.94557823129252,55.51020408163265,39.72300344175026,0.0,Gold,Neutral,Clothing,1
2996,29,Female,Jeans,Clothing,96.0,Virginia,M,Orange,Summer,2.5,No,Standard,No,No,42,Debit Card,Bi-Weekly,53.46938775510204,59.55782312925171,56.65553002296444,0.0,Platinum,At Risk,Clothing,1
2997,70,Female,Jewelry,Accessories,91.0,Utah,M,White,Spring,2.9,No,Express,No,No,6,Venmo,Every 3 Months,10.748299319727892,38.318027210884345,23.90469340974993,0.0,Gold,At Risk,Accessories,1
2998,41,Female,Sweater,Clothing,40.0,Idaho,S,Yellow,Spring,2.7,No,Next Day Air,No,No,14,Venmo,Every 3 Months,17.278911564625847,19.843537414965986,17.262661371208093,0.0,Bronze,At Risk,Clothing,1
2999,31,Female,Hoodie,Clothing,53.0,Alaska,M,Red,Summer,4.7,No,Express,No,No,30,Debit Card,Quarterly,37.006802721088434,62.81122448979591,50.16894319517565,0.0,Silver,Satisfied,Clothing,1
3000,31,Female,Sunglasses,Accessories,48.0,New Hampshire,S,Charcoal,Winter,3.8,No,Standard,No,No,10,Cash,Monthly,40.68027210884354,35.12244897959184,37.15698299822272,0.0,Silver,Neutral,Accessories,1
3001,57,Female,Sandals,Footwear,70.0,Ohio,M,Lavender,Winter,3.7,No,Express,No,No,7,PayPal,Weekly,44.897959183673464,40.914965986394556,42.37218700478385,0.0,Gold,Neutral,Footwear,1
3002,29,Female,Coat,Outerwear,29.0,Montana,L,Charcoal,Summer,4.7,No,Express,No,No,28,Credit Card,Quarterly,35.374149659863946,51.45068027210884,43.26028315490507,0.0,Bronze,Satisfied,Outerwear,1
3003,70,Female,Belt,Accessories,29.0,Louisiana,M,Maroon,Fall,3.6,No,Next Day Air,No,No,19,Bank Transfer,Quarterly,28.027210884353742,30.661564625850346,28.43820825486497,0.0,Bronze,Neutral,Accessories,1
3004,51,Female,Blouse,Clothing,53.0,Oregon,M,Brown,Fall,2.8,No,Express,No,No,13,Credit Card,Every 3 Months,16.462585034013603,25.913265306122447,20.10951880889159,0.0,Bronze,At Risk,Clothing,1
3005,45,Female,Skirt,Clothing,79.0,Arizona,M,Lavender,Winter,3.7,No,Store Pickup,No,No,23,Venmo,Fortnightly,44.625850340136054,55.54931972789115,50.08411609358552,0.0,Gold,Neutral,Clothing,1
3006,18,Female,Shorts,Clothing,65.0,Alaska,XL,Brown,Spring,3.5,No,Express,No,No,5,Venmo,Weekly,43.265306122448976,34.804421768707485,38.278951147794,0.0,Silver,Neutral,Clothing,1
3007,37,Female,Dress,Clothing,99.0,Utah,M,Olive,Summer,3.7,No,Store Pickup,No,No,17,Venmo,Bi-Weekly,33.06122448979592,59.80102040816326,46.581868104664835,0.0,Gold,Neutral,Clothing,1
3008,23,Female,Sunglasses,Accessories,60.0,New York,L,Lavender,Winter,3.0,No,Next Day Air,No,No,31,Venmo,Weekly,64.48979591836735,43.74149659863946,53.68389254174939,0.0,Silver,Neutral,Accessories,1
3009,39,Female,Shoes,Footwear,86.0,New Mexico,M,Gold,Winter,4.9,No,Free Shipping,No,No,19,PayPal,Weekly,54.6938775510204,71.74489795918367,63.80335305418885,0.0,Platinum,Satisfied,Footwear,1
3010,62,Female,Belt,Accessories,73.0,Louisiana,M,Silver,Winter,4.6,No,Free Shipping,No,No,8,Venmo,Fortnightly,32.38095238095238,54.84523809523809,43.58408836055079,0.0,Gold,Satisfied,Accessories,1
3011,70,Female,Belt,Accessories,45.0,Ohio,M,Violet,Winter,3.3,No,Free Shipping,No,No,15,Credit Card,Annually,11.428571428571427,30.607142857142854,20.109703695789822,0.0,Bronze,Neutral,Accessories,1
3012,20,Female,Belt,Accessories,70.0,Nevada,S,Brown,Summer,3.0,No,Next Day Air,No,No,18,Credit Card,Every 3 Months,20.544217687074827,39.064625850340136,29.203031996228802,0.0,Gold,Neutral,Accessories,1
3013,42,Female,Belt,Accessories,65.0,Idaho,M,Teal,Fall,3.5,No,Standard,No,No,16,PayPal,Annually,12.244897959183671,42.2874149659864,26.781661353960256,0.0,Gold,Neutral,Accessories,1
3014,41,Female,Skirt,Clothing,55.0,Arizona,L,Peach,Summer,4.2,No,Store Pickup,No,No,13,Cash,Monthly,43.12925170068028,45.413265306122454,43.900141965839104,0.0,Silver,Satisfied,Clothing,1
3015,24,Female,T-shirt,Clothing,65.0,Utah,M,Maroon,Spring,4.5,No,Express,No,No,38,PayPal,Every 3 Months,36.87074829931973,70.58673469387755,54.27069873970418,0.0,Silver,Satisfied,Clothing,1
3016,37,Female,Scarf,Accessories,21.0,Wyoming,XL,Lavender,Spring,2.8,No,Express,No,No,27,Bank Transfer,Bi-Weekly,41.224489795918366,22.103741496598634,30.447533006964523,0.0,Bronze,At Risk,Accessories,1
3017,30,Female,Blouse,Clothing,26.0,Indiana,L,Lavender,Summer,4.9,No,Store Pickup,No,No,31,Bank Transfer,Quarterly,37.823129251700685,54.90816326530612,46.338921756981435,0.0,Bronze,Satisfied,Clothing,1
3018,58,Female,Sunglasses,Accessories,71.0,Wisconsin,S,Purple,Summer,3.3,No,Next Day Air,No,No,24,Cash,Bi-Weekly,38.775510204081634,47.56292517006803,42.87607204930747,0.0,Gold,Neutral,Accessories,1
3019,43,Female,Boots,Footwear,41.0,Texas,M,Green,Summer,3.0,No,Free Shipping,No,No,21,Debit Card,Bi-Weekly,36.3265306122449,29.02210884353742,31.70867507939279,0.0,Bronze,Neutral,Footwear,1
3020,19,Female,Jacket,Outerwear,44.0,Utah,M,Yellow,Winter,3.9,No,2-Day Shipping,No,No,15,PayPal,Annually,11.428571428571427,38.19047619047618,24.17642751608422,0.0,Bronze,Neutral,Outerwear,1
3021,23,Female,Jeans,Clothing,81.0,Arkansas,S,Charcoal,Fall,2.8,No,Store Pickup,No,No,48,Venmo,Every 3 Months,45.034013605442176,61.38945578231291,53.42009492267073,0.0,Platinum,At Risk,Clothing,1
3022,65,Female,Sunglasses,Accessories,77.0,Pennsylvania,S,Blue,Summer,4.5,No,2-Day Shipping,No,No,47,Cash,Quarterly,50.884353741496604,81.70918367346938,67.242151334021,0.0,Platinum,Satisfied,Accessories,1
3023,58,Female,Sandals,Footwear,26.0,Georgia,M,Lavender,Fall,4.0,No,Free Shipping,No,No,23,PayPal,Weekly,57.95918367346938,37.465986394557824,47.053210573396306,0.0,Bronze,Satisfied,Footwear,1
3024,50,Female,Backpack,Accessories,31.0,Indiana,M,Brown,Summer,2.9,No,Express,No,No,4,PayPal,Quarterly,15.782312925170071,11.957482993197276,12.285297607724846,0.0,Bronze,At Risk,Accessories,1
3025,67,Female,Blouse,Clothing,82.0,Idaho,S,White,Spring,4.0,No,Free Shipping,No,No,47,Credit Card,Every 3 Months,44.21768707482993,77.12585034013605,61.45090799941083,0.0,Platinum,Satisfied,Clothing,1
3026,40,Female,Shoes,Footwear,60.0,Montana,XL,Green,Summer,3.4,No,Store Pickup,No,No,7,PayPal,Monthly,38.23129251700681,32.74829931972789,34.659304941902704,0.0,Silver,Neutral,Footwear,1
3027,55,Female,Shirt,Clothing,70.0,Tennessee,L,Magenta,Fall,2.5,No,Free Shipping,No,No,6,Credit Card,Annually,4.081632653061225,24.234693877551017,13.018872981584146,0.0,Gold,At Risk,Clothing,1
3028,52,Female,Hoodie,Clothing,26.0,West Virginia,XL,Peach,Winter,2.8,No,2-Day Shipping,No,No,47,Credit Card,Quarterly,50.884353741496604,37.79251700680272,43.69090459451387,0.0,Bronze,At Risk,Clothing,1
3029,62,Female,Dress,Clothing,100.0,California,L,Charcoal,Summer,3.0,No,Free Shipping,No,No,7,PayPal,Every 3 Months,11.564625850340136,44.08163265306123,27.403712702635723,0.0,Gold,Neutral,Clothing,1
3030,64,Female,Dress,Clothing,82.0,Georgia,M,Gold,Summer,3.1,No,Free Shipping,No,No,1,Debit Card,Quarterly,13.333333333333336,33.83333333333334,22.792197921796813,0.0,Gold,Neutral,Clothing,1
3031,43,Female,Sneakers,Footwear,24.0,Maryland,XL,Purple,Spring,2.6,No,2-Day Shipping,No,No,23,Credit Card,Weekly,57.95918367346938,17.965986394557824,36.59592074978214,0.0,Bronze,At Risk,Footwear,1
3032,61,Female,Blouse,Clothing,74.0,Idaho,L,Teal,Summer,4.9,No,2-Day Shipping,No,No,30,Credit Card,Monthly,57.006802721088434,74.22789115646259,66.2913735619925,0.0,Platinum,Satisfied,Clothing,1
3033,26,Female,Backpack,Accessories,58.0,California,XL,Green,Summer,3.5,No,Next Day Air,No,No,24,Credit Card,Quarterly,32.10884353741497,44.81292517006803,38.067992715208035,0.0,Silver,Neutral,Accessories,1
3034,22,Female,Sweater,Clothing,56.0,Alabama,L,Orange,Spring,2.6,No,Store Pickup,No,No,9,PayPal,Weekly,46.53061224489796,21.775510204081634,32.924573218375876,0.0,Silver,At Risk,Clothing,1
3035,51,Female,Boots,Footwear,37.0,Utah,L,Peach,Spring,3.5,No,2-Day Shipping,No,No,25,Credit Card,Quarterly,32.925170068027214,36.743197278911566,34.14859273151283,0.0,Bronze,Neutral,Footwear,1
3036,69,Female,Handbag,Accessories,64.0,Kentucky,M,Gold,Spring,4.5,No,Free Shipping,No,No,18,Cash,Bi-Weekly,33.877551020408156,56.564625850340136,45.25444594049793,0.0,Silver,Satisfied,Accessories,1
3037,50,Female,Hoodie,Clothing,58.0,Vermont,S,Violet,Spring,4.3,No,Next Day Air,No,No,7,Venmo,Fortnightly,31.564625850340132,43.91496598639456,37.31433415713475,0.0,Silver,Satisfied,Clothing,1
3038,51,Female,Belt,Accessories,44.0,Iowa,L,Charcoal,Summer,4.8,No,Next Day Air,No,No,2,Cash,Annually,0.8163265306122448,41.3469387755102,20.563025275776177,0.0,Bronze,Satisfied,Accessories,1
3039,56,Female,Jewelry,Accessories,39.0,Georgia,M,Brown,Summer,4.2,No,Free Shipping,No,No,36,Debit Card,Annually,28.57142857142857,54.392857142857146,41.43672754657195,0.0,Bronze,Satisfied,Accessories,1
3040,59,Female,Blouse,Clothing,48.0,Alabama,L,Blue,Spring,3.2,No,Next Day Air,No,No,31,PayPal,Bi-Weekly,44.48979591836735,41.40816326530613,42.43259290473572,0.0,Silver,Neutral,Clothing,1
3041,18,Female,Handbag,Accessories,32.0,Nebraska,M,Gold,Fall,4.1,No,Express,No,No,10,Cash,Fortnightly,34.01360544217687,32.455782312925166,32.39359293687377,0.0,Bronze,Satisfied,Accessories,1
3042,48,Female,Handbag,Accessories,79.0,Rhode Island,M,Orange,Winter,4.0,No,Express,No,No,27,PayPal,Monthly,54.5578231292517,62.2704081632653,58.65442913936637,0.0,Platinum,Satisfied,Accessories,1
3043,53,Female,Coat,Outerwear,27.0,South Dakota,L,Turquoise,Winter,2.9,No,Next Day Air,No,No,14,PayPal,Every 3 Months,17.278911564625847,17.093537414965983,15.78791537044199,0.0,Bronze,At Risk,Outerwear,1
3044,45,Female,Belt,Accessories,98.0,Illinois,S,Peach,Fall,2.6,No,Store Pickup,No,No,17,Credit Card,Monthly,46.394557823129254,44.71768707482993,45.15977640349319,0.0,Gold,At Risk,Accessories,1
3045,21,Female,Boots,Footwear,67.0,North Carolina,M,Magenta,Winter,2.7,No,Free Shipping,No,No,10,Bank Transfer,Quarterly,20.68027210884354,28.372448979591837,23.537151905433202,0.0,Gold,At Risk,Footwear,1
3046,42,Female,Socks,Clothing,37.0,Florida,L,Black,Winter,4.6,No,2-Day Shipping,No,No,4,PayPal,Bi-Weekly,22.44897959183674,37.12414965986394,29.114791311705527,0.0,Bronze,Satisfied,Clothing,1
3047,60,Female,Shoes,Footwear,49.0,Pennsylvania,M,White,Spring,3.2,No,Store Pickup,No,No,25,Cash,Every 3 Months,26.258503401360546,37.743197278911566,31.351530671185344,0.0,Silver,Neutral,Footwear,1
3048,21,Female,Sneakers,Footwear,74.0,Vermont,M,Violet,Fall,4.1,No,2-Day Shipping,No,No,3,PayPal,Bi-Weekly,21.63265306122449,45.1938775510204,33.03419129540074,0.0,Gold,Satisfied,Footwear,1
3049,69,Female,Jewelry,Accessories,93.0,Colorado,M,Olive,Summer,3.9,No,Standard,No,No,47,Venmo,Fortnightly,64.21768707482994,80.37585034013604,73.19378963667987,0.0,Platinum,Neutral,Accessories,1
3050,40,Female,Handbag,Accessories,60.0,Utah,L,Red,Summer,3.0,No,Next Day Air,No,No,41,Bank Transfer,Bi-Weekly,52.6530612244898,50.544217687074834,51.41362909280962,0.0,Silver,Neutral,Accessories,1
3051,31,Female,Coat,Outerwear,76.0,Kentucky,S,Green,Spring,3.6,No,Standard,No,No,28,Venmo,Every 3 Months,28.707482993197274,56.36734693877552,42.563616913850524,0.0,Gold,Neutral,Outerwear,1
3052,44,Female,Sunglasses,Accessories,64.0,Wyoming,L,Gold,Summer,4.6,No,Express,No,No,49,Debit Card,Every 3 Months,45.85034013605442,78.98639455782312,63.264990946125806,0.0,Silver,Satisfied,Accessories,1
3053,48,Female,Shoes,Footwear,38.0,Maine,XL,Olive,Spring,4.5,No,Store Pickup,No,No,7,Bank Transfer,Fortnightly,31.564625850340132,38.24829931972789,34.27546361010157,0.0,Bronze,Satisfied,Footwear,1
3054,32,Female,Shoes,Footwear,91.0,Maine,L,Brown,Winter,3.2,No,Next Day Air,No,No,22,Bank Transfer,Monthly,50.476190476190474,53.20238095238095,51.75069031680307,0.0,Platinum,Neutral,Footwear,1
3055,42,Female,Boots,Footwear,70.0,New Hampshire,S,Magenta,Summer,4.9,No,2-Day Shipping,No,No,34,Venmo,Monthly,60.27210884353742,75.28231292517007,68.48948272740685,0.0,Platinum,Satisfied,Footwear,1
3056,27,Female,Sandals,Footwear,22.0,Kansas,M,Violet,Fall,5.0,No,Standard,No,No,5,Debit Card,Bi-Weekly,23.26530612244898,36.88775510204081,29.39618296655619,0.0,Bronze,Satisfied,Footwear,1
3057,69,Female,Gloves,Accessories,59.0,New Jersey,M,Beige,Spring,3.8,No,Standard,No,No,15,Cash,Bi-Weekly,31.428571428571427,43.107142857142854,36.81309460836301,0.0,Silver,Neutral,Accessories,1
3058,67,Female,Backpack,Accessories,22.0,North Carolina,M,Blue,Spring,3.4,No,Next Day Air,No,No,26,Bank Transfer,Weekly,60.408163265306115,29.840136054421766,44.18817589965778,0.0,Bronze,Neutral,Accessories,1
3059,41,Female,Handbag,Accessories,74.0,West Virginia,S,Orange,Winter,3.8,No,Store Pickup,No,No,3,Bank Transfer,Fortnightly,28.29931972789116,41.19387755102041,34.22243953671065,0.0,Gold,Neutral,Accessories,1
3060,46,Female,Sweater,Clothing,71.0,Kentucky,L,Maroon,Spring,3.2,No,Express,No,No,42,Credit Card,Quarterly,46.802721088435376,58.47448979591837,52.74123614387476,0.0,Silver,Neutral,Clothing,1
3061,47,Female,Coat,Outerwear,80.0,California,S,Charcoal,Summer,4.7,No,Store Pickup,No,No,1,Venmo,Monthly,33.333333333333336,54.333333333333336,43.78575901841684,0.0,Gold,Satisfied,Outerwear,1
3062,33,Female,T-shirt,Clothing,59.0,South Dakota,L,Olive,Fall,4.5,No,Express,No,No,20,PayPal,Every 3 Months,22.176870748299315,55.84183673469387,39.01649476528111,0.0,Silver,Satisfied,Clothing,1
3063,51,Female,Backpack,Accessories,96.0,California,L,Green,Fall,3.3,No,Standard,No,No,39,PayPal,Monthly,64.35374149659864,68.18367346938776,66.7235026363755,0.0,Platinum,Neutral,Accessories,1
3064,26,Female,Sunglasses,Accessories,43.0,Connecticut,L,Brown,Winter,3.9,No,Store Pickup,No,No,24,Credit Card,Fortnightly,45.4421768707483,43.896258503401356,44.24307738161934,0.0,Bronze,Neutral,Accessories,1
3065,22,Female,Belt,Accessories,76.0,Idaho,S,Cyan,Winter,3.6,No,Express,No,No,49,Bank Transfer,Quarterly,52.51700680272109,70.6530612244898,62.12939700441036,0.0,Platinum,Neutral,Accessories,1
3066,49,Female,Jacket,Outerwear,59.0,North Dakota,M,Beige,Fall,2.8,No,Store Pickup,No,No,7,Venmo,Bi-Weekly,24.89795918367347,24.33163265306122,23.479021727436752,0.0,Silver,At Risk,Outerwear,1
3067,58,Female,Skirt,Clothing,48.0,Michigan,L,Teal,Summer,4.3,No,Free Shipping,No,No,13,Venmo,Every 3 Months,16.462585034013603,43.82993197278912,29.7177124502465,0.0,Bronze,Satisfied,Clothing,1
3068,70,Female,Belt,Accessories,22.0,Missouri,S,Gray,Spring,3.5,No,Free Shipping,No,No,2,Cash,Weekly,40.81632653061224,14.846938775510207,26.351836541121017,0.0,Bronze,Neutral,Accessories,1
3069,32,Female,Boots,Footwear,40.0,California,M,Indigo,Winter,4.2,No,Express,No,No,4,Debit Card,Weekly,42.44897959183673,33.04081632653062,36.92501694693162,0.0,Bronze,Satisfied,Footwear,1
3070,62,Female,Jeans,Clothing,73.0,Delaware,L,Magenta,Spring,4.6,No,Express,No,No,17,Debit Card,Quarterly,26.39455782312925,60.967687074829925,43.874184589838336,0.0,Gold,Satisfied,Clothing,1
3071,52,Female,Shoes,Footwear,26.0,Alabama,XL,Red,Fall,2.6,No,Free Shipping,No,No,43,PayPal,Bi-Weekly,54.28571428571429,32.404761904761905,42.502286579407496,0.0,Bronze,At Risk,Footwear,1
3072,23,Female,Sweater,Clothing,41.0,New Hampshire,L,Turquoise,Spring,3.4,No,Next Day Air,No,No,6,PayPal,Monthly,37.41496598639456,24.15136054421769,29.64085037550033,0.0,Bronze,Neutral,Clothing,1
3073,26,Female,Jewelry,Accessories,98.0,New York,L,Peach,Spring,3.1,No,Standard,No,No,46,PayPal,Quarterly,50.068027210884345,71.11224489795919,61.151154221606916,0.0,Platinum,Neutral,Accessories,1
3074,58,Female,Shirt,Clothing,63.0,Oregon,L,White,Winter,3.6,No,Free Shipping,No,No,7,Debit Card,Bi-Weekly,24.89795918367347,36.66496598639456,30.09303409450897,0.0,Silver,Neutral,Clothing,1
3075,26,Female,Boots,Footwear,55.0,Massachusetts,L,Maroon,Winter,4.2,No,Next Day Air,No,No,34,Debit Card,Fortnightly,53.60544217687075,59.69897959183673,56.799255389732274,0.0,Silver,Satisfied,Footwear,1
3076,54,Female,Shorts,Clothing,90.0,Utah,XL,Beige,Winter,3.6,No,Standard,No,No,21,PayPal,Every 3 Months,22.993197278911566,57.43877551020409,40.28105042064251,0.0,Gold,Neutral,Clothing,1
3077,66,Female,Handbag,Accessories,46.0,New Hampshire,M,Blue,Summer,3.6,No,Express,No,No,13,Venmo,Bi-Weekly,29.795918367346943,33.663265306122454,30.932287841353638,0.0,Bronze,Neutral,Accessories,1
3078,60,Female,Sweater,Clothing,88.0,Illinois,S,Red,Spring,3.0,No,Store Pickup,No,No,33,Debit Card,Bi-Weekly,46.12244897959184,56.7687074829932,51.486338037029746,0.0,Gold,Neutral,Clothing,1
3079,32,Female,Belt,Accessories,95.0,Alaska,M,Blue,Spring,2.5,No,2-Day Shipping,No,No,24,Bank Transfer,Bi-Weekly,38.775510204081634,46.896258503401356,42.518557867303564,0.0,Gold,At Risk,Accessories,1
3080,48,Female,Belt,Accessories,31.0,Wyoming,M,Maroon,Fall,4.0,No,Store Pickup,No,No,4,Bank Transfer,Annually,2.4489795918367347,26.62414965986395,13.483942945144056,0.0,Bronze,Satisfied,Accessories,1
3081,69,Female,Hoodie,Clothing,42.0,Colorado,L,Yellow,Spring,4.1,No,Next Day Air,No,No,5,Cash,Bi-Weekly,23.26530612244898,33.22108843537415,27.429854965534716,0.0,Bronze,Satisfied,Clothing,1
3082,64,Female,Sneakers,Footwear,44.0,Vermont,L,Pink,Winter,4.9,No,Next Day Air,No,No,11,Credit Card,Weekly,48.16326530612244,48.80272108843538,48.234816535738204,0.0,Silver,Satisfied,Footwear,1
3083,56,Female,T-shirt,Clothing,99.0,Utah,M,Maroon,Spring,4.0,No,Next Day Air,No,No,20,Bank Transfer,Annually,15.51020408163265,65.84183673469389,41.045874162006335,0.0,Gold,Satisfied,Clothing,1
3084,22,Female,Pants,Clothing,20.0,Illinois,S,Purple,Summer,3.5,No,Store Pickup,No,No,28,PayPal,Quarterly,35.374149659863946,31.700680272108844,32.668925513039426,0.0,Bronze,Neutral,Clothing,1
3085,46,Female,Scarf,Accessories,37.0,Idaho,S,Indigo,Spring,3.2,No,Store Pickup,No,No,43,PayPal,Monthly,67.61904761904762,44.98809523809524,55.91703343139785,0.0,Bronze,Neutral,Accessories,1
3086,24,Female,Sweater,Clothing,50.0,Nevada,L,Gray,Winter,2.8,No,Store Pickup,No,No,10,Venmo,Every 3 Months,14.013605442176868,22.62244897959183,17.120258752316197,0.0,Bronze,At Risk,Clothing,1
3087,47,Female,Handbag,Accessories,73.0,Utah,M,Lavender,Summer,3.5,No,Next Day Air,No,No,26,Venmo,Every 3 Months,27.074829931972786,52.423469387755105,39.63230214837334,0.0,Gold,Neutral,Accessories,1
3088,62,Female,Shirt,Clothing,84.0,North Carolina,M,Charcoal,Spring,3.1,No,Free Shipping,No,No,29,Bank Transfer,Monthly,56.19047619047619,53.714285714285715,54.882352992270356,0.0,Platinum,Neutral,Clothing,1
3089,34,Female,Dress,Clothing,64.0,Arkansas,M,Teal,Spring,3.3,No,Store Pickup,No,No,35,Bank Transfer,Quarterly,41.088435374149654,52.12925170068027,46.48132437587332,0.0,Silver,Neutral,Clothing,1
3090,50,Female,Sandals,Footwear,21.0,North Carolina,L,Blue,Fall,4.6,No,Free Shipping,No,No,23,Cash,Bi-Weekly,37.95918367346939,43.38265306122448,40.22614893868095,0.0,Bronze,Satisfied,Footwear,1
3091,29,Female,Shirt,Clothing,36.0,Texas,M,Peach,Summer,4.9,No,Store Pickup,No,No,15,Bank Transfer,Quarterly,24.761904761904763,48.1904761904762,36.20580691280944,0.0,Bronze,Satisfied,Clothing,1
3092,68,Female,Dress,Clothing,81.0,Nevada,L,Orange,Winter,3.4,No,2-Day Shipping,No,No,46,Credit Card,Annually,36.73469387755102,68.02891156462584,52.83098446317219,0.0,Gold,Neutral,Clothing,1
3093,52,Female,Sunglasses,Accessories,54.0,Utah,L,Silver,Fall,3.5,No,Next Day Air,No,No,14,Bank Transfer,Bi-Weekly,30.612244897959183,36.343537414965986,32.777804042471374,0.0,Silver,Neutral,Accessories,1
3094,29,Female,Socks,Clothing,63.0,Pennsylvania,L,Red,Summer,4.8,No,Store Pickup,No,No,17,Cash,Every 3 Months,19.727891156462583,59.46768707482993,39.73644434699622,0.0,Silver,Satisfied,Clothing,1
3095,22,Female,Sandals,Footwear,59.0,Georgia,M,Gray,Summer,2.7,No,Store Pickup,No,No,9,Cash,Weekly,46.53061224489796,24.358843537414966,34.309940673641,0.0,Silver,At Risk,Footwear,1
3096,62,Female,Hat,Accessories,53.0,Minnesota,S,Beige,Fall,3.4,No,Standard,No,No,13,Venmo,Fortnightly,36.46258503401361,33.913265306122454,34.39968899293844,0.0,Silver,Neutral,Accessories,1
3097,69,Female,Shirt,Clothing,63.0,Kansas,L,White,Winter,3.5,No,Next Day Air,No,No,20,Bank Transfer,Monthly,48.843537414965986,44.175170068027214,46.093329913546135,0.0,Silver,Neutral,Clothing,1
3098,48,Female,Shoes,Footwear,33.0,Delaware,M,Silver,Fall,3.7,No,Free Shipping,No,No,39,Bank Transfer,Quarterly,44.35374149659864,47.26700680272109,45.506495176003014,0.0,Bronze,Neutral,Footwear,1
3099,66,Female,Pants,Clothing,64.0,New Mexico,L,Cyan,Summer,3.3,No,Next Day Air,No,No,50,Bank Transfer,Quarterly,53.33333333333334,62.33333333333333,58.07592920246368,0.0,Silver,Neutral,Clothing,1
3100,42,Female,Shirt,Clothing,98.0,Michigan,S,Maroon,Fall,2.9,No,Free Shipping,No,No,21,Bank Transfer,Bi-Weekly,36.3265306122449,51.43877551020408,43.73008944927404,0.0,Gold,At Risk,Clothing,1
3101,50,Female,Hat,Accessories,85.0,Vermont,L,Purple,Winter,3.9,No,Express,No,No,3,Bank Transfer,Weekly,41.63265306122449,47.11054421768708,44.06204456866196,0.0,Gold,Neutral,Accessories,1
3102,32,Female,Jewelry,Accessories,82.0,Idaho,S,Brown,Summer,2.7,No,Express,No,No,9,PayPal,Fortnightly,33.197278911564624,33.942176870748305,32.78254037328045,0.0,Gold,At Risk,Accessories,1
3103,51,Female,Jacket,Outerwear,85.0,South Dakota,M,Green,Summer,4.3,No,Standard,No,No,29,Cash,Bi-Weekly,42.85714285714286,70.13095238095237,57.01947305744981,0.0,Platinum,Satisfied,Outerwear,1
3104,27,Female,Shirt,Clothing,37.0,Illinois,S,Peach,Winter,3.0,No,2-Day Shipping,No,No,42,Bank Transfer,Weekly,73.46938775510203,41.64115646258503,57.047336381609526,0.0,Bronze,Neutral,Clothing,1
3105,43,Female,Pants,Clothing,56.0,Georgia,S,Turquoise,Summer,5.0,No,2-Day Shipping,No,No,41,Debit Card,Fortnightly,59.31972789115646,75.54421768707482,68.15374425128933,0.0,Silver,Satisfied,Clothing,1
3106,48,Female,Skirt,Clothing,33.0,Oregon,M,Olive,Fall,2.7,No,Express,No,No,17,Debit Card,Monthly,46.394557823129254,18.967687074829932,31.350791123592426,0.0,Bronze,At Risk,Clothing,1
3107,62,Female,Sandals,Footwear,57.0,Alabama,M,Yellow,Winter,4.7,No,Next Day Air,No,No,20,PayPal,Annually,15.51020408163265,57.67517006802721,36.666325432458514,0.0,Silver,Satisfied,Footwear,1
3108,65,Female,Blouse,Clothing,31.0,Hawaii,L,Gray,Winter,4.6,No,Standard,No,No,18,Credit Card,Bi-Weekly,33.877551020408156,44.14795918367346,38.595744300675214,0.0,Bronze,Satisfied,Clothing,1
3109,50,Female,Socks,Clothing,69.0,Oregon,M,Purple,Fall,3.2,No,2-Day Shipping,No,No,7,PayPal,Monthly,38.23129251700681,33.83163265306123,35.24026548765905,0.0,Gold,Neutral,Clothing,1
3110,60,Female,Jacket,Outerwear,92.0,Illinois,M,Gray,Winter,4.3,No,Free Shipping,No,No,47,Bank Transfer,Fortnightly,64.21768707482994,85.29251700680271,75.83045672895865,0.0,Platinum,Satisfied,Outerwear,1
3111,19,Female,Handbag,Accessories,46.0,Texas,L,Lavender,Fall,4.6,No,Next Day Air,No,No,2,Bank Transfer,Bi-Weekly,20.816326530612244,39.51360544217686,29.579861275265433,0.0,Bronze,Satisfied,Accessories,1
3112,21,Female,Belt,Accessories,81.0,Kansas,XL,Indigo,Spring,4.9,No,Free Shipping,No,No,25,Debit Card,Quarterly,32.925170068027214,73.74319727891157,53.99062983272947,0.0,Platinum,Satisfied,Accessories,1
3113,19,Female,Blouse,Clothing,97.0,Texas,S,Green,Fall,3.8,No,Express,No,No,26,Venmo,Annually,20.40816326530612,66.42346938775509,43.806766637121974,0.0,Gold,Neutral,Clothing,1
3114,46,Female,Shirt,Clothing,93.0,Nebraska,L,Green,Summer,2.6,No,Express,No,No,2,Debit Card,Weekly,40.81632653061224,32.430272108843546,35.78127309147397,0.0,Gold,At Risk,Clothing,1
3115,21,Female,Handbag,Accessories,56.0,Arkansas,M,Olive,Spring,4.7,No,Store Pickup,No,No,45,Venmo,Bi-Weekly,55.91836734693878,74.26530612244898,65.76722044635667,0.0,Silver,Satisfied,Accessories,1
3116,26,Female,Scarf,Accessories,53.0,South Dakota,M,Charcoal,Fall,4.1,No,Free Shipping,No,No,9,Bank Transfer,Bi-Weekly,26.53061224489796,40.52551020408163,32.97965958723565,0.0,Silver,Satisfied,Accessories,1
3117,50,Female,Coat,Outerwear,66.0,Montana,L,Gray,Spring,3.7,No,Store Pickup,No,No,1,Venmo,Weekly,40.0,35.16666666666667,36.840559619137956,0.0,Silver,Neutral,Outerwear,1
3118,43,Female,Hoodie,Clothing,50.0,Florida,M,Olive,Fall,3.0,No,Free Shipping,No,No,4,PayPal,Bi-Weekly,22.44897959183674,21.207482993197285,20.579140216362347,0.0,Bronze,Neutral,Clothing,1
3119,61,Female,Shorts,Clothing,97.0,Virginia,L,Blue,Summer,4.7,No,Standard,No,No,31,Debit Card,Quarterly,37.823129251700685,81.82482993197279,60.77355685538903,0.0,Platinum,Satisfied,Clothing,1
3120,63,Female,Sandals,Footwear,79.0,Louisiana,XL,Silver,Winter,4.7,No,2-Day Shipping,No,No,21,Credit Card,Every 3 Months,22.993197278911566,67.52210884353742,45.68845242345155,0.0,Gold,Satisfied,Footwear,1
3121,46,Female,Shirt,Clothing,76.0,Louisiana,M,Magenta,Fall,4.0,No,Store Pickup,No,No,32,Debit Card,Fortnightly,51.97278911564626,64.421768707483,58.515624990305845,0.0,Platinum,Satisfied,Clothing,1
3122,63,Female,Hoodie,Clothing,38.0,Louisiana,L,Black,Fall,2.6,No,Standard,No,No,16,Venmo,Weekly,52.24489795918367,19.037414965986393,34.31335425657412,0.0,Bronze,At Risk,Clothing,1
3123,23,Female,Socks,Clothing,45.0,Georgia,M,Pink,Fall,3.0,No,Express,No,No,34,Credit Card,Fortnightly,53.60544217687075,39.53231292517007,45.984451384114195,0.0,Silver,Neutral,Clothing,1
3124,57,Female,Handbag,Accessories,77.0,Iowa,XL,Red,Fall,3.3,No,Next Day Air,No,No,40,Venmo,Bi-Weekly,51.83673469387755,60.94727891156462,56.58432871351848,0.0,Platinum,Neutral,Accessories,1
3125,57,Female,Jewelry,Accessories,51.0,California,M,Peach,Summer,3.4,No,Standard,No,No,4,Cash,Every 3 Months,9.115646258503402,26.957482993197278,16.996033369479342,0.0,Bronze,Neutral,Accessories,1
3126,33,Female,Coat,Outerwear,26.0,Oregon,L,Lavender,Spring,4.0,No,Standard,No,No,3,Cash,Quarterly,14.965986394557826,23.860544217687078,18.2604041379425,0.0,Bronze,Satisfied,Outerwear,1
3127,57,Female,Sunglasses,Accessories,76.0,Maine,L,Lavender,Winter,2.6,No,Store Pickup,No,No,28,Bank Transfer,Bi-Weekly,42.04081632653061,43.034013605442176,42.079999940439116,0.0,Gold,At Risk,Accessories,1
3128,55,Female,Gloves,Accessories,94.0,Louisiana,M,Beige,Winter,3.4,No,Free Shipping,No,No,43,Credit Card,Every 3 Months,40.95238095238095,71.4047619047619,56.750199559969175,0.0,Platinum,Neutral,Accessories,1
3129,65,Female,Jacket,Outerwear,32.0,Arkansas,S,Indigo,Fall,4.4,No,Standard,No,No,20,Cash,Annually,15.51020408163265,43.25850340136055,28.935081246624105,0.0,Bronze,Satisfied,Outerwear,1
3130,60,Female,Sandals,Footwear,20.0,Maryland,S,Cyan,Summer,4.7,No,Express,No,No,40,Venmo,Every 3 Months,38.50340136054422,55.86394557823129,47.191616409072054,0.0,Bronze,Satisfied,Footwear,1
3131,52,Female,Pants,Clothing,20.0,Vermont,M,Yellow,Summer,4.5,No,Store Pickup,No,No,34,Venmo,Every 3 Months,33.605442176870746,49.115646258503396,41.1237177504203,0.0,Bronze,Satisfied,Clothing,1
3132,34,Female,Jacket,Outerwear,59.0,North Dakota,M,Peach,Fall,2.9,No,Store Pickup,No,No,11,Bank Transfer,Every 3 Months,14.829931972789115,28.3860544217687,20.619278045201984,0.0,Silver,At Risk,Outerwear,1
3133,33,Female,Sweater,Clothing,97.0,Michigan,M,Yellow,Summer,4.2,No,Express,No,No,26,Cash,Quarterly,33.74149659863945,71.75680272108845,53.33354675981988,0.0,Platinum,Satisfied,Clothing,1
3134,58,Female,T-shirt,Clothing,68.0,Arkansas,M,Orange,Spring,4.1,No,Next Day Air,No,No,29,Cash,Bi-Weekly,42.85714285714286,60.38095238095238,51.790828145642735,0.0,Silver,Satisfied,Clothing,1
3135,35,Female,Boots,Footwear,66.0,Kentucky,L,Gray,Spring,4.4,No,Store Pickup,No,No,47,Bank Transfer,Weekly,77.55102040816327,75.79251700680273,77.40254630206971,0.0,Platinum,Satisfied,Footwear,1
3136,68,Female,Shoes,Footwear,85.0,Indiana,L,Yellow,Spring,4.7,No,Free Shipping,No,No,48,Venmo,Fortnightly,65.03401360544217,88.38945578231292,77.89941929382881,0.0,Platinum,Satisfied,Footwear,1
3137,58,Female,Skirt,Clothing,32.0,Minnesota,M,Gray,Fall,3.1,No,Next Day Air,No,No,29,Cash,Bi-Weekly,42.85714285714286,32.04761904761905,36.59647541047683,0.0,Bronze,Neutral,Clothing,1
3138,34,Female,Coat,Outerwear,44.0,Louisiana,M,Turquoise,Spring,2.7,No,2-Day Shipping,No,No,14,Bank Transfer,Monthly,43.94557823129252,21.510204081632654,31.489780159551195,0.0,Bronze,At Risk,Outerwear,1
3139,47,Female,Blouse,Clothing,95.0,Kentucky,L,Gray,Fall,4.6,No,Next Day Air,No,No,40,Cash,Every 3 Months,38.50340136054422,85.78061224489795,63.23506532649723,0.0,Platinum,Satisfied,Clothing,1
3140,35,Female,Sunglasses,Accessories,85.0,Georgia,M,Olive,Winter,4.4,No,Next Day Air,No,No,4,Venmo,Weekly,42.44897959183673,54.45748299319728,48.41016004380702,0.0,Gold,Satisfied,Accessories,1
3141,34,Female,Gloves,Accessories,44.0,Alaska,XL,Peach,Summer,4.6,No,Free Shipping,No,No,37,Bank Transfer,Weekly,69.3877551020408,62.48979591836734,66.1870464764714,0.0,Silver,Satisfied,Accessories,1
3142,36,Female,Sunglasses,Accessories,30.0,Mississippi,S,Peach,Winter,4.9,No,Express,No,No,47,Credit Card,Bi-Weekly,57.55102040816327,67.4591836734694,62.9336190270209,0.0,Bronze,Satisfied,Accessories,1
3143,23,Female,Sneakers,Footwear,21.0,Kansas,L,Magenta,Winter,4.0,No,2-Day Shipping,No,No,1,Venmo,Quarterly,13.333333333333336,20.416666666666668,15.597225008968255,0.0,Bronze,Satisfied,Footwear,1
3144,68,Female,Hoodie,Clothing,22.0,Arizona,M,Purple,Summer,2.9,No,Store Pickup,No,No,26,Cash,Quarterly,33.74149659863945,23.173469387755098,27.279700746285414,0.0,Bronze,At Risk,Clothing,1
3145,23,Female,Boots,Footwear,70.0,Maine,L,Beige,Spring,2.6,No,Free Shipping,No,No,12,Debit Card,Quarterly,22.31292517006803,29.649659863945583,25.038409942894766,0.0,Gold,At Risk,Footwear,1
3146,57,Female,Handbag,Accessories,29.0,Texas,XL,Purple,Spring,4.6,No,Standard,No,No,16,PayPal,Fortnightly,38.91156462585034,41.95408163265305,39.936237596291626,0.0,Bronze,Satisfied,Accessories,1
3147,21,Female,Shirt,Clothing,83.0,Virginia,S,Yellow,Winter,4.9,No,Free Shipping,No,No,19,PayPal,Annually,14.693877551020407,70.49489795918367,43.133013962931535,0.0,Gold,Satisfied,Clothing,1
3148,45,Female,Sweater,Clothing,99.0,North Dakota,M,Pink,Winter,4.3,No,Express,No,No,21,Credit Card,Weekly,56.326530612244895,70.52210884353741,63.96393290913578,0.0,Platinum,Satisfied,Clothing,1
3149,37,Female,Shorts,Clothing,35.0,West Virginia,L,Purple,Fall,4.3,No,Free Shipping,No,No,15,Venmo,Weekly,51.42857142857142,39.773809523809526,45.02552369834349,0.0,Bronze,Satisfied,Clothing,1
3150,18,Female,Belt,Accessories,40.0,North Carolina,M,Lavender,Winter,4.6,No,Free Shipping,No,No,9,Venmo,Annually,6.530612244897958,41.77551020408162,23.649998678492963,0.0,Bronze,Satisfied,Accessories,1
3151,55,Female,Blouse,Clothing,25.0,Georgia,M,Peach,Spring,2.6,No,Express,No,No,7,Bank Transfer,Bi-Weekly,24.89795918367347,7.498299319727892,14.451788631838195,0.0,Bronze,At Risk,Clothing,1
3152,52,Female,T-shirt,Clothing,64.0,New Mexico,L,Orange,Fall,3.1,No,2-Day Shipping,No,No,47,Bank Transfer,Quarterly,50.884353741496604,57.625850340136054,54.32695150913,0.0,Silver,Neutral,Clothing,1
3153,49,Female,Belt,Accessories,90.0,North Carolina,M,Red,Fall,3.1,No,Store Pickup,No,No,17,PayPal,Monthly,46.394557823129254,48.05102040816327,46.94734731351271,0.0,Gold,Neutral,Accessories,1
3154,56,Female,Socks,Clothing,88.0,Alabama,L,Red,Fall,3.1,No,Next Day Air,No,No,46,Venmo,Fortnightly,63.40136054421768,66.94557823129253,65.5833572507492,0.0,Platinum,Neutral,Clothing,1
3155,27,Female,Belt,Accessories,55.0,Connecticut,M,Gold,Winter,4.4,No,Standard,No,No,32,Cash,Quarterly,38.63945578231293,61.005102040816325,50.016698140869174,0.0,Silver,Satisfied,Accessories,1
3156,22,Female,Handbag,Accessories,90.0,Montana,M,Brown,Fall,4.3,No,Free Shipping,No,No,34,Cash,Annually,26.93877551020408,75.61564625850339,52.00157315174212,0.0,Platinum,Satisfied,Accessories,1
3157,18,Female,Shirt,Clothing,50.0,Montana,M,Black,Winter,3.1,No,2-Day Shipping,No,No,18,Cash,Monthly,47.2108843537415,32.06462585034014,38.78246641852115,0.0,Silver,Neutral,Clothing,1
3158,21,Female,Belt,Accessories,34.0,Maine,L,Red,Fall,3.1,No,Store Pickup,No,No,5,Debit Card,Fortnightly,29.931972789115648,16.554421768707492,21.825333748770475,0.0,Bronze,Neutral,Accessories,1
3159,30,Female,Jewelry,Accessories,77.0,Mississippi,M,Gray,Winter,4.9,No,2-Day Shipping,No,No,44,Credit Card,Monthly,68.43537414965986,85.00170068027211,77.78334382473416,0.0,Platinum,Satisfied,Accessories,1
3160,62,Female,Hat,Accessories,89.0,Louisiana,L,Pink,Winter,2.9,No,Store Pickup,No,No,4,Bank Transfer,Quarterly,15.782312925170071,36.12414965986394,25.24518670536634,0.0,Gold,At Risk,Accessories,1
3161,28,Female,Backpack,Accessories,87.0,Nebraska,XL,Turquoise,Fall,3.8,No,Next Day Air,No,No,37,Cash,Fortnightly,56.05442176870747,69.73979591836735,63.408346539097174,0.0,Platinum,Neutral,Accessories,1
3162,66,Female,Dress,Clothing,77.0,Massachusetts,S,Charcoal,Winter,4.2,No,2-Day Shipping,No,No,43,Cash,Monthly,67.61904761904762,74.98809523809523,72.00517162157348,0.0,Platinum,Satisfied,Clothing,1
3163,66,Female,Shoes,Footwear,85.0,Wisconsin,L,Blue,Winter,3.9,No,Standard,No,No,28,Bank Transfer,Quarterly,35.374149659863946,64.11734693877551,50.05305261297923,0.0,Gold,Neutral,Footwear,1
3164,49,Female,Pants,Clothing,66.0,Nebraska,XL,Turquoise,Summer,2.8,No,Express,No,No,36,Cash,Monthly,61.904761904761905,46.976190476190474,54.126048938445194,0.0,Silver,At Risk,Clothing,1
3165,40,Female,Dress,Clothing,32.0,Arizona,L,Silver,Winter,2.6,No,Standard,No,No,16,Credit Card,Annually,12.244897959183671,16.537414965986393,12.972676074059484,0.0,Bronze,At Risk,Clothing,1
3166,49,Female,Jacket,Outerwear,92.0,Hawaii,M,Lavender,Spring,3.0,No,Store Pickup,No,No,38,Bank Transfer,Every 3 Months,36.87074829931973,61.83673469387756,49.57832510090295,0.0,Gold,Neutral,Outerwear,1
3167,19,Female,Shirt,Clothing,80.0,Georgia,M,Gold,Winter,2.7,No,Next Day Air,No,No,37,Bank Transfer,Fortnightly,56.05442176870747,52.156462585034014,53.97890998874422,0.0,Platinum,At Risk,Clothing,1
3168,24,Female,Dress,Clothing,78.0,Oregon,M,Blue,Fall,2.8,No,2-Day Shipping,No,No,9,Cash,Bi-Weekly,26.53061224489796,33.60884353741497,29.270449948945153,0.0,Gold,At Risk,Clothing,1
3169,31,Female,Jeans,Clothing,24.0,Montana,M,Orange,Spring,2.9,No,2-Day Shipping,No,No,14,PayPal,Fortnightly,37.27891156462585,15.843537414965983,25.11757627918467,0.0,Bronze,At Risk,Clothing,1
3170,35,Female,T-shirt,Clothing,59.0,Georgia,M,White,Fall,3.8,No,Free Shipping,No,No,3,Venmo,Weekly,41.63265306122449,34.94387755102041,37.537410747090725,0.0,Silver,Neutral,Clothing,1
3171,65,Female,Sunglasses,Accessories,41.0,Rhode Island,XL,Charcoal,Spring,4.4,No,Express,No,No,10,Credit Card,Fortnightly,34.01360544217687,40.20578231292517,36.54969530266916,0.0,Bronze,Satisfied,Accessories,1
3172,68,Female,Jewelry,Accessories,26.0,Tennessee,M,Maroon,Spring,3.1,No,Express,No,No,26,Bank Transfer,Bi-Weekly,40.408163265306115,27.50680272108844,32.93687626264412,0.0,Bronze,Neutral,Accessories,1
3173,57,Female,Socks,Clothing,52.0,Missouri,M,Olive,Fall,3.7,No,Standard,No,No,30,Debit Card,Bi-Weekly,43.6734693877551,49.06122448979592,46.128546524678484,0.0,Silver,Neutral,Clothing,1
3174,69,Female,Skirt,Clothing,46.0,Washington,L,Teal,Summer,4.9,No,Next Day Air,No,No,32,PayPal,Fortnightly,51.97278911564626,63.921768707483,58.247489353802905,0.0,Silver,Satisfied,Clothing,1
3175,45,Female,Pants,Clothing,52.0,Oklahoma,L,Orange,Winter,3.8,No,Store Pickup,No,No,35,PayPal,Monthly,61.088435374149654,53.79591836734694,57.375109830883076,0.0,Silver,Neutral,Clothing,1
3176,35,Female,Socks,Clothing,42.0,Connecticut,M,Maroon,Fall,3.4,No,Store Pickup,No,No,26,Debit Card,Every 3 Months,27.074829931972786,38.1734693877551,31.990436508039906,0.0,Bronze,Neutral,Clothing,1
3177,36,Female,Sandals,Footwear,37.0,Arkansas,XL,Turquoise,Spring,4.6,No,2-Day Shipping,No,No,39,Credit Card,Monthly,64.35374149659864,60.93367346938774,62.83553590708304,0.0,Bronze,Satisfied,Footwear,1
3178,55,Female,Belt,Accessories,52.0,Missouri,L,Beige,Fall,3.2,No,Standard,No,No,31,Credit Card,Monthly,57.82312925170068,43.07482993197279,49.99304502641214,0.0,Silver,Neutral,Accessories,1
3179,66,Female,Sandals,Footwear,34.0,Washington,L,Beige,Spring,2.7,No,Free Shipping,No,No,28,Credit Card,Annually,22.04081632653061,26.867346938775512,23.41028102684446,0.0,Bronze,At Risk,Footwear,1
3180,57,Female,Shorts,Clothing,88.0,Idaho,M,Olive,Spring,4.3,No,Free Shipping,No,No,12,Debit Card,Bi-Weekly,28.9795918367347,59.816326530612244,44.54926001190472,0.0,Gold,Satisfied,Clothing,1
3181,18,Female,Handbag,Accessories,88.0,Montana,L,Turquoise,Fall,3.8,No,Standard,No,No,46,PayPal,Weekly,76.73469387755101,76.27891156462584,77.2552224654705,0.0,Platinum,Neutral,Accessories,1
3182,31,Female,Jacket,Outerwear,51.0,Montana,M,Charcoal,Summer,4.4,No,Free Shipping,No,No,27,PayPal,Every 3 Months,27.89115646258503,55.93707482993197,41.924711076995955,0.0,Silver,Satisfied,Outerwear,1
3183,50,Female,Sunglasses,Accessories,97.0,Georgia,L,Green,Fall,3.6,No,Free Shipping,No,No,4,Credit Card,Annually,2.4489795918367347,48.790816326530624,25.371289496773848,0.0,Gold,Neutral,Accessories,1
3184,50,Female,Sneakers,Footwear,56.0,Mississippi,M,Green,Winter,3.5,No,Standard,No,No,14,Cash,Every 3 Months,17.278911564625847,37.17687074829932,26.558030103309584,0.0,Silver,Neutral,Footwear,1
3185,61,Female,Sweater,Clothing,53.0,Hawaii,L,Green,Spring,4.2,No,2-Day Shipping,No,No,30,Venmo,Quarterly,37.006802721088434,56.14455782312925,46.59380137513662,0.0,Silver,Satisfied,Clothing,1
3186,52,Female,Skirt,Clothing,71.0,Ohio,L,Gold,Fall,4.7,No,Express,No,No,6,PayPal,Annually,4.081632653061225,53.984693877551024,28.97294335350834,0.0,Gold,Satisfied,Clothing,1
3187,38,Female,Jewelry,Accessories,93.0,Virginia,S,Cyan,Winter,4.8,No,Store Pickup,No,No,43,Venmo,Annually,34.285714285714285,89.6547619047619,63.20381695899269,0.0,Platinum,Satisfied,Accessories,1
3188,67,Female,Blouse,Clothing,72.0,Texas,L,Indigo,Winter,3.2,No,Free Shipping,No,No,28,Debit Card,Weekly,62.0408163265306,49.36734693877551,55.4763846694762,0.0,Silver,Neutral,Clothing,1
3189,42,Female,Blouse,Clothing,59.0,Vermont,M,Lavender,Winter,3.5,No,Standard,No,No,39,Bank Transfer,Monthly,64.35374149659864,55.43367346938774,59.886043905550835,0.0,Silver,Neutral,Clothing,1
3190,25,Female,Boots,Footwear,87.0,Kansas,M,Beige,Summer,4.2,No,Store Pickup,No,No,30,PayPal,Bi-Weekly,43.6734693877551,70.31122448979592,57.5243110760529,0.0,Platinum,Satisfied,Footwear,1
3191,41,Female,Jeans,Clothing,78.0,California,S,Purple,Fall,3.4,No,Free Shipping,No,No,5,Credit Card,Fortnightly,29.931972789115648,38.88775510204082,33.802058845901236,0.0,Gold,Neutral,Clothing,1
3192,62,Female,Hoodie,Clothing,68.0,Mississippi,XL,Maroon,Winter,4.7,No,Store Pickup,No,No,42,Credit Card,Every 3 Months,40.136054421768705,77.22448979591836,59.462989179401205,0.0,Silver,Satisfied,Clothing,1
3193,19,Female,Sweater,Clothing,76.0,Iowa,S,Maroon,Fall,3.0,No,Free Shipping,No,No,20,Cash,Fortnightly,42.176870748299315,42.925170068027214,42.08965748895548,0.0,Gold,Neutral,Clothing,1
3194,63,Female,Gloves,Accessories,99.0,Virginia,L,Teal,Winter,4.0,No,Express,No,No,35,Credit Card,Fortnightly,54.42176870748299,76.04591836734693,65.97381232193001,0.0,Platinum,Satisfied,Accessories,1
3195,43,Female,Sneakers,Footwear,52.0,Maryland,L,Gold,Summer,4.6,No,Standard,No,No,10,Credit Card,Bi-Weekly,27.346938775510203,47.45578231292516,37.104328698628265,0.0,Silver,Satisfied,Footwear,1
3196,68,Female,Sunglasses,Accessories,58.0,Missouri,S,Red,Spring,4.9,No,Next Day Air,No,No,36,Credit Card,Quarterly,41.904761904761905,71.64285714285714,57.354073672589614,0.0,Silver,Satisfied,Accessories,1
3197,24,Female,Belt,Accessories,59.0,Wisconsin,L,Maroon,Winter,2.8,No,Express,No,No,21,Debit Card,Fortnightly,42.993197278911566,33.855442176870746,37.63398623225442,0.0,Silver,At Risk,Accessories,1
3198,27,Female,Sweater,Clothing,71.0,Maine,M,Teal,Spring,3.2,No,Free Shipping,No,No,29,Credit Card,Every 3 Months,29.523809523809526,49.63095238095239,39.35924529416312,0.0,Gold,Neutral,Clothing,1
3199,61,Female,Gloves,Accessories,94.0,Pennsylvania,L,Peach,Winter,2.8,No,Free Shipping,No,No,39,Debit Card,Weekly,71.02040816326529,60.68367346938774,66.03480142216489,0.0,Platinum,At Risk,Accessories,1
3200,59,Female,Handbag,Accessories,40.0,Maine,XL,Pink,Winter,4.2,No,Express,No,No,16,PayPal,Monthly,45.57823129251701,41.204081632653065,42.86736747487058,0.0,Bronze,Satisfied,Accessories,1
3201,67,Female,Socks,Clothing,24.0,Missouri,L,Black,Spring,4.8,No,Free Shipping,No,No,32,Credit Card,Monthly,58.639455782312936,53.42176870748298,55.94997432057476,0.0,Bronze,Satisfied,Clothing,1
3202,46,Female,Pants,Clothing,38.0,Vermont,S,Indigo,Fall,2.8,No,2-Day Shipping,No,No,34,Cash,Monthly,60.27210884353742,33.94897959183673,46.32360344316483,0.0,Bronze,At Risk,Clothing,1
3203,65,Female,Scarf,Accessories,37.0,Wisconsin,L,Green,Fall,4.5,No,Standard,No,No,38,Venmo,Annually,30.20408163265306,58.92006802721088,44.680867221302535,0.0,Bronze,Satisfied,Accessories,1
3204,63,Female,Coat,Outerwear,29.0,New Jersey,L,Teal,Spring,4.1,No,Express,No,No,14,Venmo,Annually,10.612244897959183,33.926870748299315,21.481815132707215,0.0,Bronze,Satisfied,Outerwear,1
3205,57,Female,Jacket,Outerwear,92.0,New Mexico,XL,Lavender,Fall,4.3,No,Free Shipping,No,No,23,Debit Card,Bi-Weekly,37.95918367346939,68.96598639455782,53.94575567308074,0.0,Platinum,Satisfied,Outerwear,1
3206,40,Female,Hoodie,Clothing,24.0,Colorado,XL,Magenta,Fall,4.4,No,2-Day Shipping,No,No,50,Bank Transfer,Every 3 Months,46.666666666666664,60.333333333333336,53.67005332311864,0.0,Bronze,Satisfied,Clothing,1
3207,36,Female,Boots,Footwear,52.0,California,M,Brown,Winter,3.0,No,Free Shipping,No,No,49,PayPal,Monthly,72.51700680272108,52.6530612244898,62.47651409030496,0.0,Silver,Neutral,Footwear,1
3208,67,Female,Socks,Clothing,29.0,Arizona,XL,Beige,Summer,2.7,No,Next Day Air,No,No,14,PayPal,Annually,10.612244897959183,15.260204081632656,11.471418036597928,0.0,Bronze,At Risk,Clothing,1
3209,61,Female,Jewelry,Accessories,30.0,Indiana,L,Indigo,Winter,3.3,No,2-Day Shipping,No,No,42,PayPal,Weekly,73.46938775510203,42.724489795918366,57.62829692736587,0.0,Bronze,Neutral,Accessories,1
3210,64,Female,Shoes,Footwear,31.0,Arkansas,L,Peach,Fall,4.3,No,Standard,No,No,39,Debit Card,Annually,31.0204081632653,54.43367346938774,42.6831059658783,0.0,Bronze,Satisfied,Footwear,1
3211,30,Female,Socks,Clothing,67.0,Nevada,M,Magenta,Summer,2.9,No,Express,No,No,43,Venmo,Bi-Weekly,54.28571428571429,53.488095238095234,53.80867258528094,0.0,Silver,At Risk,Clothing,1
3212,53,Female,Pants,Clothing,65.0,Rhode Island,L,Turquoise,Winter,4.9,No,Standard,No,No,12,Cash,Monthly,42.312925170068034,58.232993197278915,50.36683049631212,0.0,Silver,Satisfied,Clothing,1
3213,27,Female,Sneakers,Footwear,22.0,Wyoming,M,Indigo,Winter,3.6,No,2-Day Shipping,No,No,21,Debit Card,Weekly,56.326530612244895,29.105442176870756,41.75336435214328,0.0,Bronze,Neutral,Footwear,1
3214,27,Female,Sunglasses,Accessories,56.0,Texas,M,Brown,Winter,3.3,No,Standard,No,No,33,Credit Card,Monthly,59.455782312925166,47.435374149659864,53.14780615564175,0.0,Silver,Neutral,Accessories,1
3215,53,Female,Skirt,Clothing,78.0,Washington,M,Yellow,Spring,3.1,No,Free Shipping,No,No,6,Debit Card,Annually,4.081632653061225,35.56802721088436,19.096614075650507,0.0,Gold,Neutral,Clothing,1
3216,34,Female,Coat,Outerwear,90.0,Rhode Island,M,Magenta,Summer,2.7,No,Free Shipping,No,No,10,PayPal,Every 3 Months,14.013605442176868,37.955782312925166,25.34308493840598,0.0,Gold,At Risk,Outerwear,1
3217,39,Female,Hoodie,Clothing,85.0,Illinois,S,Olive,Winter,3.4,No,Next Day Air,No,No,18,Cash,Weekly,53.877551020408156,50.647959183673464,52.08150757521328,0.0,Gold,Neutral,Clothing,1
3218,44,Female,Sunglasses,Accessories,58.0,Oregon,M,Silver,Fall,3.4,No,Express,No,No,46,Venmo,Weekly,76.73469387755101,58.445578231292515,67.69171809686607,0.0,Silver,Neutral,Accessories,1
3219,37,Female,Skirt,Clothing,34.0,Florida,M,Teal,Fall,3.9,No,Express,No,No,49,PayPal,Monthly,72.51700680272108,57.15306122448979,64.8897348188313,0.0,Bronze,Neutral,Clothing,1
3220,57,Female,Coat,Outerwear,40.0,Kansas,L,White,Summer,3.5,No,2-Day Shipping,No,No,39,Credit Card,Weekly,71.02040816326529,47.517006802721085,58.9738963275878,0.0,Silver,Neutral,Outerwear,1
3221,38,Female,Handbag,Accessories,29.0,North Dakota,M,Blue,Fall,4.1,No,Free Shipping,No,No,16,Cash,Monthly,45.57823129251701,35.287414965986386,39.69442910958593,0.0,Bronze,Satisfied,Accessories,1
3222,21,Female,T-shirt,Clothing,76.0,New Hampshire,M,Yellow,Winter,3.2,No,Standard,No,No,28,Cash,Annually,22.04081632653061,51.03401360544218,36.37017012448596,0.0,Gold,Neutral,Clothing,1
3223,45,Female,Sunglasses,Accessories,84.0,Texas,S,Maroon,Fall,4.6,No,Store Pickup,No,No,22,PayPal,Quarterly,30.476190476190478,68.95238095238095,50.196962866645286,0.0,Gold,Satisfied,Accessories,1
3224,68,Female,Shirt,Clothing,65.0,Montana,S,Gray,Spring,3.9,No,Standard,No,No,36,Venmo,Bi-Weekly,48.57142857142857,61.22619047619047,55.10124791211195,0.0,Silver,Neutral,Clothing,1
3225,37,Female,Hoodie,Clothing,80.0,Delaware,L,Indigo,Winter,2.7,No,Free Shipping,No,No,18,PayPal,Monthly,47.2108843537415,39.2312925170068,42.62574387506311,0.0,Gold,At Risk,Clothing,1
3226,53,Female,Blouse,Clothing,98.0,New Hampshire,M,Pink,Fall,3.0,No,Store Pickup,No,No,31,Credit Card,Weekly,64.48979591836735,59.57482993197279,62.17485436434209,0.0,Platinum,Neutral,Clothing,1
3227,57,Female,Sneakers,Footwear,71.0,Minnesota,XL,Beige,Spring,3.3,No,Next Day Air,No,No,38,Bank Transfer,Fortnightly,56.87074829931973,57.08673469387755,57.03103655412514,0.0,Silver,Neutral,Footwear,1
3228,28,Female,Scarf,Accessories,69.0,Alaska,XL,White,Fall,2.7,No,Free Shipping,No,No,42,Debit Card,Quarterly,46.802721088435376,50.974489795918366,48.719201596330855,0.0,Silver,At Risk,Accessories,1
3229,37,Female,Jewelry,Accessories,95.0,Connecticut,M,Yellow,Spring,4.6,No,2-Day Shipping,No,No,27,PayPal,Annually,21.224489795918366,76.93707482993196,49.85307447678557,0.0,Gold,Satisfied,Accessories,1
3230,54,Female,Pants,Clothing,67.0,Connecticut,M,Teal,Fall,2.7,No,Express,No,No,24,Cash,Monthly,52.10884353741497,37.896258503401356,44.35878307691754,0.0,Silver,At Risk,Clothing,1
3231,49,Female,Sneakers,Footwear,49.0,Kansas,M,Olive,Summer,2.5,No,Next Day Air,No,No,38,Debit Card,Annually,30.20408163265306,37.25340136054422,33.06165630617568,0.0,Silver,At Risk,Footwear,1
3232,62,Female,Shoes,Footwear,97.0,Nevada,M,Maroon,Winter,4.4,No,Free Shipping,No,No,9,Credit Card,Annually,6.530612244897958,62.85884353741498,34.95638468436642,0.0,Gold,Satisfied,Footwear,1
3233,45,Female,T-shirt,Clothing,34.0,Massachusetts,M,White,Spring,4.0,No,Next Day Air,No,No,19,Bank Transfer,Monthly,48.02721088435374,38.078231292517,42.415553529658396,0.0,Bronze,Satisfied,Clothing,1
3234,45,Female,Belt,Accessories,74.0,Indiana,M,Lavender,Fall,3.8,No,Express,No,No,11,Debit Card,Bi-Weekly,28.163265306122447,46.636054421768705,37.07289544422551,0.0,Gold,Neutral,Accessories,1
3235,49,Female,Jewelry,Accessories,96.0,Washington,M,Black,Winter,2.5,No,2-Day Shipping,No,No,16,Debit Card,Quarterly,25.578231292517007,41.87074829931973,33.22488165687448,0.0,Gold,At Risk,Accessories,1
3236,27,Female,Belt,Accessories,68.0,Kansas,M,Green,Summer,4.0,No,Free Shipping,No,No,18,Venmo,Monthly,47.2108843537415,51.56462585034014,49.23975624213532,0.0,Silver,Satisfied,Accessories,1
3237,63,Female,Belt,Accessories,84.0,South Carolina,L,Olive,Fall,4.1,No,Next Day Air,No,No,8,Cash,Monthly,39.04761904761905,52.76190476190475,45.80018987512192,0.0,Gold,Satisfied,Accessories,1
3238,61,Female,T-shirt,Clothing,57.0,Vermont,M,Gray,Summer,2.8,No,Express,No,No,4,Cash,Weekly,42.44897959183673,21.457482993197274,30.7132080346138,0.0,Silver,At Risk,Clothing,1
3239,25,Female,Sneakers,Footwear,84.0,Wyoming,XL,Teal,Fall,3.4,No,2-Day Shipping,No,No,37,Cash,Quarterly,42.72108843537415,63.156462585034014,53.21122732514196,0.0,Platinum,Neutral,Footwear,1
3240,33,Female,Sunglasses,Accessories,32.0,Colorado,M,Charcoal,Fall,2.7,No,2-Day Shipping,No,No,30,Cash,Monthly,57.006802721088434,27.394557823129244,41.176002276218284,0.0,Bronze,At Risk,Accessories,1
3241,56,Female,Sandals,Footwear,37.0,West Virginia,M,Violet,Fall,3.8,No,2-Day Shipping,No,No,37,Bank Transfer,Monthly,62.72108843537415,48.906462585034014,55.56936168480853,0.0,Bronze,Neutral,Footwear,1
3242,50,Female,Handbag,Accessories,58.0,Connecticut,M,Lavender,Summer,4.4,No,Store Pickup,No,No,30,PayPal,Quarterly,37.006802721088434,60.89455782312926,49.141089921914435,0.0,Silver,Satisfied,Accessories,1
3243,45,Female,Socks,Clothing,74.0,Oregon,S,Beige,Fall,2.8,No,Express,No,No,17,Venmo,Weekly,53.06122448979591,37.3843537414966,44.56045373478358,0.0,Gold,At Risk,Clothing,1
3244,45,Female,Hoodie,Clothing,99.0,Idaho,L,Black,Summer,5.0,No,Store Pickup,No,No,11,Bank Transfer,Every 3 Months,14.829931972789115,73.05272108843536,44.57272823946351,0.0,Gold,Satisfied,Clothing,1
3245,65,Female,Sweater,Clothing,81.0,Arkansas,M,Black,Fall,4.7,No,Express,No,No,42,Credit Card,Annually,33.46938775510204,82.64115646258503,59.034458574849594,0.0,Platinum,Satisfied,Clothing,1
3246,63,Female,Pants,Clothing,76.0,Kansas,M,Purple,Fall,3.2,No,Next Day Air,No,No,20,Cash,Weekly,55.51020408163265,45.59183673469388,50.18638088363776,0.0,Gold,Neutral,Clothing,1
3247,70,Female,Sneakers,Footwear,98.0,Michigan,M,Magenta,Summer,2.9,No,Store Pickup,No,No,37,Cash,Monthly,62.72108843537415,62.323129251700685,62.764334597637095,0.0,Platinum,At Risk,Footwear,1
3248,53,Female,Gloves,Accessories,91.0,Arkansas,M,Teal,Summer,3.7,No,Express,No,No,12,PayPal,Fortnightly,35.64625850340136,53.06632653061224,44.26276225244853,0.0,Gold,Neutral,Accessories,1
3249,22,Female,T-shirt,Clothing,79.0,Pennsylvania,S,Teal,Summer,4.2,No,Free Shipping,No,No,41,Bank Transfer,Quarterly,45.98639455782313,74.46088435374149,60.90611703886633,0.0,Platinum,Satisfied,Clothing,1
3250,26,Female,Backpack,Accessories,83.0,Virginia,M,Pink,Summer,3.4,No,Express,No,No,32,Credit Card,Quarterly,38.63945578231293,59.338435374149654,49.12291268585941,0.0,Gold,Neutral,Accessories,1
3251,23,Female,Coat,Outerwear,90.0,Minnesota,M,Teal,Spring,2.9,No,2-Day Shipping,No,No,15,Venmo,Weekly,51.42857142857142,44.02380952380952,47.30467660861837,0.0,Gold,At Risk,Outerwear,1
3252,25,Female,Coat,Outerwear,20.0,Nevada,M,Gold,Winter,3.7,No,Standard,No,No,39,Venmo,Quarterly,44.35374149659864,41.85034013605442,42.601692447221296,0.0,Bronze,Neutral,Outerwear,1
3253,69,Female,Sandals,Footwear,21.0,Montana,L,Brown,Spring,2.7,No,Store Pickup,No,No,48,Credit Card,Fortnightly,65.03401360544217,35.056122448979586,49.29828473351655,0.0,Bronze,At Risk,Footwear,1
3254,36,Female,Backpack,Accessories,60.0,Nebraska,M,Brown,Fall,3.2,No,2-Day Shipping,No,No,8,Venmo,Fortnightly,32.38095238095238,30.761904761904766,30.66888853565978,0.0,Silver,Neutral,Accessories,1
3255,21,Female,Sweater,Clothing,31.0,Indiana,S,Magenta,Winter,4.9,No,Store Pickup,No,No,11,Bank Transfer,Every 3 Months,14.829931972789115,43.38605442176872,28.66334714028982,0.0,Bronze,Satisfied,Clothing,1
3256,57,Female,Shorts,Clothing,40.0,New Jersey,M,Black,Fall,2.8,No,Next Day Air,No,No,36,Bank Transfer,Monthly,61.904761904761905,36.14285714285714,48.31644348088175,0.0,Bronze,At Risk,Clothing,1
3257,60,Female,Sunglasses,Accessories,26.0,Wisconsin,L,Teal,Winter,4.7,No,Free Shipping,No,No,50,Venmo,Every 3 Months,46.666666666666664,65.16666666666666,56.262031142646926,0.0,Bronze,Satisfied,Accessories,1
3258,44,Female,Shirt,Clothing,98.0,Minnesota,M,Brown,Fall,3.3,No,Express,No,No,39,Venmo,Every 3 Months,37.687074829931966,69.0170068027211,53.83706203054703,0.0,Platinum,Neutral,Clothing,1
3259,31,Female,Shoes,Footwear,51.0,New Jersey,M,Magenta,Spring,4.3,No,Express,No,No,11,Credit Card,Bi-Weekly,28.163265306122447,43.71938775510204,35.50877089795843,0.0,Silver,Satisfied,Footwear,1
3260,57,Female,Hat,Accessories,95.0,Oklahoma,XL,Indigo,Fall,3.7,No,2-Day Shipping,No,No,5,Debit Card,Every 3 Months,9.931972789115646,49.971088435374156,29.745732121716134,0.0,Gold,Neutral,Accessories,1
3261,39,Female,Scarf,Accessories,36.0,Wisconsin,M,Violet,Summer,4.5,No,2-Day Shipping,No,No,7,Credit Card,Annually,4.8979591836734695,37.414965986394556,20.495237549263358,0.0,Bronze,Satisfied,Accessories,1
3262,48,Female,Belt,Accessories,52.0,Rhode Island,L,Cyan,Winter,3.4,No,Store Pickup,No,No,50,Debit Card,Weekly,80.0,58.666666666666664,69.44293453477555,0.0,Silver,Neutral,Accessories,1
3263,42,Female,T-shirt,Clothing,35.0,Indiana,M,Violet,Spring,2.7,No,Standard,No,No,21,Cash,Every 3 Months,22.993197278911566,22.522108843537417,21.556245138188068,0.0,Bronze,At Risk,Clothing,1
3264,56,Female,Shorts,Clothing,68.0,Vermont,S,Black,Fall,4.4,No,Express,No,No,31,Debit Card,Fortnightly,51.156462585034014,65.74149659863946,58.81519388121153,0.0,Silver,Satisfied,Clothing,1
3265,28,Female,Pants,Clothing,50.0,Maine,S,Charcoal,Winter,4.0,No,Express,No,No,39,Cash,Bi-Weekly,51.020408163265294,58.35034013605443,54.78350178515123,0.0,Silver,Satisfied,Clothing,1
3266,40,Female,Sunglasses,Accessories,100.0,Alabama,M,White,Winter,3.2,No,Express,No,No,28,Credit Card,Fortnightly,48.707482993197274,61.03401360544217,55.066216187877835,0.0,Platinum,Neutral,Accessories,1
3267,49,Female,Coat,Outerwear,74.0,Alabama,S,Gray,Winter,4.2,No,Next Day Air,No,No,33,Bank Transfer,Weekly,66.12244897959184,66.93537414965986,66.93842931258926,0.0,Platinum,Satisfied,Outerwear,1
3268,37,Female,Hoodie,Clothing,45.0,Idaho,L,Pink,Winter,3.0,No,Store Pickup,No,No,42,Credit Card,Quarterly,46.802721088435376,44.974489795918366,45.501573958295715,0.0,Silver,Neutral,Clothing,1
3269,22,Female,Dress,Clothing,97.0,Arkansas,M,Cyan,Fall,2.8,No,Free Shipping,No,No,5,Bank Transfer,Every 3 Months,9.931972789115646,38.80442176870748,23.75736957315074,0.0,Gold,At Risk,Clothing,1
3270,27,Female,Blouse,Clothing,60.0,Ohio,M,Blue,Winter,4.9,No,Express,No,No,25,Cash,Monthly,52.925170068027214,64.99319727891158,59.298256193928246,0.0,Silver,Satisfied,Clothing,1
3271,59,Female,Socks,Clothing,25.0,Illinois,M,Indigo,Winter,4.7,No,Express,No,No,48,PayPal,Annually,38.36734693877551,63.38945578231292,51.15930413534912,0.0,Bronze,Satisfied,Clothing,1
3272,35,Female,Socks,Clothing,55.0,Nevada,XL,Magenta,Spring,4.4,No,Standard,No,No,30,Credit Card,Weekly,63.67346938775509,59.644557823129254,61.804084163990446,0.0,Silver,Satisfied,Clothing,1
3273,58,Female,Shoes,Footwear,99.0,Texas,M,Lavender,Winter,3.1,No,Next Day Air,No,No,34,PayPal,Quarterly,40.27210884353742,63.3656462585034,52.098916724087076,0.0,Platinum,Neutral,Footwear,1
3274,58,Female,Belt,Accessories,45.0,Nevada,S,Orange,Summer,2.6,No,Free Shipping,No,No,34,PayPal,Every 3 Months,33.605442176870746,34.19897959183674,33.124337928082966,0.0,Bronze,At Risk,Accessories,1
3275,46,Female,Sweater,Clothing,20.0,Oklahoma,M,Cyan,Spring,3.9,No,Store Pickup,No,No,14,Cash,Fortnightly,37.27891156462585,27.51020408163265,31.37407446425298,0.0,Bronze,Neutral,Clothing,1
3276,43,Female,Pants,Clothing,88.0,Alabama,XL,Green,Summer,2.6,No,2-Day Shipping,No,No,2,Debit Card,Weekly,40.81632653061224,30.346938775510207,34.66404127271176,0.0,Gold,At Risk,Clothing,1
3277,39,Female,Scarf,Accessories,99.0,South Dakota,M,White,Summer,4.0,No,Store Pickup,No,No,41,PayPal,Every 3 Months,39.31972789115646,80.12755102040816,60.61165425256616,0.0,Platinum,Satisfied,Accessories,1
3278,59,Female,Skirt,Clothing,86.0,Texas,M,Blue,Spring,4.9,No,Store Pickup,No,No,3,Credit Card,Monthly,34.965986394557824,60.86054421768707,48.10244123915914,0.0,Gold,Satisfied,Clothing,1
3279,59,Female,Dress,Clothing,70.0,Montana,M,Black,Summer,3.3,No,2-Day Shipping,No,No,18,Bank Transfer,Weekly,53.877551020408156,43.064625850340136,48.01478375491888,0.0,Silver,Neutral,Clothing,1
3280,59,Female,Hat,Accessories,50.0,Wyoming,S,Red,Fall,3.0,No,Express,No,No,1,Debit Card,Fortnightly,26.666666666666668,19.16666666666667,21.593552584377605,0.0,Bronze,Neutral,Accessories,1
3281,45,Female,Handbag,Accessories,57.0,New York,L,Red,Winter,2.7,No,Next Day Air,No,No,5,PayPal,Monthly,36.59863945578232,20.80442176870749,27.437819992378692,0.0,Silver,At Risk,Accessories,1
3282,27,Female,Pants,Clothing,69.0,Oregon,L,Gold,Winter,3.1,No,Free Shipping,No,No,41,Bank Transfer,Annually,32.6530612244898,55.62755102040817,44.13967473058939,0.0,Silver,Neutral,Clothing,1
3283,24,Female,T-shirt,Clothing,94.0,California,M,Red,Fall,4.8,No,Next Day Air,No,No,5,Credit Card,Monthly,36.59863945578232,64.22108843537416,50.7209310953829,0.0,Gold,Satisfied,Clothing,1
3284,47,Female,Jacket,Outerwear,24.0,North Carolina,L,Purple,Spring,2.9,No,Express,No,No,10,Debit Card,Every 3 Months,14.013605442176868,13.122448979591834,12.025681658760575,0.0,Bronze,At Risk,Outerwear,1
3285,70,Female,Scarf,Accessories,79.0,Kentucky,L,White,Spring,4.5,No,2-Day Shipping,No,No,20,Venmo,Annually,15.51020408163265,64.17517006802721,40.15208870699657,0.0,Gold,Satisfied,Accessories,1
3286,58,Female,Hat,Accessories,31.0,Hawaii,XL,Magenta,Fall,4.6,No,Free Shipping,No,No,11,Cash,Weekly,48.16326530612244,39.386054421768705,43.18492871493306,0.0,Bronze,Satisfied,Accessories,1
3287,45,Female,Jacket,Outerwear,67.0,Illinois,L,Pink,Winter,5.0,No,Express,No,No,4,Venmo,Fortnightly,29.115646258503403,54.957482993197274,42.01162901364328,0.0,Silver,Satisfied,Outerwear,1
3288,24,Female,Skirt,Clothing,63.0,West Virginia,L,Black,Spring,4.3,No,2-Day Shipping,No,No,38,Credit Card,Weekly,70.20408163265306,67.08673469387755,69.06041595085036,0.0,Silver,Satisfied,Clothing,1
3289,67,Female,Handbag,Accessories,61.0,South Carolina,XL,White,Spring,4.9,No,Next Day Air,No,No,19,Credit Card,Bi-Weekly,34.69387755102041,61.32823129251701,48.21719396037787,0.0,Silver,Satisfied,Accessories,1
3290,31,Female,Backpack,Accessories,50.0,Montana,M,Maroon,Summer,4.0,No,2-Day Shipping,No,No,16,Venmo,Every 3 Months,18.91156462585034,42.70408163265306,30.338441051046022,0.0,Silver,Satisfied,Accessories,1
3291,52,Female,Coat,Outerwear,82.0,North Dakota,L,Black,Spring,3.1,No,Free Shipping,No,No,2,PayPal,Monthly,34.14965986394558,34.51360544217688,33.56517157690284,0.0,Gold,Neutral,Outerwear,1
3292,29,Female,Belt,Accessories,51.0,New Mexico,L,Olive,Fall,2.6,No,2-Day Shipping,No,No,11,Cash,Monthly,41.49659863945578,21.052721088435376,30.01995537649239,0.0,Silver,At Risk,Accessories,1
3293,62,Female,Handbag,Accessories,23.0,Missouri,L,Gray,Spring,4.9,No,Standard,No,No,18,Bank Transfer,Fortnightly,40.54421768707483,44.81462585034014,42.28659181601247,0.0,Bronze,Satisfied,Accessories,1
3294,19,Female,Coat,Outerwear,91.0,West Virginia,M,Gold,Spring,3.5,No,2-Day Shipping,No,No,47,Credit Card,Fortnightly,64.21768707482994,74.20918367346938,69.88678345314376,0.0,Platinum,Neutral,Outerwear,1
3295,62,Female,Sweater,Clothing,60.0,South Carolina,S,Magenta,Spring,4.5,No,Store Pickup,No,No,15,Bank Transfer,Bi-Weekly,31.428571428571427,52.85714285714285,42.0417395201701,0.0,Silver,Satisfied,Clothing,1
3296,70,Female,Blouse,Clothing,34.0,West Virginia,S,Lavender,Summer,2.8,No,Next Day Air,No,No,15,Cash,Weekly,51.42857142857142,19.35714285714285,34.07665187447395,0.0,Bronze,At Risk,Clothing,1
3297,20,Female,Blouse,Clothing,23.0,Alaska,M,Green,Spring,4.2,No,Next Day Air,No,No,47,Venmo,Quarterly,50.884353741496604,55.20918367346938,53.030962599365836,0.0,Bronze,Satisfied,Clothing,1
3298,67,Female,Belt,Accessories,82.0,West Virginia,M,Violet,Fall,4.1,No,Free Shipping,No,No,47,PayPal,Monthly,70.8843537414966,78.45918367346938,75.49926969675198,0.0,Platinum,Satisfied,Accessories,1
3299,65,Female,Jacket,Outerwear,73.0,New Mexico,M,Brown,Fall,3.5,No,Express,No,No,6,Bank Transfer,Every 3 Months,10.748299319727892,38.81802721088436,24.17282904625287,0.0,Gold,Neutral,Outerwear,1
3300,45,Female,Shorts,Clothing,32.0,South Dakota,L,Teal,Spring,4.0,No,2-Day Shipping,No,No,18,Venmo,Monthly,47.2108843537415,36.564625850340136,41.1956871470475,0.0,Bronze,Satisfied,Clothing,1
3301,26,Female,Hat,Accessories,80.0,Oklahoma,M,Charcoal,Spring,4.0,No,Express,No,No,40,Bank Transfer,Bi-Weekly,51.83673469387755,71.53061224489797,62.259866352830464,0.0,Platinum,Satisfied,Accessories,1
3302,36,Female,Pants,Clothing,58.0,Oklahoma,XL,Charcoal,Summer,2.5,No,Free Shipping,No,No,31,Credit Card,Fortnightly,51.156462585034014,36.24149659863946,42.9951913275388,0.0,Silver,At Risk,Clothing,1
3303,36,Female,Blouse,Clothing,82.0,Alabama,XL,Beige,Winter,4.2,No,Standard,No,No,31,Venmo,Bi-Weekly,44.48979591836735,68.90816326530611,57.180052912396725,0.0,Platinum,Satisfied,Clothing,1
3304,20,Female,Belt,Accessories,60.0,Mississippi,S,Turquoise,Summer,3.4,No,Next Day Air,No,No,4,Credit Card,Fortnightly,29.115646258503403,30.707482993197278,29.007050643251297,0.0,Silver,Neutral,Accessories,1
3305,30,Female,Handbag,Accessories,79.0,Mississippi,XL,Orange,Fall,4.8,No,Next Day Air,No,No,36,Bank Transfer,Every 3 Months,35.238095238095234,79.0595238095238,57.9980856140497,0.0,Platinum,Satisfied,Accessories,1
3306,34,Female,Hoodie,Clothing,41.0,Nebraska,L,Cyan,Summer,4.9,No,Standard,No,No,31,PayPal,Bi-Weekly,44.48979591836735,61.15816326530612,53.02395054660136,0.0,Silver,Satisfied,Clothing,1
3307,63,Female,Jacket,Outerwear,39.0,Colorado,L,Orange,Summer,3.6,No,Store Pickup,No,No,6,Venmo,Fortnightly,30.74829931972789,25.984693877551024,27.29068104267773,0.0,Bronze,Neutral,Outerwear,1
3308,18,Female,Scarf,Accessories,36.0,Pennsylvania,S,Green,Winter,4.0,No,Store Pickup,No,No,1,Cash,Monthly,33.333333333333336,26.666666666666668,28.94892046525485,0.0,Bronze,Satisfied,Accessories,1
3309,55,Female,Jeans,Clothing,70.0,Utah,M,Pink,Fall,2.6,No,Express,No,No,29,Cash,Monthly,56.19047619047619,41.214285714285715,48.17896207969717,0.0,Silver,At Risk,Clothing,1
3310,48,Female,Handbag,Accessories,47.0,Massachusetts,M,Blue,Summer,3.1,No,Store Pickup,No,No,19,PayPal,Monthly,48.02721088435374,31.494897959183675,38.88510098236985,0.0,Silver,Neutral,Accessories,1
3311,45,Female,Jacket,Outerwear,27.0,Iowa,M,Pink,Winter,3.6,No,Free Shipping,No,No,12,PayPal,Fortnightly,35.64625850340136,25.066326530612248,29.247166608284598,0.0,Bronze,Neutral,Outerwear,1
3312,29,Female,Hat,Accessories,52.0,Florida,L,Blue,Summer,4.0,No,Express,No,No,18,Bank Transfer,Annually,13.877551020408161,44.89795918367347,28.99794775542962,0.0,Silver,Satisfied,Accessories,1
3313,55,Female,Sneakers,Footwear,75.0,Louisiana,L,Black,Summer,3.9,No,Next Day Air,No,No,45,Cash,Quarterly,49.25170068027211,71.51530612244898,60.95914111225723,0.0,Platinum,Neutral,Footwear,1
3314,55,Female,Hat,Accessories,30.0,Kansas,XL,Black,Fall,3.9,No,Express,No,No,45,Credit Card,Monthly,69.25170068027211,52.765306122448976,60.90405474339745,0.0,Bronze,Neutral,Accessories,1
3315,55,Female,Socks,Clothing,94.0,Kansas,M,Violet,Spring,3.3,No,Standard,No,No,8,Credit Card,Quarterly,19.04761904761905,46.261904761904766,32.314426600583865,0.0,Gold,Neutral,Clothing,1
3316,48,Female,Scarf,Accessories,68.0,Kentucky,S,Gold,Summer,2.9,No,Standard,No,No,4,PayPal,Every 3 Months,9.115646258503402,27.374149659863946,17.21947973323178,0.0,Gold,At Risk,Accessories,1
3317,42,Female,Socks,Clothing,45.0,New Mexico,M,Olive,Summer,3.1,No,Free Shipping,No,No,5,Debit Card,Fortnightly,29.931972789115648,21.137755102040824,24.28324375004731,0.0,Bronze,Neutral,Clothing,1
3318,21,Female,Hat,Accessories,67.0,North Carolina,XL,Pink,Summer,4.7,No,Standard,No,No,30,Cash,Quarterly,37.006802721088434,68.64455782312925,53.29719228770982,0.0,Silver,Satisfied,Accessories,1
3319,45,Female,Jacket,Outerwear,46.0,North Dakota,M,Olive,Summer,3.9,No,Free Shipping,No,No,15,PayPal,Monthly,44.761904761904766,39.023809523809526,41.28998691025577,0.0,Silver,Neutral,Outerwear,1
3320,23,Female,Shorts,Clothing,31.0,North Dakota,M,Indigo,Summer,4.3,No,Next Day Air,No,No,17,Credit Card,Every 3 Months,19.727891156462583,39.467687074829925,29.011018886879114,0.0,Bronze,Satisfied,Clothing,1
3321,66,Female,Blouse,Clothing,44.0,Illinois,XL,Silver,Fall,4.2,No,2-Day Shipping,No,No,45,Cash,Every 3 Months,42.58503401360544,62.59863945578231,52.844055594621686,0.0,Silver,Satisfied,Clothing,1
3322,32,Female,Coat,Outerwear,100.0,Maine,S,Charcoal,Winter,4.3,No,Next Day Air,No,No,3,Venmo,Annually,1.6326530612244898,58.6938775510204,30.273853480979778,0.0,Gold,Satisfied,Outerwear,1
3323,52,Female,Sweater,Clothing,92.0,Indiana,XL,Orange,Winter,4.6,No,Next Day Air,No,No,43,PayPal,Weekly,74.28571428571429,86.57142857142857,81.55031386722465,0.0,Platinum,Satisfied,Clothing,1
3324,54,Female,Handbag,Accessories,78.0,North Dakota,M,Yellow,Winter,3.8,No,Free Shipping,No,No,4,Credit Card,Monthly,35.782312925170075,43.54081632653062,39.22253198015977,0.0,Gold,Neutral,Accessories,1
3325,37,Female,T-shirt,Clothing,32.0,Missouri,S,Red,Fall,3.3,No,Standard,No,No,41,Venmo,Weekly,72.65306122448979,42.87755102040816,57.30221599976473,0.0,Bronze,Neutral,Clothing,1
3326,29,Female,Sandals,Footwear,97.0,Alaska,M,Maroon,Fall,3.7,No,2-Day Shipping,No,No,16,Venmo,Monthly,45.57823129251701,58.28741496598639,52.028668388720604,0.0,Platinum,Neutral,Footwear,1
3327,47,Female,Gloves,Accessories,95.0,North Dakota,M,Magenta,Summer,4.3,No,Standard,No,No,10,Debit Card,Annually,7.346938775510203,61.372448979591844,34.56743724795976,0.0,Gold,Satisfied,Accessories,1
3328,47,Female,Shorts,Clothing,64.0,Connecticut,M,Black,Spring,4.1,No,Express,No,No,2,Debit Card,Quarterly,14.14965986394558,40.346938775510196,26.693420669436986,0.0,Silver,Satisfied,Clothing,1
3329,42,Female,Sandals,Footwear,35.0,Wisconsin,M,Violet,Spring,3.2,No,Free Shipping,No,No,11,Cash,Bi-Weekly,28.163265306122447,22.386054421768716,24.06831707383353,0.0,Bronze,Neutral,Footwear,1
3330,34,Female,Backpack,Accessories,54.0,New Jersey,M,Gray,Winter,3.8,No,Express,No,No,1,Debit Card,Bi-Weekly,20.0,31.5,24.87423161811648,0.0,Silver,Neutral,Accessories,1
3331,38,Female,Sneakers,Footwear,96.0,Missouri,M,Black,Spring,3.2,No,2-Day Shipping,No,No,41,Bank Transfer,Quarterly,45.98639455782313,68.2108843537415,57.55442158257973,0.0,Platinum,Neutral,Footwear,1
3332,55,Female,Sunglasses,Accessories,58.0,California,M,Pink,Summer,3.5,No,Free Shipping,No,No,39,PayPal,Quarterly,44.35374149659864,55.01700680272108,49.662597541798384,0.0,Silver,Neutral,Accessories,1
3333,27,Female,T-shirt,Clothing,23.0,Washington,M,Silver,Summer,3.1,No,2-Day Shipping,No,No,1,PayPal,Bi-Weekly,20.0,9.250000000000009,12.942195793736207,0.0,Bronze,Neutral,Clothing,1
3334,55,Female,Jeans,Clothing,35.0,Minnesota,M,Violet,Spring,4.2,No,Express,No,No,3,PayPal,Monthly,34.965986394557824,30.277210884353746,31.70147813973007,0.0,Bronze,Satisfied,Clothing,1
3335,66,Female,Shirt,Clothing,23.0,California,M,Beige,Summer,3.4,No,Free Shipping,No,No,21,Credit Card,Annually,16.3265306122449,26.855442176870746,20.546753987880102,0.0,Bronze,Neutral,Clothing,1
3336,44,Female,Hat,Accessories,94.0,Texas,XL,Cyan,Winter,3.5,No,Express,No,No,48,Bank Transfer,Quarterly,51.70068027210885,76.13945578231292,64.66342953284044,0.0,Platinum,Neutral,Accessories,1
3337,39,Female,Blouse,Clothing,45.0,Montana,M,Brown,Fall,4.0,No,Free Shipping,No,No,24,Debit Card,Annually,18.775510204081634,46.06292517006803,32.07166513979869,0.0,Bronze,Satisfied,Clothing,1
3338,23,Female,Jacket,Outerwear,23.0,Arizona,L,Blue,Winter,4.4,No,2-Day Shipping,No,No,45,Bank Transfer,Bi-Weekly,55.91836734693878,56.51530612244898,56.24840535050275,0.0,Bronze,Satisfied,Outerwear,1
3339,29,Female,Skirt,Clothing,94.0,Minnesota,L,White,Winter,2.9,No,2-Day Shipping,No,No,46,Credit Card,Monthly,70.06802721088435,66.77891156462584,68.82731203858154,0.0,Platinum,At Risk,Clothing,1
3340,20,Female,Gloves,Accessories,99.0,Nebraska,M,Cyan,Fall,3.6,No,Store Pickup,No,No,35,Cash,Fortnightly,54.42176870748299,70.71258503401361,63.11369886589879,0.0,Platinum,Neutral,Accessories,1
3341,42,Female,T-shirt,Clothing,36.0,Virginia,XL,Maroon,Fall,4.4,No,Free Shipping,No,No,47,Credit Card,Fortnightly,64.21768707482994,63.29251700680272,64.03248872282985,0.0,Bronze,Satisfied,Clothing,1
3342,55,Female,Jacket,Outerwear,50.0,Connecticut,XL,Olive,Summer,4.5,No,Standard,No,No,35,Credit Card,Monthly,61.088435374149654,62.295918367346935,61.933415651432846,0.0,Silver,Satisfied,Outerwear,1
3343,66,Female,Jacket,Outerwear,81.0,New Jersey,M,Violet,Spring,3.8,No,Free Shipping,No,No,45,Credit Card,Weekly,75.91836734693878,72.68197278911563,74.9181242640974,0.0,Platinum,Neutral,Outerwear,1
3344,24,Female,Shorts,Clothing,31.0,Kentucky,XL,Green,Winter,3.6,No,2-Day Shipping,No,No,6,Cash,Bi-Weekly,24.081632653061224,22.65136054421769,22.16977679932488,0.0,Bronze,Neutral,Clothing,1
3345,62,Female,Hat,Accessories,48.0,Washington,XL,Magenta,Fall,4.3,No,Free Shipping,No,No,20,Cash,Annually,15.51020408163265,48.59183673469388,31.795194702655326,0.0,Bronze,Satisfied,Accessories,1
3346,28,Female,Handbag,Accessories,91.0,Florida,M,Turquoise,Summer,4.0,No,2-Day Shipping,No,No,3,Venmo,Bi-Weekly,21.63265306122449,50.943877551020414,36.11775111518441,0.0,Gold,Satisfied,Accessories,1
3347,30,Female,Jeans,Clothing,99.0,Oklahoma,M,Black,Summer,3.4,No,Express,No,No,30,Venmo,Quarterly,37.006802721088434,64.64455782312925,51.15210719568639,0.0,Platinum,Neutral,Clothing,1
3348,22,Female,Shoes,Footwear,70.0,Iowa,XL,Cyan,Summer,4.4,No,Standard,No,No,28,PayPal,Bi-Weekly,42.04081632653061,64.53401360544217,53.609832310064995,0.0,Silver,Satisfied,Footwear,1
3349,28,Female,T-shirt,Clothing,74.0,New Hampshire,L,Gray,Winter,2.8,No,Standard,No,No,15,Cash,Every 3 Months,18.09523809523809,36.02380952380952,26.347839757904868,0.0,Gold,At Risk,Clothing,1
3350,35,Female,Jewelry,Accessories,79.0,Georgia,M,Red,Fall,2.8,No,Store Pickup,No,No,29,PayPal,Quarterly,36.1904761904762,47.63095238095238,41.62003608148474,0.0,Gold,At Risk,Accessories,1
3351,45,Female,Handbag,Accessories,33.0,Mississippi,S,Olive,Fall,4.9,No,2-Day Shipping,No,No,15,Cash,Bi-Weekly,31.428571428571427,46.9404761904762,38.86880115488546,0.0,Bronze,Satisfied,Accessories,1
3352,43,Female,Shirt,Clothing,49.0,New Hampshire,L,Cyan,Spring,4.2,No,2-Day Shipping,No,No,18,Bank Transfer,Fortnightly,40.54421768707483,46.31462585034014,43.09099872552125,0.0,Silver,Satisfied,Clothing,1
3353,55,Female,Belt,Accessories,96.0,Washington,M,Teal,Summer,2.9,No,Next Day Air,No,No,7,Bank Transfer,Bi-Weekly,24.89795918367347,41.08163265306122,32.461565550284824,0.0,Gold,At Risk,Accessories,1
3354,31,Female,Dress,Clothing,66.0,Ohio,L,Teal,Fall,4.6,No,Free Shipping,No,No,19,Credit Card,Every 3 Months,21.36054421768707,59.41156462585033,40.52267402044997,0.0,Silver,Satisfied,Clothing,1
3355,42,Female,Skirt,Clothing,45.0,Maryland,M,Orange,Fall,2.8,No,Next Day Air,No,No,15,PayPal,Weekly,51.42857142857142,23.940476190476183,36.53456187575078,0.0,Bronze,At Risk,Clothing,1
3356,40,Female,Blouse,Clothing,28.0,Delaware,M,Peach,Spring,2.6,No,Store Pickup,No,No,3,Bank Transfer,Bi-Weekly,21.63265306122449,6.027210884353743,12.030233102671417,0.0,Bronze,At Risk,Clothing,1
3357,39,Female,Jeans,Clothing,48.0,Tennessee,M,Silver,Summer,3.5,No,Store Pickup,No,No,13,PayPal,Bi-Weekly,29.795918367346943,33.163265306122454,30.664152204850716,0.0,Bronze,Neutral,Clothing,1
3358,41,Female,Hoodie,Clothing,67.0,Arkansas,M,Pink,Winter,3.5,No,Free Shipping,No,No,37,Credit Card,Monthly,62.72108843537415,57.406462585034014,60.127667505358296,0.0,Silver,Neutral,Clothing,1
3359,56,Female,T-shirt,Clothing,59.0,Tennessee,M,Magenta,Fall,3.4,No,2-Day Shipping,No,No,26,Cash,Annually,20.40816326530612,45.25680272108843,32.45569135849804,0.0,Silver,Neutral,Clothing,1
3360,43,Female,Sunglasses,Accessories,74.0,New Hampshire,L,Red,Fall,3.9,No,Next Day Air,No,No,29,Debit Card,Monthly,56.19047619047619,60.21428571428571,58.368116266808414,0.0,Platinum,Neutral,Accessories,1
3361,22,Female,Jacket,Outerwear,81.0,Minnesota,M,Maroon,Spring,3.3,No,2-Day Shipping,No,No,47,Cash,Every 3 Months,44.21768707482993,67.37585034013604,56.22226308760374,0.0,Platinum,Neutral,Outerwear,1
3362,47,Female,Shoes,Footwear,26.0,Florida,M,Silver,Spring,4.1,No,Free Shipping,No,No,47,Credit Card,Bi-Weekly,57.55102040816327,55.125850340136054,56.31960665994868,0.0,Bronze,Satisfied,Footwear,1
3363,50,Female,Handbag,Accessories,61.0,Tennessee,M,Gray,Summer,3.0,No,Next Day Air,No,No,48,Venmo,Fortnightly,65.03401360544217,55.722789115646265,60.38122437563756,0.0,Silver,Neutral,Accessories,1
3364,58,Female,Sweater,Clothing,23.0,California,M,Turquoise,Winter,3.0,No,Next Day Air,No,No,46,Bank Transfer,Bi-Weekly,56.73469387755101,38.52891156462585,47.01098190949947,0.0,Bronze,Neutral,Clothing,1
3365,50,Female,Scarf,Accessories,33.0,Oregon,M,Peach,Fall,3.2,No,Standard,No,No,7,Credit Card,Monthly,38.23129251700681,18.83163265306123,27.196196392571224,0.0,Bronze,Neutral,Accessories,1
3366,43,Female,Skirt,Clothing,58.0,Tennessee,L,Teal,Fall,3.9,No,Express,No,No,45,Credit Card,Every 3 Months,42.58503401360544,64.43197278911565,53.82721959513243,0.0,Silver,Neutral,Clothing,1
3367,38,Female,Gloves,Accessories,65.0,North Carolina,M,Red,Spring,3.6,No,2-Day Shipping,No,No,47,Debit Card,Quarterly,50.884353741496604,64.70918367346938,58.12553969292147,0.0,Silver,Neutral,Accessories,1
3368,44,Female,T-shirt,Clothing,48.0,Tennessee,M,Blue,Summer,3.1,No,Store Pickup,No,No,6,Venmo,Fortnightly,30.74829931972789,23.068027210884363,25.72655649641065,0.0,Bronze,Neutral,Clothing,1
3369,30,Female,Sandals,Footwear,25.0,Nebraska,M,Blue,Spring,4.8,No,Express,No,No,29,Bank Transfer,Every 3 Months,29.523809523809526,51.79761904761905,40.5211663856758,0.0,Bronze,Satisfied,Footwear,1
3370,47,Female,Sweater,Clothing,51.0,Maine,M,Indigo,Winter,3.8,No,2-Day Shipping,No,No,42,Cash,Monthly,66.80272108843538,58.14115646258503,62.56247905287281,0.0,Silver,Neutral,Clothing,1
3371,30,Female,Belt,Accessories,31.0,Illinois,M,Charcoal,Summer,2.8,No,Store Pickup,No,No,46,Cash,Fortnightly,63.40136054421768,39.19557823129251,50.701829424836696,0.0,Bronze,At Risk,Accessories,1
3372,49,Female,Hoodie,Clothing,99.0,Colorado,S,Turquoise,Winter,4.0,No,Next Day Air,No,No,28,PayPal,Annually,22.04081632653061,71.28401360544217,47.22966340285451,0.0,Gold,Satisfied,Clothing,1
3373,56,Female,Socks,Clothing,25.0,Pennsylvania,M,Maroon,Winter,4.6,No,Free Shipping,No,No,14,Credit Card,Every 3 Months,17.278911564625847,38.92687074829931,27.496504831069824,0.0,Bronze,Satisfied,Clothing,1
3374,70,Female,Sandals,Footwear,52.0,Minnesota,M,Purple,Spring,3.5,No,Store Pickup,No,No,12,Debit Card,Every 3 Months,15.646258503401361,34.14965986394558,24.11829733808778,0.0,Silver,Neutral,Footwear,1
3375,22,Female,Blouse,Clothing,47.0,Nevada,S,Lavender,Spring,3.7,No,2-Day Shipping,No,No,41,Debit Card,Annually,32.6530612244898,54.4608843537415,43.514024912082554,0.0,Silver,Neutral,Clothing,1
3376,51,Female,Boots,Footwear,98.0,Connecticut,XL,Yellow,Fall,4.9,No,Express,No,No,8,Credit Card,Annually,5.714285714285714,69.26190476190477,37.98199921305188,0.0,Gold,Satisfied,Footwear,1
3377,22,Female,Hat,Accessories,46.0,Ohio,M,Green,Winter,4.1,No,Store Pickup,No,No,24,Cash,Quarterly,32.10884353741497,47.81292517006802,39.6768065342256,0.0,Silver,Satisfied,Accessories,1
3378,37,Female,Shirt,Clothing,32.0,Kentucky,M,Yellow,Winter,4.6,No,Next Day Air,No,No,18,PayPal,Fortnightly,40.54421768707483,44.56462585034012,42.152523997760994,0.0,Bronze,Satisfied,Clothing,1
3379,49,Female,Shorts,Clothing,75.0,Minnesota,L,Gold,Fall,4.5,No,Next Day Air,No,No,6,Cash,Quarterly,17.41496598639456,52.984693877551024,35.10333874716915,0.0,Gold,Satisfied,Clothing,1
3380,61,Female,Handbag,Accessories,51.0,Tennessee,L,Turquoise,Summer,5.0,No,Store Pickup,No,No,40,Cash,Weekly,71.83673469387755,72.78061224489795,72.93020544408778,0.0,Silver,Satisfied,Accessories,1
3381,41,Female,Dress,Clothing,52.0,North Dakota,L,Blue,Summer,3.8,No,Standard,No,No,6,PayPal,Every 3 Months,10.748299319727892,34.06802721088435,21.625540499475054,0.0,Bronze,Neutral,Clothing,1
3382,57,Female,Hat,Accessories,66.0,Minnesota,L,Turquoise,Winter,4.7,No,Standard,No,No,27,Credit Card,Quarterly,34.5578231292517,66.18707482993197,50.75482495863931,0.0,Silver,Satisfied,Accessories,1
3383,34,Female,Sweater,Clothing,35.0,Nebraska,M,Maroon,Spring,2.8,No,Express,No,No,2,Bank Transfer,Weekly,40.81632653061224,10.930272108843534,24.251440721848077,0.0,Bronze,At Risk,Clothing,1
3384,27,Female,Coat,Outerwear,43.0,Delaware,M,Pink,Fall,2.6,No,Next Day Air,No,No,39,Venmo,Bi-Weekly,51.020408163265294,36.767006802721085,43.20898014277487,0.0,Bronze,At Risk,Outerwear,1
3385,39,Female,Hoodie,Clothing,24.0,Minnesota,L,Maroon,Summer,3.8,No,Free Shipping,No,No,9,Venmo,Quarterly,19.863945578231295,24.4421768707483,21.021296613058148,0.0,Bronze,Neutral,Clothing,1
3386,62,Female,Jewelry,Accessories,83.0,Rhode Island,M,Olive,Winter,2.8,No,Standard,No,No,16,Credit Card,Every 3 Months,18.91156462585034,40.45408163265306,29.131830686782852,0.0,Gold,At Risk,Accessories,1
3387,34,Female,T-shirt,Clothing,62.0,Michigan,M,Lavender,Fall,2.6,No,2-Day Shipping,No,No,36,Cash,Quarterly,41.904761904761905,42.642857142857146,41.802206755419824,0.0,Silver,At Risk,Clothing,1
3388,53,Female,Pants,Clothing,78.0,New Jersey,S,Pink,Spring,3.4,No,2-Day Shipping,No,No,2,Credit Card,Bi-Weekly,20.816326530612244,36.84693877551021,28.149804547249836,0.0,Gold,Neutral,Clothing,1
3389,35,Female,Sweater,Clothing,61.0,South Dakota,M,Cyan,Spring,4.5,No,Store Pickup,No,No,21,Credit Card,Weekly,56.326530612244895,57.35544217687074,56.90302781455867,0.0,Silver,Satisfied,Clothing,1
3390,38,Female,Pants,Clothing,57.0,North Carolina,L,Maroon,Fall,3.8,No,Free Shipping,No,No,39,Venmo,Annually,31.0204081632653,58.60034013605442,44.917569603402704,0.0,Silver,Neutral,Clothing,1
3391,32,Female,Socks,Clothing,70.0,Oregon,S,Red,Summer,3.0,No,Next Day Air,No,No,38,PayPal,Annually,30.20408163265306,52.67006802721088,41.329171765015936,0.0,Gold,Neutral,Clothing,1
3392,47,Female,Hoodie,Clothing,57.0,Montana,M,Silver,Fall,3.7,No,2-Day Shipping,No,No,6,Debit Card,Every 3 Months,10.748299319727892,34.81802721088436,22.027743954229447,0.0,Silver,Neutral,Clothing,1
3393,53,Female,Scarf,Accessories,74.0,New Jersey,XL,Blue,Winter,4.4,No,Free Shipping,No,No,6,Venmo,Bi-Weekly,24.081632653061224,51.23469387755103,37.49819735274224,0.0,Gold,Satisfied,Accessories,1
3394,60,Female,Dress,Clothing,90.0,Arizona,M,Gold,Fall,3.1,No,Next Day Air,No,No,50,Debit Card,Monthly,73.33333333333334,70.5,72.4554779320115,0.0,Platinum,Neutral,Clothing,1
3395,31,Female,Sandals,Footwear,98.0,Vermont,S,Yellow,Spring,4.2,No,Store Pickup,No,No,9,PayPal,Annually,6.530612244897958,60.60884353741497,33.74977432010324,0.0,Gold,Satisfied,Footwear,1
3396,44,Female,Dress,Clothing,43.0,Colorado,M,Silver,Winter,3.1,No,Free Shipping,No,No,15,Debit Card,Every 3 Months,18.09523809523809,27.10714285714286,21.566087573602662,0.0,Bronze,Neutral,Clothing,1
3397,29,Female,Pants,Clothing,37.0,Tennessee,XL,Black,Winter,5.0,No,Next Day Air,No,No,5,PayPal,Quarterly,16.598639455782315,43.13775510204081,29.414545089509446,0.0,Bronze,Satisfied,Clothing,1
3398,19,Female,Blouse,Clothing,38.0,New Jersey,L,Yellow,Summer,2.7,No,Standard,No,No,13,Bank Transfer,Bi-Weekly,29.795918367346943,18.32993197278912,22.709461655263862,0.0,Bronze,At Risk,Clothing,1
3399,54,Female,Jeans,Clothing,60.0,Montana,L,Pink,Winter,3.8,No,Standard,No,No,44,Cash,Fortnightly,61.76870748299319,63.25170068027211,62.78611030352348,0.0,Silver,Neutral,Clothing,1
3400,40,Female,Pants,Clothing,55.0,Montana,XL,Yellow,Winter,3.3,No,Standard,No,No,36,Debit Card,Annually,28.57142857142857,49.05952380952381,38.57661409054072,0.0,Silver,Neutral,Clothing,1
3401,39,Female,Sunglasses,Accessories,51.0,Nevada,M,Lavender,Fall,4.8,No,Free Shipping,No,No,18,Venmo,Fortnightly,40.54421768707483,55.147959183673464,47.82806163707296,0.0,Silver,Satisfied,Accessories,1
3402,44,Female,Backpack,Accessories,71.0,Nevada,L,Peach,Winter,3.4,No,Standard,No,No,39,Credit Card,Weekly,71.02040816326529,59.10034013605442,65.18570523990563,0.0,Platinum,Neutral,Accessories,1
3403,22,Female,Hoodie,Clothing,61.0,Louisiana,M,Black,Spring,4.4,No,2-Day Shipping,No,No,11,PayPal,Every 3 Months,14.829931972789115,49.21938775510205,31.79159623282397,0.0,Silver,Satisfied,Clothing,1
3404,30,Female,Boots,Footwear,65.0,Illinois,M,Olive,Summer,3.9,No,Standard,No,No,1,Cash,Bi-Weekly,20.0,37.416666666666664,28.047169983401123,0.0,Gold,Neutral,Footwear,1
3405,69,Female,Gloves,Accessories,34.0,South Carolina,L,Olive,Fall,3.9,No,2-Day Shipping,No,No,34,Credit Card,Annually,26.93877551020408,46.94897959183674,36.62846332557429,0.0,Bronze,Neutral,Accessories,1
3406,28,Female,Blouse,Clothing,87.0,Washington,M,White,Summer,4.2,No,Store Pickup,No,No,47,Bank Transfer,Bi-Weekly,57.55102040816327,81.87585034013605,70.66486321285532,0.0,Platinum,Satisfied,Clothing,1
3407,57,Female,Sweater,Clothing,79.0,Nebraska,M,Red,Spring,4.0,No,Store Pickup,No,No,24,Venmo,Quarterly,32.10884353741497,60.229591836734684,46.3355081740483,0.0,Gold,Satisfied,Clothing,1
3408,46,Female,Dress,Clothing,46.0,Alabama,S,Purple,Spring,2.6,No,Store Pickup,No,No,20,Cash,Quarterly,28.843537414965986,25.091836734693878,25.859486453684404,0.0,Bronze,At Risk,Clothing,1
3409,48,Female,Socks,Clothing,72.0,Montana,L,Purple,Summer,4.4,No,Standard,No,No,11,Bank Transfer,Annually,8.16326530612245,53.802721088435376,30.916172900767474,0.0,Gold,Satisfied,Clothing,1
3410,24,Female,Shirt,Clothing,93.0,Minnesota,M,Teal,Summer,3.2,No,Next Day Air,No,No,3,Credit Card,Every 3 Months,8.299319727891156,41.110544217687085,24.17775026396017,0.0,Gold,Neutral,Clothing,1
3411,50,Female,Sandals,Footwear,76.0,Ohio,L,Teal,Summer,4.3,No,Free Shipping,No,No,38,Bank Transfer,Bi-Weekly,50.204081632653065,72.5034013605442,61.96521867963206,0.0,Platinum,Satisfied,Footwear,1
3412,29,Female,Shoes,Footwear,56.0,New York,L,Gray,Winter,4.9,No,2-Day Shipping,No,No,45,Cash,Weekly,75.91836734693878,76.93197278911566,77.1972771743723,0.0,Silver,Satisfied,Footwear,1
3413,61,Female,Sandals,Footwear,83.0,Indiana,M,Magenta,Fall,3.8,No,Store Pickup,No,No,31,Venmo,Quarterly,37.823129251700685,63.99149659863945,51.21005248678462,0.0,Gold,Neutral,Footwear,1
3414,34,Female,Gloves,Accessories,90.0,Delaware,XL,Black,Winter,2.5,No,Express,No,No,16,PayPal,Bi-Weekly,32.244897959183675,39.37074829931972,35.21753680769317,0.0,Gold,At Risk,Accessories,1
3415,27,Female,Boots,Footwear,94.0,Connecticut,M,Maroon,Spring,4.9,No,Next Day Air,No,No,3,Bank Transfer,Quarterly,14.965986394557826,64.19387755102042,39.890012149178666,0.0,Gold,Satisfied,Footwear,1
3416,38,Female,Blouse,Clothing,68.0,New York,M,Gold,Fall,3.0,No,2-Day Shipping,No,No,15,Bank Transfer,Annually,11.428571428571427,36.19047619047619,23.103884970072514,0.0,Gold,Neutral,Clothing,1
3417,25,Female,Sandals,Footwear,53.0,Alabama,M,Purple,Spring,3.2,No,Store Pickup,No,No,11,Bank Transfer,Every 3 Months,14.829931972789115,29.886054421768716,21.423684954710776,0.0,Silver,Neutral,Footwear,1
3418,54,Female,Coat,Outerwear,35.0,Massachusetts,M,Blue,Summer,2.9,No,2-Day Shipping,No,No,22,Debit Card,Fortnightly,43.80952380952381,25.869047619047613,33.7592755213097,0.0,Bronze,At Risk,Outerwear,1
3419,53,Female,Jacket,Outerwear,30.0,South Carolina,M,Beige,Summer,2.8,No,Free Shipping,No,No,35,Debit Card,Annually,27.755102040816322,31.295918367346932,28.64233952158467,0.0,Bronze,At Risk,Outerwear,1
3420,23,Female,Jewelry,Accessories,26.0,West Virginia,L,Indigo,Winter,3.1,No,Store Pickup,No,No,5,Venmo,Bi-Weekly,23.26530612244898,13.221088435374156,16.70442950541762,0.0,Bronze,Neutral,Accessories,1
3421,19,Female,Hat,Accessories,60.0,Kentucky,M,Purple,Winter,3.4,No,Express,No,No,35,PayPal,Bi-Weekly,47.755102040816325,51.795918367346935,49.6359006182047,0.0,Silver,Neutral,Accessories,1
3422,57,Female,Shoes,Footwear,30.0,New Jersey,M,Maroon,Summer,2.9,No,Free Shipping,No,No,27,PayPal,Weekly,61.224489795918366,27.187074829931966,43.17357864474428,0.0,Bronze,At Risk,Footwear,1
3423,19,Female,Coat,Outerwear,91.0,New York,L,Beige,Winter,3.2,No,Next Day Air,No,No,9,Venmo,Monthly,39.863945578231295,44.35884353741497,41.702032800424774,0.0,Gold,Neutral,Outerwear,1
3424,33,Female,Boots,Footwear,71.0,Massachusetts,M,Brown,Spring,3.8,No,Next Day Air,No,No,21,PayPal,Bi-Weekly,36.3265306122449,52.18877551020409,44.13229290402844,0.0,Gold,Neutral,Footwear,1
3425,33,Female,Scarf,Accessories,64.0,Florida,L,Green,Summer,3.6,No,2-Day Shipping,No,No,23,Credit Card,Monthly,51.292517006802726,47.965986394557824,49.35072560662446,0.0,Silver,Neutral,Accessories,1
3426,38,Female,Hat,Accessories,54.0,Michigan,M,Blue,Summer,4.3,No,Next Day Air,No,No,3,Debit Card,Bi-Weekly,21.63265306122449,39.52721088435374,29.995320748367565,0.0,Silver,Satisfied,Accessories,1
3427,47,Female,Socks,Clothing,35.0,Oregon,XL,Magenta,Fall,4.8,No,2-Day Shipping,No,No,31,Credit Card,Annually,24.489795918367342,57.324829931972786,40.968244000078904,0.0,Bronze,Satisfied,Clothing,1
3428,39,Female,T-shirt,Clothing,38.0,Michigan,XL,Turquoise,Winter,2.5,No,Store Pickup,No,No,44,Cash,Annually,35.10204081632653,36.7517006802721,35.241588235534984,0.0,Bronze,At Risk,Clothing,1
3429,32,Female,Jewelry,Accessories,69.0,Washington,M,Gray,Fall,2.5,No,Next Day Air,No,No,20,Venmo,Monthly,48.843537414965986,33.34183673469388,40.28372445598271,0.0,Gold,At Risk,Accessories,1
3430,27,Female,Skirt,Clothing,96.0,Alaska,S,Purple,Winter,4.6,No,Express,No,No,34,Debit Card,Weekly,66.93877551020408,82.11564625850339,75.48733642628018,0.0,Platinum,Satisfied,Clothing,1
3431,67,Female,Socks,Clothing,73.0,Montana,M,Lavender,Winter,4.2,No,Next Day Air,No,No,17,Bank Transfer,Every 3 Months,19.727891156462583,55.634353741496604,37.68073780047378,0.0,Gold,Satisfied,Clothing,1
3432,46,Female,Belt,Accessories,49.0,New Mexico,S,Green,Summer,4.2,No,Express,No,No,20,Venmo,Annually,15.51020408163265,47.675170068027214,31.303612702399963,0.0,Silver,Satisfied,Accessories,1
3433,36,Female,Boots,Footwear,44.0,Connecticut,M,Gray,Summer,4.8,No,2-Day Shipping,No,No,46,PayPal,Every 3 Months,43.40136054421768,71.27891156462584,57.90719943377456,0.0,Silver,Satisfied,Footwear,1
3434,62,Female,Socks,Clothing,93.0,Alaska,M,Yellow,Spring,4.5,No,Free Shipping,No,No,28,PayPal,Annually,22.04081632653061,75.45068027210884,49.46412704037891,0.0,Gold,Satisfied,Clothing,1
3435,31,Female,Pants,Clothing,72.0,Ohio,S,Orange,Summer,3.3,No,2-Day Shipping,No,No,6,Venmo,Fortnightly,30.74829931972789,35.734693877551024,32.51932595448481,0.0,Gold,Neutral,Clothing,1
3436,68,Female,Socks,Clothing,91.0,Montana,M,Beige,Summer,2.7,No,2-Day Shipping,No,No,50,Debit Card,Bi-Weekly,60.00000000000001,65.58333333333334,63.15214417306605,0.0,Platinum,At Risk,Clothing,1
3437,57,Female,Belt,Accessories,83.0,Nebraska,L,Peach,Winter,2.8,No,2-Day Shipping,No,No,41,Bank Transfer,Monthly,65.98639455782313,57.46088435374149,61.78950539776679,0.0,Platinum,At Risk,Accessories,1
3438,22,Female,Jacket,Outerwear,62.0,Oklahoma,S,Green,Winter,3.5,No,2-Day Shipping,No,No,50,PayPal,Annually,40.0,64.16666666666666,52.392426536307745,0.0,Silver,Neutral,Outerwear,1
3439,26,Female,Shirt,Clothing,71.0,Kentucky,M,Violet,Fall,3.0,No,Store Pickup,No,No,33,Credit Card,Monthly,59.455782312925166,49.685374149659864,54.35441651990494,0.0,Silver,Neutral,Clothing,1
3440,43,Female,Gloves,Accessories,93.0,Idaho,M,Gray,Summer,4.5,No,Express,No,No,25,Venmo,Quarterly,32.925170068027214,73.40986394557822,53.811872741727505,0.0,Platinum,Satisfied,Accessories,1
3441,45,Female,Handbag,Accessories,63.0,Maryland,L,Magenta,Fall,4.3,No,2-Day Shipping,No,No,2,PayPal,Weekly,40.81632653061224,42.59693877551021,41.233364367033495,0.0,Silver,Satisfied,Accessories,1
3442,64,Female,Sweater,Clothing,96.0,Tennessee,XL,Charcoal,Fall,4.1,No,Standard,No,No,15,Credit Card,Annually,11.428571428571427,62.52380952380952,37.22569515922669,0.0,Gold,Satisfied,Clothing,1
3443,28,Female,Skirt,Clothing,78.0,Michigan,M,Violet,Spring,4.3,No,Next Day Air,No,No,12,PayPal,Weekly,48.97959183673469,55.64965986394558,52.31479637438032,0.0,Gold,Satisfied,Clothing,1
3444,47,Female,Dress,Clothing,24.0,Tennessee,L,Silver,Summer,5.0,No,Free Shipping,No,No,28,Cash,Bi-Weekly,42.04081632653061,53.367346938775505,47.62146976149961,0.0,Bronze,Satisfied,Clothing,1
3445,53,Female,Pants,Clothing,63.0,Rhode Island,S,Green,Summer,3.8,No,2-Day Shipping,No,No,12,Bank Transfer,Bi-Weekly,28.9795918367347,42.732993197278915,35.3879590980547,0.0,Silver,Neutral,Clothing,1
3446,42,Female,Hat,Accessories,58.0,Florida,M,Magenta,Fall,4.9,No,Standard,No,No,3,Debit Card,Annually,1.6326530612244898,49.193877551020414,25.179276387424167,0.0,Silver,Satisfied,Accessories,1
3447,51,Female,Boots,Footwear,55.0,Louisiana,S,Purple,Spring,5.0,No,2-Day Shipping,No,No,20,Cash,Weekly,55.51020408163265,60.84183673469388,58.364517796977054,0.0,Silver,Satisfied,Footwear,1
3448,62,Female,Sandals,Footwear,58.0,Arkansas,M,Blue,Fall,4.3,No,Express,No,No,3,Bank Transfer,Bi-Weekly,21.63265306122449,41.19387755102041,30.88910620337732,0.0,Silver,Satisfied,Footwear,1
3449,18,Female,Coat,Outerwear,28.0,Kentucky,S,Yellow,Winter,4.1,No,Express,No,No,32,Bank Transfer,Fortnightly,51.97278911564626,45.75510204081632,48.50522789419654,0.0,Bronze,Satisfied,Outerwear,1
3450,48,Female,Blouse,Clothing,37.0,Kansas,M,Brown,Spring,4.5,No,Standard,No,No,35,Cash,Monthly,61.088435374149654,56.879251700680264,59.02861292265113,0.0,Bronze,Satisfied,Clothing,1
3451,20,Female,Shorts,Clothing,78.0,Vermont,M,Pink,Spring,3.6,No,Store Pickup,No,No,31,PayPal,Monthly,57.82312925170068,59.241496598639465,58.6627639400068,0.0,Platinum,Neutral,Clothing,1
3452,32,Female,Blouse,Clothing,73.0,Nevada,XL,Silver,Fall,3.0,No,Free Shipping,No,No,13,Credit Card,Annually,9.795918367346939,36.91326530612245,22.675169478622664,0.0,Gold,Neutral,Clothing,1
3453,26,Female,Jacket,Outerwear,20.0,Oklahoma,M,Indigo,Spring,3.7,No,Next Day Air,No,No,3,Venmo,Fortnightly,28.29931972789116,17.360544217687078,21.44130753007111,0.0,Bronze,Neutral,Outerwear,1
3454,31,Female,Shirt,Clothing,60.0,Alabama,L,Pink,Winter,4.3,No,Standard,No,No,48,Venmo,Bi-Weekly,58.36734693877551,72.63945578231292,66.11981341065328,0.0,Silver,Satisfied,Clothing,1
3455,55,Female,Handbag,Accessories,71.0,Louisiana,S,Lavender,Fall,4.6,No,Store Pickup,No,No,15,PayPal,Bi-Weekly,31.428571428571427,58.77380952380952,45.21467788545474,0.0,Gold,Satisfied,Accessories,1
3456,49,Female,T-shirt,Clothing,89.0,Ohio,M,Orange,Fall,4.7,No,Standard,No,No,13,Venmo,Annually,9.795918367346939,66.24659863945578,38.405793486794416,0.0,Gold,Satisfied,Clothing,1
3457,42,Female,Hoodie,Clothing,53.0,Texas,M,Red,Fall,4.6,No,Express,No,No,21,Venmo,Monthly,49.65986394557823,55.35544217687074,52.49715193521362,0.0,Silver,Satisfied,Clothing,1
3458,64,Female,Jewelry,Accessories,87.0,Maryland,M,Gray,Summer,3.0,No,Express,No,No,29,Cash,Fortnightly,49.523809523809526,53.630952380952394,51.50433038618654,0.0,Gold,Neutral,Accessories,1
3459,68,Female,Jewelry,Accessories,37.0,West Virginia,L,Violet,Spring,3.4,No,Standard,No,No,24,Venmo,Quarterly,32.10884353741497,34.7295918367347,32.660590712399,0.0,Bronze,Neutral,Accessories,1
3460,68,Female,Hoodie,Clothing,37.0,Ohio,L,Green,Fall,3.8,No,Express,No,No,21,PayPal,Annually,16.3265306122449,38.02210884353742,26.535116536445486,0.0,Bronze,Neutral,Clothing,1
3461,41,Female,Scarf,Accessories,78.0,Indiana,M,Gold,Spring,3.1,No,Express,No,No,5,Bank Transfer,Bi-Weekly,23.26530612244898,34.88775510204082,28.323640420544482,0.0,Gold,Neutral,Accessories,1
3462,51,Female,Shoes,Footwear,23.0,Wyoming,S,Maroon,Spring,4.4,No,Standard,No,No,47,Cash,Quarterly,50.884353741496604,57.87585034013606,54.461019327381464,0.0,Bronze,Satisfied,Footwear,1
3463,44,Female,Jeans,Clothing,73.0,Michigan,L,Olive,Spring,4.5,No,Standard,No,No,34,Credit Card,Every 3 Months,33.605442176870746,71.19897959183675,52.966375029299606,0.0,Gold,Satisfied,Clothing,1
3464,27,Female,Jewelry,Accessories,27.0,Maine,M,Yellow,Fall,2.8,No,2-Day Shipping,No,No,45,PayPal,Fortnightly,62.585034013605444,36.848639455782305,49.03507031472092,0.0,Bronze,At Risk,Accessories,1
3465,36,Female,Coat,Outerwear,59.0,Utah,S,Peach,Winter,2.7,No,Next Day Air,No,No,12,PayPal,Annually,8.979591836734695,26.39965986394558,16.628861638959066,0.0,Silver,At Risk,Outerwear,1
3466,19,Female,Backpack,Accessories,53.0,Iowa,M,Gold,Spring,3.4,No,Standard,No,No,31,Debit Card,Weekly,64.48979591836735,46.158163265306115,54.979881451513535,0.0,Silver,Neutral,Accessories,1
3467,49,Female,Socks,Clothing,42.0,Maryland,S,Purple,Summer,4.6,No,Standard,No,No,43,Bank Transfer,Annually,34.285714285714285,65.73809523809523,50.37799567960266,0.0,Silver,Satisfied,Clothing,1
3468,18,Female,Scarf,Accessories,45.0,Texas,M,Charcoal,Fall,5.0,No,Next Day Air,No,No,5,Credit Card,Annually,3.265306122448979,46.47108843537415,24.5354493328623,0.0,Bronze,Satisfied,Accessories,1
3469,36,Female,Sunglasses,Accessories,89.0,Ohio,S,Indigo,Winter,3.5,No,Standard,No,No,36,Debit Card,Quarterly,41.904761904761905,65.89285714285712,54.270513852805934,0.0,Platinum,Neutral,Accessories,1
3470,36,Female,Socks,Clothing,85.0,North Dakota,L,Magenta,Fall,3.3,No,Store Pickup,No,No,12,Cash,Annually,8.979591836734695,45.232993197278915,26.72863728056934,0.0,Gold,Neutral,Clothing,1
3471,19,Female,Coat,Outerwear,69.0,West Virginia,S,Olive,Summer,4.5,No,Free Shipping,No,No,31,Cash,Bi-Weekly,44.48979591836735,67.49149659863944,56.420335275638436,0.0,Silver,Satisfied,Outerwear,1
3472,43,Female,Sandals,Footwear,66.0,North Carolina,S,Blue,Spring,3.1,No,Store Pickup,No,No,31,Cash,Bi-Weekly,44.48979591836735,47.57482993197279,45.739599088271824,0.0,Silver,Neutral,Footwear,1
3473,31,Female,Blouse,Clothing,42.0,Georgia,S,White,Summer,4.0,No,Free Shipping,No,No,15,Debit Card,Weekly,51.42857142857142,38.69047619047619,44.44456315258714,0.0,Bronze,Satisfied,Clothing,1
3474,63,Female,Dress,Clothing,40.0,Kansas,M,Cyan,Spring,2.5,No,Express,No,No,11,Cash,Weekly,48.16326530612244,15.136054421768709,30.180350344541075,0.0,Bronze,At Risk,Clothing,1
3475,41,Female,Pants,Clothing,82.0,Maine,M,Cyan,Winter,4.4,No,Store Pickup,No,No,18,Venmo,Monthly,47.2108843537415,62.73129251700681,55.228118790700705,0.0,Platinum,Satisfied,Clothing,1
3476,48,Female,Sneakers,Footwear,88.0,South Carolina,M,Orange,Spring,4.4,No,Express,No,No,9,Cash,Quarterly,19.863945578231295,59.10884353741497,39.61203407726113,0.0,Gold,Satisfied,Footwear,1
3477,68,Female,Boots,Footwear,99.0,South Carolina,XL,Orange,Summer,3.2,No,Free Shipping,No,No,11,Cash,Weekly,48.16326530612244,49.05272108843538,48.368884353989664,0.0,Gold,Neutral,Footwear,1
3478,53,Female,Handbag,Accessories,85.0,Kentucky,S,Teal,Spring,3.8,No,Store Pickup,No,No,38,Debit Card,Bi-Weekly,50.204081632653065,69.58673469387755,60.401094133364985,0.0,Platinum,Neutral,Accessories,1
3479,36,Female,Handbag,Accessories,57.0,Arizona,M,Magenta,Fall,4.6,No,Store Pickup,No,No,42,PayPal,Quarterly,46.802721088435376,71.30782312925169,59.6233841474499,0.0,Silver,Satisfied,Accessories,1
3480,46,Female,Sweater,Clothing,56.0,New York,S,Orange,Summer,4.9,No,Standard,No,No,41,Cash,Monthly,65.98639455782313,74.2108843537415,70.77204922061486,0.0,Silver,Satisfied,Clothing,1
3481,21,Female,Sandals,Footwear,79.0,New Hampshire,L,Peach,Winter,3.5,No,Free Shipping,No,No,45,PayPal,Monthly,69.25170068027211,67.8486394557823,68.99281311123576,0.0,Platinum,Neutral,Footwear,1
3482,52,Female,Socks,Clothing,67.0,Ohio,S,Maroon,Summer,3.4,No,Store Pickup,No,No,41,Debit Card,Bi-Weekly,52.6530612244898,58.79421768707482,55.83786709510792,0.0,Silver,Neutral,Clothing,1
3483,66,Female,Gloves,Accessories,61.0,Hawaii,M,Gold,Winter,3.9,No,Next Day Air,No,No,35,Debit Card,Weekly,67.75510204081631,58.87925170068027,63.43448880199617,0.0,Silver,Neutral,Accessories,1
3484,19,Female,Hoodie,Clothing,37.0,Texas,L,White,Winter,3.9,No,Express,No,No,21,Credit Card,Every 3 Months,22.993197278911566,39.355442176870746,30.583478233786625,0.0,Bronze,Neutral,Clothing,1
3485,44,Female,Dress,Clothing,75.0,Illinois,L,Gray,Fall,4.2,No,Free Shipping,No,No,13,Credit Card,Bi-Weekly,29.795918367346943,53.746598639455776,41.702402574221225,0.0,Gold,Satisfied,Clothing,1
3486,50,Female,Shirt,Clothing,21.0,Massachusetts,XL,Brown,Winter,3.4,No,Standard,No,No,23,Debit Card,Fortnightly,44.625850340136054,27.382653061224495,34.979141903920606,0.0,Bronze,Neutral,Clothing,1
3487,51,Female,Shorts,Clothing,89.0,North Carolina,L,Charcoal,Winter,4.9,No,Standard,No,No,6,PayPal,Weekly,44.08163265306122,64.15136054421768,54.42503462906786,0.0,Platinum,Satisfied,Clothing,1
3488,25,Female,Sandals,Footwear,24.0,West Virginia,L,Beige,Fall,2.9,No,Store Pickup,No,No,39,Bank Transfer,Annually,31.0204081632653,32.85034013605441,31.10858432350193,0.0,Bronze,At Risk,Footwear,1
3489,62,Female,Sweater,Clothing,27.0,Delaware,XL,Teal,Spring,4.9,No,Store Pickup,No,No,7,Cash,Quarterly,18.231292517006807,38.9982993197279,28.0110003981893,0.0,Bronze,Satisfied,Clothing,1
3490,48,Female,Dress,Clothing,26.0,Idaho,L,Black,Summer,4.6,No,2-Day Shipping,No,No,32,PayPal,Every 3 Months,31.972789115646254,51.58843537414965,41.63347698673069,0.0,Bronze,Satisfied,Clothing,1
3491,62,Female,Boots,Footwear,82.0,Oregon,M,Violet,Spring,3.6,No,Store Pickup,No,No,43,Credit Card,Quarterly,47.61904761904762,69.07142857142858,58.83223325628886,0.0,Platinum,Neutral,Footwear,1
3492,22,Female,Pants,Clothing,28.0,Maine,M,Orange,Winter,4.3,No,Express,No,No,15,Cash,Monthly,44.761904761904766,36.857142857142854,40.12806581874309,0.0,Bronze,Satisfied,Clothing,1
3493,48,Female,Gloves,Accessories,65.0,South Dakota,M,Turquoise,Fall,4.6,No,Standard,No,No,48,Bank Transfer,Annually,38.36734693877551,78.72278911564624,59.382130321438886,0.0,Silver,Satisfied,Accessories,1
3494,48,Female,Pants,Clothing,82.0,New Mexico,XL,Black,Winter,4.7,No,Store Pickup,No,No,35,Credit Card,Weekly,67.75510204081631,78.29591836734694,73.84708935285987,0.0,Platinum,Satisfied,Clothing,1
3495,62,Female,Scarf,Accessories,38.0,Washington,M,Silver,Winter,3.5,No,Free Shipping,No,No,41,PayPal,Quarterly,45.98639455782313,48.044217687074834,46.739617576961656,0.0,Bronze,Neutral,Accessories,1
3496,24,Female,Shorts,Clothing,33.0,Georgia,XL,Gray,Spring,2.8,No,Free Shipping,No,No,14,Cash,Weekly,50.61224489795918,18.260204081632647,33.08023185561548,0.0,Bronze,At Risk,Clothing,1
3497,39,Female,Shoes,Footwear,38.0,Idaho,M,Pink,Summer,4.0,No,Free Shipping,No,No,22,PayPal,Monthly,50.476190476190474,41.785714285714285,45.62825994998623,0.0,Bronze,Satisfied,Footwear,1
3498,35,Female,Handbag,Accessories,48.0,Colorado,M,Red,Spring,4.3,No,Store Pickup,No,No,16,Venmo,Every 3 Months,18.91156462585034,45.87074829931973,32.036633415564566,0.0,Bronze,Satisfied,Accessories,1
3499,47,Female,Sandals,Footwear,35.0,Kentucky,M,Lavender,Summer,3.8,No,Standard,No,No,2,Bank Transfer,Bi-Weekly,20.816326530612244,24.26360544217687,21.40172436192615,0.0,Bronze,Neutral,Footwear,1
3500,22,Female,Socks,Clothing,29.0,New Jersey,L,Indigo,Fall,3.0,No,Next Day Air,No,No,13,PayPal,Every 3 Months,16.462585034013603,18.579931972789122,16.176862806848657,0.0,Bronze,Neutral,Clothing,1
3501,38,Female,Shirt,Clothing,48.0,Oregon,S,Silver,Fall,4.6,No,Next Day Air,No,No,38,Debit Card,Fortnightly,56.87074829931973,64.83673469387755,61.187138919920514,0.0,Silver,Satisfied,Clothing,1
3502,53,Female,Shoes,Footwear,87.0,Nebraska,M,Silver,Fall,4.8,No,Standard,No,No,43,Bank Transfer,Weekly,74.28571428571429,87.1547619047619,81.86313877647807,0.0,Platinum,Satisfied,Footwear,1
3503,31,Female,Backpack,Accessories,62.0,Massachusetts,M,Green,Fall,4.7,No,Next Day Air,No,No,26,Bank Transfer,Quarterly,33.74149659863945,63.84013605442176,49.08806584852351,0.0,Silver,Satisfied,Accessories,1
3504,31,Female,Shirt,Clothing,96.0,Nebraska,M,Pink,Spring,3.9,No,Free Shipping,No,No,39,Cash,Weekly,71.02040816326529,76.18367346938776,74.34700615375564,0.0,Platinum,Neutral,Clothing,1
3505,65,Female,Handbag,Accessories,41.0,Hawaii,S,Violet,Fall,4.0,No,Next Day Air,No,No,50,Venmo,Monthly,73.33333333333334,62.083333333333336,67.94186138421222,0.0,Silver,Satisfied,Accessories,1
3506,48,Female,Jewelry,Accessories,42.0,Indiana,L,Red,Winter,3.7,No,2-Day Shipping,No,No,40,Bank Transfer,Every 3 Months,38.50340136054422,51.697278911564624,44.95715277154766,0.0,Bronze,Neutral,Accessories,1
3507,18,Female,Shirt,Clothing,57.0,Illinois,L,Olive,Winter,3.7,No,2-Day Shipping,No,No,12,Cash,Fortnightly,35.64625850340136,38.89965986394559,36.66558588486559,0.0,Silver,Neutral,Clothing,1
3508,46,Female,Handbag,Accessories,65.0,Colorado,S,Purple,Spring,4.2,No,Store Pickup,No,No,33,Credit Card,Every 3 Months,32.7891156462585,63.185374149659864,48.260745372150645,0.0,Silver,Satisfied,Accessories,1
3509,52,Female,Pants,Clothing,54.0,Pennsylvania,M,Gray,Fall,4.7,No,Standard,No,No,49,Bank Transfer,Weekly,79.18367346938776,76.15306122448979,78.4122223392759,0.0,Silver,Satisfied,Clothing,1
3510,50,Female,T-shirt,Clothing,22.0,Ohio,L,Brown,Winter,4.3,No,Next Day Air,No,No,43,Venmo,Bi-Weekly,54.28571428571429,53.40476190476191,53.76398331253045,0.0,Bronze,Satisfied,Clothing,1
3511,49,Female,Sneakers,Footwear,96.0,Pennsylvania,S,Orange,Fall,4.9,No,2-Day Shipping,No,No,14,Venmo,Monthly,43.94557823129252,72.51020408163266,58.839615082849804,0.0,Platinum,Satisfied,Footwear,1
3512,69,Female,Jewelry,Accessories,81.0,Mississippi,M,Blue,Summer,3.9,No,2-Day Shipping,No,No,21,Credit Card,Every 3 Months,22.993197278911566,57.68877551020408,40.415118238893974,0.0,Gold,Neutral,Accessories,1
3513,36,Female,Shirt,Clothing,46.0,Kentucky,M,White,Fall,3.4,No,Free Shipping,No,No,31,Debit Card,Quarterly,37.823129251700685,43.24149659863945,40.08242357191312,0.0,Silver,Neutral,Clothing,1
3514,30,Female,Blouse,Clothing,74.0,Alaska,XL,Charcoal,Spring,4.2,No,Store Pickup,No,No,29,Credit Card,Fortnightly,49.523809523809526,64.21428571428571,57.17986802549851,0.0,Platinum,Satisfied,Clothing,1
3515,25,Female,Sneakers,Footwear,50.0,Georgia,XL,Gray,Winter,4.7,No,Express,No,No,32,Cash,Monthly,58.639455782312936,62.92176870748298,61.04455141413039,0.0,Silver,Satisfied,Footwear,1
3516,19,Female,Dress,Clothing,80.0,South Dakota,XL,Charcoal,Winter,4.0,No,Next Day Air,No,No,16,Debit Card,Bi-Weekly,32.244897959183675,55.20408163265307,43.70849863028589,0.0,Gold,Satisfied,Clothing,1
3517,34,Female,Boots,Footwear,56.0,South Carolina,S,White,Summer,4.0,No,Free Shipping,No,No,38,PayPal,Bi-Weekly,50.204081632653065,60.170068027210874,55.35120631255985,0.0,Silver,Satisfied,Footwear,1
3518,29,Female,Skirt,Clothing,69.0,Tennessee,M,Orange,Winter,3.1,No,Next Day Air,No,No,34,Debit Card,Every 3 Months,33.605442176870746,50.8656462585034,42.06219247818055,0.0,Gold,Neutral,Clothing,1
3519,50,Female,Shirt,Clothing,97.0,Colorado,M,Black,Spring,4.2,No,Standard,No,No,30,PayPal,Quarterly,37.006802721088434,74.47789115646259,56.42544138024397,0.0,Platinum,Satisfied,Clothing,1
3520,31,Female,Shorts,Clothing,66.0,Wisconsin,M,White,Winter,3.7,No,Next Day Air,No,No,14,Bank Transfer,Fortnightly,37.27891156462585,44.01020408163265,40.22255046884959,0.0,Silver,Neutral,Clothing,1
3521,41,Female,Hat,Accessories,70.0,Georgia,S,Brown,Spring,3.1,No,Express,No,No,33,Bank Transfer,Monthly,59.455782312925166,50.602040816326536,54.8459985201603,0.0,Silver,Neutral,Accessories,1
3522,52,Female,Shoes,Footwear,50.0,Maryland,M,Pink,Winter,3.7,No,Store Pickup,No,No,35,Venmo,Weekly,67.75510204081631,51.62925170068027,59.54652207270372,0.0,Silver,Neutral,Footwear,1
3523,27,Female,Pants,Clothing,85.0,New Jersey,M,Yellow,Spring,3.2,No,Store Pickup,No,No,13,Cash,Quarterly,23.129251700680275,44.57993197278912,33.45324923833422,0.0,Gold,Neutral,Clothing,1
3524,49,Female,Backpack,Accessories,59.0,Nevada,M,Cyan,Summer,2.8,No,Standard,No,No,30,Cash,Fortnightly,50.340136054421755,39.97789115646258,44.59074912820863,0.0,Silver,At Risk,Accessories,1
3525,69,Female,Pants,Clothing,74.0,Michigan,L,Silver,Summer,2.9,No,Free Shipping,No,No,30,Credit Card,Monthly,57.006802721088434,47.56122448979591,51.99080628183636,0.0,Gold,At Risk,Clothing,1
3526,45,Female,Sunglasses,Accessories,38.0,Wyoming,L,Olive,Winter,3.5,No,Standard,No,No,47,Bank Transfer,Annually,37.55102040816327,52.12585034013606,44.71079284093113,0.0,Bronze,Neutral,Accessories,1
3527,20,Female,Sweater,Clothing,99.0,Massachusetts,M,Olive,Spring,3.8,No,Express,No,No,1,PayPal,Every 3 Months,6.666666666666667,50.24999999999999,28.26265132030959,0.0,Gold,Neutral,Clothing,1
3528,25,Female,Blouse,Clothing,97.0,Washington,S,Charcoal,Spring,4.7,No,Free Shipping,No,No,1,Cash,Weekly,40.0,61.41666666666667,50.91768053554164,0.0,Platinum,Satisfied,Clothing,1
3529,38,Female,Scarf,Accessories,67.0,Maine,L,Gray,Summer,4.5,No,Free Shipping,No,No,33,PayPal,Annually,26.122448979591834,68.0187074829932,47.519389858345605,0.0,Silver,Satisfied,Accessories,1
3530,55,Female,T-shirt,Clothing,20.0,Montana,S,Maroon,Winter,3.9,No,Next Day Air,No,No,43,Bank Transfer,Weekly,74.28571428571429,47.238095238095234,60.45697712899434,0.0,Bronze,Neutral,Clothing,1
3531,62,Female,Sunglasses,Accessories,45.0,Oklahoma,L,Black,Spring,3.4,No,Express,No,No,37,PayPal,Weekly,69.3877551020408,46.906462585034014,57.830152472130145,0.0,Silver,Neutral,Accessories,1
3532,54,Female,Shoes,Footwear,52.0,North Dakota,XL,Violet,Winter,4.6,No,2-Day Shipping,No,No,23,Cash,Quarterly,31.292517006802722,56.29931972789115,43.81965288167324,0.0,Silver,Satisfied,Footwear,1
3533,61,Female,Pants,Clothing,68.0,Connecticut,L,Indigo,Fall,4.6,No,Standard,No,No,12,Credit Card,Annually,8.979591836734695,55.48299319727891,32.22541782887935,0.0,Gold,Satisfied,Clothing,1
3534,50,Female,Sneakers,Footwear,98.0,Texas,L,Yellow,Fall,4.7,No,Standard,No,No,30,Venmo,Fortnightly,50.340136054421755,81.56122448979592,66.8906962307021,0.0,Platinum,Satisfied,Footwear,1
3535,65,Female,Shoes,Footwear,83.0,Delaware,M,Gray,Fall,3.2,No,Express,No,No,7,Cash,Weekly,44.897959183673464,39.66496598639456,41.701847913526535,0.0,Gold,Neutral,Footwear,1
3536,68,Female,Shorts,Clothing,51.0,Mississippi,M,Red,Summer,5.0,No,Express,No,No,20,Debit Card,Monthly,48.843537414965986,59.175170068027214,54.13739900863397,0.0,Silver,Satisfied,Clothing,1
3537,55,Female,Handbag,Accessories,21.0,Minnesota,L,Peach,Spring,4.5,No,Express,No,No,10,Venmo,Monthly,40.68027210884354,33.205782312925166,36.1291297249615,0.0,Bronze,Satisfied,Accessories,1
3538,57,Female,Handbag,Accessories,92.0,Georgia,M,Gray,Spring,3.5,No,Standard,No,No,40,Credit Card,Every 3 Months,38.50340136054422,69.8639455782313,54.69941423115403,0.0,Platinum,Neutral,Accessories,1
3539,56,Female,Shoes,Footwear,63.0,Iowa,S,White,Spring,4.5,No,Store Pickup,No,No,21,Venmo,Monthly,49.65986394557823,58.18877551020408,54.01658720873023,0.0,Silver,Satisfied,Footwear,1
3540,29,Female,Jewelry,Accessories,56.0,New York,S,Green,Spring,3.2,No,Express,No,No,17,Credit Card,Bi-Weekly,33.06122448979592,35.21768707482994,33.398532643270904,0.0,Silver,Neutral,Accessories,1
3541,24,Female,Shorts,Clothing,95.0,Nevada,M,Magenta,Spring,4.6,No,Free Shipping,No,No,5,Bank Transfer,Weekly,43.265306122448976,61.971088435374135,52.84765406445304,0.0,Platinum,Satisfied,Clothing,1
3542,59,Female,Blouse,Clothing,66.0,Virginia,M,Olive,Winter,4.0,No,Next Day Air,No,No,22,PayPal,Annually,17.14285714285714,53.45238095238095,35.21809146838787,0.0,Silver,Satisfied,Clothing,1
3543,62,Female,Coat,Outerwear,28.0,Idaho,S,Olive,Spring,4.2,No,Express,No,No,5,Venmo,Weekly,43.265306122448976,28.721088435374153,35.01663423700837,0.0,Bronze,Satisfied,Outerwear,1
3544,58,Female,Hat,Accessories,83.0,Colorado,M,Blue,Winter,4.1,No,Standard,No,No,18,PayPal,Every 3 Months,20.544217687074827,59.14795918367346,39.973146729096385,0.0,Gold,Satisfied,Accessories,1
3545,64,Female,Socks,Clothing,55.0,Wisconsin,XL,Charcoal,Fall,3.6,No,2-Day Shipping,No,No,42,Cash,Every 3 Months,40.136054421768705,57.141156462585045,48.69287444653362,0.0,Silver,Neutral,Clothing,1
3546,48,Female,Sandals,Footwear,28.0,Connecticut,M,Yellow,Spring,3.7,No,2-Day Shipping,No,No,22,Debit Card,Annually,17.14285714285714,33.61904761904763,24.58204455377175,0.0,Bronze,Neutral,Footwear,1
3547,60,Female,Scarf,Accessories,79.0,Kansas,M,Violet,Summer,3.6,No,Free Shipping,No,No,37,Bank Transfer,Bi-Weekly,49.38775510204081,63.73979591836735,56.85738556772871,0.0,Platinum,Neutral,Accessories,1
3548,52,Female,Scarf,Accessories,31.0,Pennsylvania,L,Magenta,Summer,3.8,No,Standard,No,No,23,Credit Card,Annually,17.959183673469386,36.88265306122449,26.740385664142895,0.0,Bronze,Neutral,Accessories,1
3549,63,Female,Blouse,Clothing,37.0,Utah,M,Red,Fall,3.0,No,Standard,No,No,47,Debit Card,Fortnightly,64.21768707482994,45.042517006802726,54.24553799047299,0.0,Bronze,Neutral,Clothing,1
3550,44,Female,T-shirt,Clothing,34.0,Oregon,M,Cyan,Summer,3.4,No,2-Day Shipping,No,No,11,Bank Transfer,Fortnightly,34.82993197278911,24.636054421768712,28.608260771430032,0.0,Bronze,Neutral,Clothing,1
3551,63,Female,Shoes,Footwear,74.0,West Virginia,S,Orange,Winter,4.8,No,Standard,No,No,32,Cash,Weekly,65.3061224489796,74.25510204081633,70.4556258415301,0.0,Platinum,Satisfied,Footwear,1
3552,66,Female,Gloves,Accessories,31.0,Montana,L,Black,Spring,2.6,No,Store Pickup,No,No,20,Venmo,Weekly,55.51020408163265,18.841836734693874,35.84112433073114,0.0,Bronze,At Risk,Accessories,1
3553,22,Female,Sunglasses,Accessories,66.0,Kentucky,M,Blue,Winter,2.9,No,Next Day Air,No,No,3,PayPal,Quarterly,14.965986394557826,25.86054421768707,19.33294668395421,0.0,Gold,At Risk,Accessories,1
3554,62,Female,Shoes,Footwear,99.0,Minnesota,M,Charcoal,Spring,4.9,No,Free Shipping,No,No,32,Bank Transfer,Weekly,65.3061224489796,86.00510204081633,76.75681329934888,0.0,Platinum,Satisfied,Footwear,1
3555,39,Female,Dress,Clothing,55.0,Louisiana,M,Indigo,Spring,5.0,No,Free Shipping,No,No,5,Credit Card,Fortnightly,29.931972789115648,50.63775510204081,40.10324630372003,0.0,Silver,Satisfied,Clothing,1
3556,25,Female,Blouse,Clothing,23.0,Delaware,L,Silver,Spring,4.6,No,Next Day Air,No,No,45,Cash,Quarterly,49.25170068027211,59.18197278911563,54.345128745185015,0.0,Bronze,Satisfied,Clothing,1
3557,70,Female,Sweater,Clothing,88.0,Arizona,M,Brown,Fall,4.2,No,Express,No,No,43,Cash,Bi-Weekly,54.28571428571429,79.57142857142857,67.79641495618365,0.0,Platinum,Satisfied,Clothing,1
3558,52,Female,Jacket,Outerwear,26.0,Nevada,M,Peach,Summer,4.9,No,Next Day Air,No,No,1,PayPal,Every 3 Months,6.666666666666667,34.50000000000001,19.816378770467384,0.0,Bronze,Satisfied,Outerwear,1
3559,68,Female,Backpack,Accessories,94.0,Alaska,L,Magenta,Summer,4.8,No,Standard,No,No,9,Venmo,Quarterly,19.863945578231295,66.9421768707483,43.812825715806994,0.0,Gold,Satisfied,Accessories,1
3560,18,Female,Shorts,Clothing,25.0,Utah,M,Beige,Fall,3.0,No,Next Day Air,No,No,13,Venmo,Every 3 Months,16.462585034013603,16.91326530612245,15.283077351838898,0.0,Bronze,Neutral,Clothing,1
3561,18,Female,Socks,Clothing,96.0,Kansas,XL,Violet,Fall,3.5,No,Express,No,No,5,Credit Card,Annually,3.265306122448979,47.721088435374156,25.205788424119618,0.0,Gold,Neutral,Clothing,1
3562,63,Female,Sneakers,Footwear,29.0,North Carolina,L,Black,Spring,3.4,No,Standard,No,No,39,Credit Card,Fortnightly,57.68707482993196,41.60034013605443,49.1342912956365,0.0,Bronze,Neutral,Footwear,1
3563,47,Female,Sneakers,Footwear,36.0,Maryland,M,Cyan,Winter,3.4,No,Free Shipping,No,No,7,Bank Transfer,Weekly,44.897959183673464,22.748299319727895,32.629925545177485,0.0,Bronze,Neutral,Footwear,1
3564,43,Female,Blouse,Clothing,90.0,Maine,M,Green,Summer,4.9,No,Standard,No,No,8,Credit Card,Every 3 Months,12.380952380952381,65.92857142857143,39.52776163636568,0.0,Gold,Satisfied,Clothing,1
3565,60,Female,Gloves,Accessories,38.0,Illinois,S,Brown,Summer,4.4,No,Free Shipping,No,No,40,Venmo,Annually,31.83673469387755,59.3639455782313,45.735232531259214,0.0,Bronze,Satisfied,Accessories,1
3566,49,Female,Handbag,Accessories,52.0,Pennsylvania,S,Gray,Spring,4.2,No,Store Pickup,No,No,35,PayPal,Monthly,61.088435374149654,59.12925170068027,60.235223286914305,0.0,Silver,Satisfied,Accessories,1
3567,28,Female,Jeans,Clothing,88.0,Alaska,S,Orange,Spring,3.1,No,Next Day Air,No,No,14,Venmo,Monthly,43.94557823129252,45.17687074829932,44.18153362068976,0.0,Gold,Neutral,Clothing,1
3568,32,Female,Scarf,Accessories,56.0,New Mexico,S,Silver,Summer,4.0,No,Next Day Air,No,No,26,Credit Card,Monthly,53.74149659863946,52.00680272108844,52.74218911795424,0.0,Silver,Satisfied,Accessories,1
3569,29,Female,Sandals,Footwear,71.0,Arkansas,M,Purple,Spring,4.8,No,Next Day Air,No,No,14,PayPal,Quarterly,23.94557823129252,60.76020408163265,42.538427625031,0.0,Gold,Satisfied,Footwear,1
3570,35,Female,Sandals,Footwear,94.0,Alaska,M,Olive,Fall,3.3,No,Express,No,No,9,Bank Transfer,Fortnightly,33.197278911564624,46.942176870748305,39.75406692235656,0.0,Gold,Neutral,Footwear,1
3571,23,Female,Dress,Clothing,97.0,Louisiana,XL,Teal,Winter,4.7,No,Standard,No,No,32,Debit Card,Annually,25.30612244897959,82.50510204081633,54.87986384382838,0.0,Platinum,Satisfied,Clothing,1
3572,70,Female,Skirt,Clothing,27.0,North Dakota,M,White,Summer,3.2,No,Standard,No,No,15,Bank Transfer,Every 3 Months,18.09523809523809,21.77380952380953,18.70597411757144,0.0,Bronze,Neutral,Clothing,1
3573,23,Female,Shorts,Clothing,28.0,Rhode Island,M,Black,Spring,5.0,No,Standard,No,No,25,Credit Card,Monthly,52.925170068027214,52.993197278911566,52.86300091785798,0.0,Bronze,Satisfied,Clothing,1
3574,43,Female,Jeans,Clothing,67.0,Connecticut,L,Maroon,Fall,4.9,No,Free Shipping,No,No,27,PayPal,Monthly,54.5578231292517,69.2704081632653,62.408328050407356,0.0,Silver,Satisfied,Clothing,1
3575,29,Female,Socks,Clothing,70.0,New York,M,Cyan,Fall,4.9,No,Express,No,No,39,Bank Transfer,Quarterly,44.35374149659864,78.68367346938776,62.35435100293696,0.0,Platinum,Satisfied,Clothing,1
3576,61,Female,Coat,Outerwear,95.0,Kentucky,M,Violet,Fall,3.7,No,Express,No,No,49,Venmo,Bi-Weekly,59.183673469387756,79.90306122448979,70.42323961304784,0.0,Platinum,Neutral,Outerwear,1
3577,29,Female,Boots,Footwear,24.0,Maine,L,Yellow,Spring,3.0,No,Express,No,No,12,Venmo,Bi-Weekly,28.9795918367347,15.816326530612251,20.953323999647104,0.0,Bronze,Neutral,Footwear,1
3578,66,Female,Belt,Accessories,35.0,Missouri,S,Yellow,Winter,2.6,No,Standard,No,No,13,Bank Transfer,Weekly,49.795918367346935,15.746598639455781,31.324094199998733,0.0,Bronze,At Risk,Accessories,1
3579,46,Female,Shoes,Footwear,22.0,Georgia,L,Olive,Winter,2.6,No,Standard,No,No,22,Bank Transfer,Quarterly,30.476190476190478,16.45238095238095,22.042721033837896,0.0,Bronze,At Risk,Footwear,1
3580,34,Female,Scarf,Accessories,66.0,Arizona,L,Olive,Fall,4.8,No,Standard,No,No,19,Credit Card,Every 3 Months,21.36054421768707,62.078231292517,41.952730748465584,0.0,Silver,Satisfied,Accessories,1
3581,51,Female,Blouse,Clothing,83.0,New Hampshire,M,Magenta,Summer,3.2,No,2-Day Shipping,No,No,3,Cash,Bi-Weekly,21.63265306122449,36.94387755102042,28.609953293102443,0.0,Gold,Neutral,Clothing,1
3582,26,Female,Dress,Clothing,95.0,Georgia,M,Orange,Fall,4.9,No,Next Day Air,No,No,50,Credit Card,Weekly,80.0,96.58333333333333,89.77655363624754,0.0,Platinum,Satisfied,Clothing,1
3583,23,Female,Shorts,Clothing,41.0,California,S,Beige,Summer,3.4,No,2-Day Shipping,No,No,15,PayPal,Annually,11.428571428571427,30.273809523809526,19.930946604787874,0.0,Bronze,Neutral,Clothing,1
3584,52,Female,Blouse,Clothing,77.0,Arizona,L,Brown,Summer,2.7,No,Store Pickup,No,No,44,Credit Card,Every 3 Months,41.76870748299319,55.66836734693877,48.71938648322908,0.0,Gold,At Risk,Clothing,1
3585,39,Female,Sneakers,Footwear,52.0,Florida,L,Indigo,Fall,4.8,No,Express,No,No,48,Debit Card,Monthly,71.70068027210885,75.97278911564625,74.57405098733946,0.0,Silver,Satisfied,Footwear,1
3586,39,Female,Gloves,Accessories,41.0,New York,XL,Gray,Winter,4.1,No,Standard,No,No,4,Venmo,Bi-Weekly,22.44897959183674,32.124149659863946,26.43343494667626,0.0,Bronze,Satisfied,Accessories,1
3587,33,Female,Hoodie,Clothing,28.0,Idaho,M,Yellow,Winter,4.6,No,Store Pickup,No,No,12,PayPal,Bi-Weekly,28.9795918367347,38.81632653061224,33.28756327878176,0.0,Bronze,Satisfied,Clothing,1
3588,33,Female,Sweater,Clothing,90.0,Virginia,S,Violet,Summer,4.4,No,Standard,No,No,33,Debit Card,Annually,26.122448979591834,76.2687074829932,51.9436278606439,0.0,Platinum,Satisfied,Clothing,1
3589,23,Female,Sunglasses,Accessories,55.0,Michigan,M,Magenta,Spring,3.5,No,2-Day Shipping,No,No,40,Cash,Annually,31.83673469387755,54.447278911564624,43.09856543898043,0.0,Silver,Neutral,Accessories,1
3590,31,Female,Belt,Accessories,73.0,New Hampshire,M,Blue,Spring,4.8,No,Next Day Air,No,No,38,Cash,Every 3 Months,36.87074829931973,77.92006802721087,58.20335474174711,0.0,Platinum,Satisfied,Accessories,1
3591,27,Female,Dress,Clothing,87.0,South Dakota,M,Gray,Fall,2.9,No,2-Day Shipping,No,No,19,Venmo,Every 3 Months,21.36054421768707,45.49489795918367,33.05956547111848,0.0,Gold,At Risk,Clothing,1
3592,48,Female,Jacket,Outerwear,89.0,South Dakota,M,Gold,Winter,3.2,No,2-Day Shipping,No,No,38,Bank Transfer,Quarterly,43.5374149659864,63.25340136054422,53.67137607099458,0.0,Platinum,Neutral,Outerwear,1
3593,61,Female,Boots,Footwear,82.0,New Jersey,L,Lavender,Spring,4.4,No,2-Day Shipping,No,No,18,Venmo,Fortnightly,40.54421768707483,62.73129251700681,51.89478545736738,0.0,Gold,Satisfied,Footwear,1
3594,63,Female,Sandals,Footwear,80.0,Wyoming,M,Black,Spring,4.6,No,Next Day Air,No,No,24,PayPal,Monthly,52.10884353741497,68.64625850340134,60.84912472184758,0.0,Platinum,Satisfied,Footwear,1
3595,19,Female,Scarf,Accessories,87.0,Alabama,L,Charcoal,Summer,2.6,No,2-Day Shipping,No,No,29,Venmo,Quarterly,36.1904761904762,48.29761904761905,41.977550263488645,0.0,Gold,At Risk,Accessories,1
3596,21,Female,Blouse,Clothing,41.0,South Dakota,M,Violet,Spring,3.1,No,Store Pickup,No,No,14,PayPal,Annually,10.612244897959183,25.593537414965994,17.01288785765843,0.0,Bronze,Neutral,Clothing,1
3597,28,Female,Hoodie,Clothing,83.0,South Carolina,M,Charcoal,Spring,4.3,No,Standard,No,No,44,Cash,Fortnightly,61.76870748299319,79.50170068027211,71.50051848986863,0.0,Platinum,Satisfied,Clothing,1
3598,29,Female,Sunglasses,Accessories,71.0,New Mexico,M,Maroon,Summer,3.1,No,Standard,No,No,18,Bank Transfer,Quarterly,27.210884353741495,40.81462585034014,33.47484005732238,0.0,Gold,Neutral,Accessories,1
3599,23,Female,Hoodie,Clothing,76.0,Connecticut,XL,Purple,Spring,4.6,No,Store Pickup,No,No,19,Bank Transfer,Bi-Weekly,34.69387755102041,63.578231292516996,49.42380432464103,0.0,Gold,Satisfied,Clothing,1
3600,37,Female,Scarf,Accessories,34.0,Kansas,S,Peach,Spring,4.6,No,Express,No,No,4,Cash,Weekly,42.44897959183673,35.87414965986394,38.44445222044821,0.0,Bronze,Satisfied,Accessories,1
3601,67,Female,Dress,Clothing,81.0,South Carolina,XL,Olive,Spring,2.7,No,Free Shipping,No,No,25,Cash,Bi-Weekly,39.59183673469388,44.40986394557822,41.593339157891045,0.0,Gold,At Risk,Clothing,1
3602,34,Female,T-shirt,Clothing,47.0,North Carolina,M,Indigo,Summer,3.0,No,Next Day Air,No,No,3,PayPal,Monthly,34.965986394557824,19.277210884353746,25.802494136665665,0.0,Bronze,Neutral,Clothing,1
3603,58,Female,Skirt,Clothing,36.0,Wyoming,S,Magenta,Summer,3.3,No,Store Pickup,No,No,40,Debit Card,Quarterly,45.17006802721089,43.86394557823129,44.089694466335125,0.0,Bronze,Neutral,Clothing,1
3604,45,Female,Jeans,Clothing,51.0,Louisiana,M,Gold,Spring,2.7,No,Free Shipping,No,No,5,Cash,Weekly,43.265306122448976,18.30442176870749,29.43047514319738,0.0,Silver,At Risk,Clothing,1
3605,63,Female,Hoodie,Clothing,86.0,Louisiana,M,Orange,Fall,3.3,No,Standard,No,No,17,Debit Card,Annually,13.061224489795917,49.05102040816326,30.816951919851892,0.0,Gold,Neutral,Clothing,1
3606,68,Female,Jeans,Clothing,41.0,Alabama,M,Gold,Fall,4.3,No,Store Pickup,No,No,36,Bank Transfer,Every 3 Months,35.238095238095234,56.5595238095238,45.93198197141796,0.0,Bronze,Satisfied,Clothing,1
3607,41,Female,Sandals,Footwear,90.0,Minnesota,XL,Purple,Fall,4.8,No,Express,No,No,41,Venmo,Annually,32.6530612244898,87.04421768707482,60.98753055752333,0.0,Platinum,Satisfied,Footwear,1
3608,50,Female,Hat,Accessories,93.0,New Mexico,L,Charcoal,Fall,3.3,No,Standard,No,No,20,Venmo,Bi-Weekly,35.51020408163265,54.00850340136054,44.69999743143704,0.0,Gold,Neutral,Accessories,1
3609,24,Female,Gloves,Accessories,56.0,Tennessee,M,Cyan,Fall,4.3,No,Next Day Air,No,No,2,Cash,Every 3 Months,7.482993197278912,39.68027210884354,23.002573154099753,0.0,Silver,Satisfied,Accessories,1
3610,21,Female,Socks,Clothing,39.0,New Mexico,M,Cyan,Summer,3.0,No,2-Day Shipping,No,No,31,Debit Card,Monthly,57.82312925170068,34.99149659863946,45.658185569614815,0.0,Bronze,Neutral,Clothing,1
3611,18,Female,Jacket,Outerwear,86.0,Texas,XL,Green,Fall,4.8,No,2-Day Shipping,No,No,23,Bank Transfer,Fortnightly,44.625850340136054,73.13265306122449,59.513552643938475,0.0,Platinum,Satisfied,Outerwear,1
3612,63,Female,T-shirt,Clothing,82.0,Washington,M,Silver,Spring,2.9,No,Standard,No,No,30,Credit Card,Annually,23.673469387755098,50.89455782312925,37.11171052518922,0.0,Gold,At Risk,Clothing,1
3613,47,Female,Sandals,Footwear,29.0,Michigan,M,Teal,Summer,3.6,No,Standard,No,No,26,Cash,Every 3 Months,27.074829931972786,35.423469387755105,30.515690507273806,0.0,Bronze,Neutral,Footwear,1
3614,58,Female,Hat,Accessories,27.0,Minnesota,M,Magenta,Fall,3.5,No,Store Pickup,No,No,40,Venmo,Annually,31.83673469387755,42.78061224489796,36.84206725391212,0.0,Bronze,Neutral,Accessories,1
3615,46,Female,Gloves,Accessories,25.0,Delaware,L,Maroon,Spring,4.7,No,2-Day Shipping,No,No,19,Bank Transfer,Annually,14.693877551020407,43.66156462585033,28.74306813727442,0.0,Bronze,Satisfied,Accessories,1
3616,35,Female,Dress,Clothing,31.0,California,M,Gold,Winter,4.4,No,Free Shipping,No,No,4,Credit Card,Monthly,35.782312925170075,31.957482993197285,33.01072306784195,0.0,Bronze,Satisfied,Clothing,1
3617,42,Female,Hoodie,Clothing,23.0,Wisconsin,L,Purple,Winter,3.3,No,Store Pickup,No,No,33,Debit Card,Fortnightly,52.7891156462585,33.685374149659864,42.440742818477915,0.0,Bronze,Neutral,Clothing,1
3618,48,Female,Belt,Accessories,47.0,Kentucky,M,Lavender,Fall,4.3,No,Express,No,No,29,Debit Card,Monthly,56.19047619047619,54.29761904761905,55.19517790152377,0.0,Silver,Satisfied,Accessories,1
3619,28,Female,Gloves,Accessories,67.0,Nevada,M,Maroon,Fall,4.0,No,2-Day Shipping,No,No,47,PayPal,Bi-Weekly,57.55102040816327,70.87585034013605,64.76587920979091,0.0,Silver,Satisfied,Accessories,1
3620,44,Female,Scarf,Accessories,75.0,North Carolina,S,Magenta,Winter,4.9,No,2-Day Shipping,No,No,50,Venmo,Weekly,80.0,88.25,85.30762636119876,0.0,Platinum,Satisfied,Accessories,1
3621,60,Female,Sandals,Footwear,82.0,Louisiana,M,Turquoise,Summer,2.9,No,Express,No,No,28,Credit Card,Fortnightly,48.707482993197274,49.534013605442176,48.8990965483105,0.0,Gold,At Risk,Footwear,1
3622,38,Female,Sneakers,Footwear,32.0,New Jersey,XL,Silver,Summer,4.0,No,2-Day Shipping,No,No,5,Cash,Fortnightly,29.931972789115648,27.721088435374153,27.813696297335856,0.0,Bronze,Satisfied,Footwear,1
3623,46,Female,Dress,Clothing,41.0,Wisconsin,M,Purple,Fall,4.3,No,Store Pickup,No,No,12,Credit Card,Annually,8.979591836734695,40.23299319727891,24.04728091554006,0.0,Bronze,Satisfied,Clothing,1
3624,39,Female,Jewelry,Accessories,89.0,Arkansas,M,Violet,Winter,2.7,No,2-Day Shipping,No,No,4,PayPal,Weekly,42.44897959183673,33.45748299319728,37.148463310684065,0.0,Gold,At Risk,Accessories,1
3625,22,Female,Hat,Accessories,82.0,Texas,XL,Peach,Fall,5.0,No,Store Pickup,No,No,22,Bank Transfer,Bi-Weekly,37.142857142857146,73.45238095238096,55.94351692850498,0.0,Platinum,Satisfied,Accessories,1
3626,44,Female,Scarf,Accessories,99.0,Illinois,L,Green,Winter,4.4,No,Express,No,No,32,PayPal,Weekly,65.3061224489796,79.33843537414967,73.18167147930986,0.0,Platinum,Satisfied,Accessories,1
3627,69,Female,Blouse,Clothing,98.0,Mississippi,L,Teal,Fall,3.5,No,Express,No,No,32,Venmo,Quarterly,38.63945578231293,66.92176870748298,53.1896365061538,0.0,Platinum,Neutral,Clothing,1
3628,39,Female,Belt,Accessories,54.0,Delaware,M,Silver,Winter,3.3,No,Next Day Air,No,No,48,Cash,Every 3 Months,45.034013605442176,56.80612244897959,50.962184921393906,0.0,Silver,Neutral,Accessories,1
3629,53,Female,Blouse,Clothing,88.0,Georgia,L,Purple,Summer,3.8,No,Free Shipping,No,No,35,Credit Card,Monthly,61.088435374149654,68.79591836734693,65.41917892597088,0.0,Platinum,Neutral,Clothing,1
3630,52,Female,T-shirt,Clothing,43.0,Kansas,L,Lavender,Summer,4.5,No,Standard,No,No,44,Debit Card,Fortnightly,61.76870748299319,65.50170068027211,63.99272066778665,0.0,Silver,Satisfied,Clothing,1
3631,65,Female,Hat,Accessories,73.0,Oklahoma,M,Lavender,Winter,4.8,No,Store Pickup,No,No,29,Cash,Weekly,62.857142857142854,71.79761904761904,67.91325851245956,0.0,Platinum,Satisfied,Accessories,1
3632,48,Female,Hat,Accessories,50.0,New Jersey,M,Peach,Fall,2.9,No,Store Pickup,No,No,26,Credit Card,Monthly,53.74149659863946,34.84013605442176,43.536198931353724,0.0,Silver,At Risk,Accessories,1
3633,27,Female,Sneakers,Footwear,73.0,Utah,L,Green,Spring,3.2,No,Express,No,No,3,Debit Card,Quarterly,14.965986394557826,32.77721088435375,23.04215632224471,0.0,Gold,Neutral,Footwear,1
3634,39,Female,Gloves,Accessories,51.0,Montana,M,Orange,Spring,2.8,No,Free Shipping,No,No,1,Bank Transfer,Bi-Weekly,20.0,16.916666666666664,17.05360888678109,0.0,Bronze,At Risk,Accessories,1
3635,59,Female,Socks,Clothing,22.0,Ohio,M,Pink,Winter,3.3,No,Standard,No,No,17,PayPal,Annually,13.061224489795917,22.3843537414966,16.51638463969576,0.0,Bronze,Neutral,Clothing,1
3636,52,Female,Sandals,Footwear,32.0,Colorado,L,Cyan,Fall,3.3,No,Free Shipping,No,No,17,Credit Card,Fortnightly,39.72789115646258,26.551020408163268,32.08418161055349,0.0,Bronze,Neutral,Footwear,1
3637,50,Female,Sandals,Footwear,38.0,California,L,Lavender,Summer,4.2,No,2-Day Shipping,No,No,36,Cash,Weekly,68.57142857142857,53.976190476190474,61.2132811828195,0.0,Silver,Satisfied,Footwear,1
3638,32,Female,Boots,Footwear,66.0,Utah,L,Yellow,Winter,3.6,No,Express,No,No,32,Credit Card,Fortnightly,51.97278911564626,54.921768707483,53.42104789675022,0.0,Silver,Neutral,Footwear,1
3639,40,Female,Backpack,Accessories,20.0,Kansas,M,Olive,Spring,4.6,No,Express,No,No,50,PayPal,Bi-Weekly,60.00000000000001,61.33333333333333,60.87299126279115,0.0,Bronze,Satisfied,Accessories,1
3640,26,Female,Coat,Outerwear,44.0,Illinois,M,Brown,Summer,3.6,No,2-Day Shipping,No,No,39,Venmo,Annually,31.0204081632653,50.517006802721085,40.58271014660537,0.0,Bronze,Neutral,Outerwear,1
3641,47,Female,Sunglasses,Accessories,31.0,Minnesota,L,Pink,Spring,4.0,No,Next Day Air,No,No,17,PayPal,Monthly,46.394557823129254,35.46768707482993,40.19926712818903,0.0,Bronze,Satisfied,Accessories,1
3642,51,Female,Jacket,Outerwear,45.0,New York,M,Cyan,Fall,2.7,No,Free Shipping,No,No,39,Bank Transfer,Every 3 Months,37.687074829931966,38.93367346938775,37.70423456762088,0.0,Bronze,At Risk,Outerwear,1
3643,47,Female,Dress,Clothing,71.0,Arizona,L,Maroon,Summer,4.4,No,Store Pickup,No,No,5,PayPal,Annually,3.265306122448979,49.3044217687075,26.0548846063789,0.0,Gold,Satisfied,Clothing,1
3644,53,Female,Scarf,Accessories,96.0,Tennessee,XL,Magenta,Fall,3.2,No,Standard,No,No,47,Debit Card,Annually,37.55102040816327,72.29251700680273,55.525596846549206,0.0,Platinum,Neutral,Accessories,1
3645,35,Female,Blouse,Clothing,32.0,Arkansas,M,Violet,Winter,2.6,No,Next Day Air,No,No,18,Venmo,Weekly,53.877551020408156,17.897959183673468,34.51862338427153,0.0,Bronze,At Risk,Clothing,1
3646,38,Female,Backpack,Accessories,90.0,Colorado,L,Silver,Summer,3.4,No,Free Shipping,No,No,31,Credit Card,Every 3 Months,31.15646258503401,61.574829931972786,46.58073024368713,0.0,Gold,Neutral,Accessories,1
3647,69,Female,Jewelry,Accessories,68.0,Nevada,M,Maroon,Spring,5.0,No,2-Day Shipping,No,No,39,Debit Card,Fortnightly,57.68707482993196,79.18367346938776,69.28915330610656,0.0,Platinum,Satisfied,Accessories,1
3648,47,Female,Shorts,Clothing,45.0,Kansas,M,Gray,Winter,2.9,No,Store Pickup,No,No,12,Bank Transfer,Weekly,48.97959183673469,23.232993197278905,34.930669274440525,0.0,Bronze,At Risk,Clothing,1
3649,31,Female,Skirt,Clothing,67.0,New York,M,White,Winter,5.0,No,Free Shipping,No,No,45,Cash,Bi-Weekly,55.91836734693878,82.84863945578232,70.37021553965694,0.0,Platinum,Satisfied,Clothing,1
3650,68,Female,Skirt,Clothing,57.0,Minnesota,M,Brown,Fall,4.4,No,Standard,No,No,33,Credit Card,Fortnightly,52.7891156462585,62.51870748299319,57.903231190146734,0.0,Silver,Satisfied,Clothing,1
3651,51,Female,Jeans,Clothing,60.0,Ohio,M,Silver,Summer,3.5,No,2-Day Shipping,No,No,3,PayPal,Annually,1.6326530612244898,31.360544217687075,15.615772018819746,0.0,Silver,Neutral,Clothing,1
3652,20,Female,Handbag,Accessories,32.0,Arizona,M,Yellow,Spring,3.8,No,Express,No,No,5,Venmo,Every 3 Months,9.931972789115646,25.05442176870748,16.383639569320238,0.0,Bronze,Neutral,Accessories,1
3653,27,Female,Handbag,Accessories,29.0,Kentucky,S,Magenta,Fall,3.8,No,Store Pickup,No,No,23,Debit Card,Monthly,51.292517006802726,36.04931972789115,42.96015960330468,0.0,Bronze,Neutral,Accessories,1
3654,67,Female,Coat,Outerwear,20.0,Minnesota,M,Blue,Spring,3.9,No,Next Day Air,No,No,39,Credit Card,Fortnightly,57.68707482993196,44.517006802721085,50.698415841903575,0.0,Bronze,Neutral,Outerwear,1
3655,21,Female,Jewelry,Accessories,98.0,Arkansas,M,Green,Winter,3.3,No,Next Day Air,No,No,10,Credit Card,Annually,7.346938775510203,49.28911564625851,28.087492699139005,0.0,Gold,Neutral,Accessories,1
3656,20,Female,Sweater,Clothing,27.0,Wyoming,M,Yellow,Fall,2.9,No,Next Day Air,No,No,4,Credit Card,Bi-Weekly,22.44897959183674,10.29081632653061,14.724845486048421,0.0,Bronze,At Risk,Clothing,1
3657,35,Female,Jacket,Outerwear,67.0,North Dakota,XL,Cyan,Spring,3.7,No,2-Day Shipping,No,No,18,Credit Card,Monthly,47.2108843537415,47.14795918367347,46.87122478635946,0.0,Silver,Neutral,Outerwear,1
3658,58,Female,Shoes,Footwear,82.0,Alabama,L,Gold,Winter,3.7,No,Express,No,No,1,Debit Card,Every 3 Months,6.666666666666667,41.83333333333334,23.74903477251032,0.0,Gold,Neutral,Footwear,1
3659,28,Female,T-shirt,Clothing,72.0,Mississippi,M,Magenta,Fall,4.6,No,Standard,No,No,18,PayPal,Fortnightly,40.54421768707483,61.231292517006786,51.09037854785857,0.0,Gold,Satisfied,Clothing,1
3660,27,Female,Sandals,Footwear,77.0,Illinois,S,Gray,Fall,4.9,No,Store Pickup,No,No,46,Bank Transfer,Annually,36.73469387755102,86.36224489795919,62.662624468279546,0.0,Platinum,Satisfied,Footwear,1
3661,19,Female,Shoes,Footwear,74.0,Arkansas,L,Indigo,Winter,3.1,No,2-Day Shipping,No,No,13,Bank Transfer,Fortnightly,36.46258503401361,38.663265306122454,36.946977539716244,0.0,Gold,Neutral,Footwear,1
3662,63,Female,Sandals,Footwear,39.0,Kansas,S,White,Winter,3.5,No,Next Day Air,No,No,5,Credit Card,Fortnightly,29.931972789115648,23.971088435374153,25.802679023563897,0.0,Bronze,Neutral,Footwear,1
3663,69,Female,Shorts,Clothing,80.0,Rhode Island,M,Indigo,Spring,4.9,No,Next Day Air,No,No,11,Debit Card,Weekly,48.16326530612244,63.802721088435376,56.278885630826025,0.0,Platinum,Satisfied,Clothing,1
3664,65,Female,Backpack,Accessories,59.0,Florida,M,Green,Summer,4.4,No,Express,No,No,49,Credit Card,Weekly,79.18367346938776,74.23639455782313,77.38436906601467,0.0,Silver,Satisfied,Accessories,1
3665,63,Female,Jacket,Outerwear,68.0,Missouri,M,Turquoise,Fall,4.4,No,Store Pickup,No,No,1,Debit Card,Fortnightly,26.666666666666668,45.33333333333334,35.625984228030816,0.0,Gold,Satisfied,Outerwear,1
3666,28,Female,Socks,Clothing,77.0,North Carolina,M,Peach,Fall,3.4,No,Next Day Air,No,No,11,Credit Card,Quarterly,21.496598639455783,42.552721088435376,31.549787746118273,0.0,Gold,Neutral,Clothing,1
3667,67,Female,Jewelry,Accessories,50.0,Alabama,M,Olive,Winter,3.0,No,2-Day Shipping,No,No,47,Cash,Every 3 Months,44.21768707482993,50.45918367346939,47.1503407192547,0.0,Silver,Neutral,Accessories,1
3668,51,Female,Pants,Clothing,45.0,Washington,L,Cyan,Fall,2.6,No,Next Day Air,No,No,20,Venmo,Monthly,48.843537414965986,24.675170068027207,35.63604008993196,0.0,Bronze,At Risk,Clothing,1
3669,59,Female,Blouse,Clothing,71.0,Michigan,XL,Magenta,Summer,3.2,No,Store Pickup,No,No,18,Venmo,Annually,13.877551020408161,42.14795918367348,27.523201754663525,0.0,Gold,Neutral,Clothing,1
3670,25,Female,Socks,Clothing,52.0,Washington,S,Silver,Fall,4.6,No,Store Pickup,No,No,43,PayPal,Quarterly,47.61904761904762,69.9047619047619,59.279125983793726,0.0,Silver,Satisfied,Clothing,1
3671,31,Female,Shoes,Footwear,50.0,Vermont,S,White,Winter,3.8,No,Free Shipping,No,No,4,PayPal,Every 3 Months,9.115646258503402,31.87414965986395,19.63270046175813,0.0,Bronze,Neutral,Footwear,1
3672,62,Female,Handbag,Accessories,66.0,Illinois,L,Pink,Summer,4.8,No,2-Day Shipping,No,No,20,Venmo,Quarterly,28.843537414965986,62.75850340136054,46.05903773690494,0.0,Silver,Satisfied,Accessories,1
3673,51,Female,Sandals,Footwear,81.0,New York,S,Pink,Fall,4.5,No,Free Shipping,No,No,7,PayPal,Monthly,38.23129251700681,56.164965986394556,47.21699058478981,0.0,Gold,Satisfied,Footwear,1
3674,32,Female,Socks,Clothing,28.0,Rhode Island,M,Pink,Summer,4.2,No,2-Day Shipping,No,No,31,Bank Transfer,Fortnightly,51.156462585034014,46.40816326530612,48.44728260309833,0.0,Bronze,Satisfied,Clothing,1
3675,35,Female,Handbag,Accessories,65.0,Washington,M,Blue,Winter,2.7,No,2-Day Shipping,No,No,41,Venmo,Fortnightly,59.31972789115646,48.62755102040816,53.71910915288173,0.0,Silver,At Risk,Accessories,1
3676,70,Female,Hat,Accessories,80.0,Virginia,M,White,Winter,4.5,No,Express,No,No,3,Bank Transfer,Monthly,34.965986394557824,53.027210884353735,43.90164960061327,0.0,Gold,Satisfied,Accessories,1
3677,19,Female,Jewelry,Accessories,94.0,Wisconsin,S,Teal,Spring,4.9,No,Free Shipping,No,No,16,PayPal,Monthly,45.57823129251701,73.0374149659864,59.938669665556965,0.0,Platinum,Satisfied,Accessories,1
3678,32,Female,Backpack,Accessories,30.0,Michigan,M,Gray,Fall,2.8,No,Standard,No,No,43,Cash,Annually,34.285714285714285,36.738095238095234,34.82612876243286,0.0,Bronze,At Risk,Accessories,1
3679,56,Female,Shirt,Clothing,45.0,Texas,S,Beige,Fall,3.5,No,Standard,No,No,29,Bank Transfer,Fortnightly,49.523809523809526,42.797619047619044,45.6947249286231,0.0,Silver,Neutral,Clothing,1
3680,53,Female,Coat,Outerwear,91.0,Idaho,M,Violet,Summer,2.5,No,Store Pickup,No,No,5,Cash,Bi-Weekly,23.26530612244898,32.30442176870748,26.938272965279353,0.0,Gold,At Risk,Outerwear,1
3681,22,Female,Sunglasses,Accessories,36.0,Iowa,S,Blue,Winter,2.9,No,Standard,No,No,30,Debit Card,Quarterly,37.006802721088434,31.727891156462572,33.499844459243654,0.0,Bronze,At Risk,Accessories,1
3682,26,Female,Gloves,Accessories,73.0,Connecticut,XL,Magenta,Fall,4.2,No,Next Day Air,No,No,33,Debit Card,Monthly,59.455782312925166,66.5187074829932,63.38164961550349,0.0,Platinum,Satisfied,Accessories,1
3683,42,Female,Shirt,Clothing,60.0,Wyoming,M,Maroon,Fall,4.6,No,Store Pickup,No,No,46,Venmo,Bi-Weekly,56.73469387755101,75.27891156462584,66.71895119246464,0.0,Silver,Satisfied,Clothing,1
3684,30,Female,Socks,Clothing,77.0,Mississippi,M,Purple,Winter,3.0,No,Free Shipping,No,No,17,Venmo,Fortnightly,39.72789115646258,41.30102040816326,39.994182887389854,0.0,Gold,Neutral,Clothing,1
3685,29,Female,Skirt,Clothing,86.0,Pennsylvania,L,Charcoal,Spring,4.4,No,Free Shipping,No,No,47,Credit Card,Bi-Weekly,57.55102040816327,84.12585034013605,71.8714735771185,0.0,Platinum,Satisfied,Clothing,1
3686,47,Female,Shorts,Clothing,42.0,Tennessee,L,Red,Summer,2.6,No,Standard,No,No,17,Cash,Bi-Weekly,33.06122448979592,21.384353741496597,25.980113366689906,0.0,Bronze,At Risk,Clothing,1
3687,59,Female,Sandals,Footwear,70.0,Louisiana,M,Charcoal,Spring,4.8,No,Free Shipping,No,No,17,Cash,Bi-Weekly,33.06122448979592,62.38435374149659,47.96723555992997,0.0,Silver,Satisfied,Footwear,1
3688,34,Female,Shirt,Clothing,44.0,Arkansas,L,Lavender,Summer,2.9,No,Next Day Air,No,No,28,Bank Transfer,Every 3 Months,28.707482993197274,33.70068027210883,30.408134725717794,0.0,Bronze,At Risk,Clothing,1
3689,52,Female,Sunglasses,Accessories,91.0,West Virginia,L,White,Spring,3.0,No,Next Day Air,No,No,8,Cash,Monthly,39.04761904761905,41.01190476190476,39.49900241730313,0.0,Gold,Neutral,Accessories,1
3690,47,Female,Jewelry,Accessories,30.0,South Carolina,L,Red,Fall,4.5,No,Standard,No,No,8,Bank Transfer,Quarterly,19.04761904761905,35.59523809523809,26.594199688521407,0.0,Bronze,Satisfied,Accessories,1
3691,24,Female,Blouse,Clothing,23.0,Kansas,S,Violet,Fall,3.7,No,Store Pickup,No,No,4,Bank Transfer,Bi-Weekly,22.44897959183674,19.290816326530617,19.551286943101122,0.0,Bronze,Neutral,Clothing,1
3692,63,Female,Sandals,Footwear,21.0,Michigan,XL,Orange,Summer,4.8,No,Next Day Air,No,No,24,PayPal,Weekly,58.77551020408163,46.72959183673469,52.429179321802586,0.0,Bronze,Satisfied,Footwear,1
3693,59,Female,Coat,Outerwear,34.0,Alabama,L,Turquoise,Spring,4.8,No,Free Shipping,No,No,29,Cash,Fortnightly,49.523809523809526,55.547619047619044,52.53218365944776,0.0,Bronze,Satisfied,Outerwear,1
3694,66,Female,Blouse,Clothing,46.0,South Dakota,M,Violet,Summer,4.7,No,2-Day Shipping,No,No,10,Venmo,Weekly,47.3469387755102,46.28911564625851,46.47867888012144,0.0,Silver,Satisfied,Clothing,1
3695,45,Female,Sweater,Clothing,41.0,Rhode Island,M,Blue,Winter,2.6,No,Express,No,No,11,PayPal,Bi-Weekly,28.163265306122447,16.88605442176871,21.118825072301323,0.0,Bronze,At Risk,Clothing,1
3696,38,Female,Skirt,Clothing,33.0,Florida,M,White,Fall,4.6,No,Standard,No,No,18,Bank Transfer,Fortnightly,40.54421768707483,44.98129251700679,42.37597036151344,0.0,Bronze,Satisfied,Clothing,1
3697,63,Female,Blouse,Clothing,48.0,Connecticut,L,Turquoise,Fall,3.4,No,Next Day Air,No,No,26,Bank Transfer,Annually,20.40816326530612,40.6734693877551,29.99778135722121,0.0,Bronze,Neutral,Clothing,1
3698,55,Female,Hoodie,Clothing,66.0,Pennsylvania,L,Pink,Winter,3.0,No,Standard,No,No,39,Cash,Weekly,71.02040816326529,51.683673469387756,61.2083599651122,0.0,Silver,Neutral,Clothing,1
3699,25,Female,Skirt,Clothing,54.0,California,XL,Maroon,Spring,4.0,No,2-Day Shipping,No,No,4,Venmo,Annually,2.4489795918367347,36.20748299319728,18.623209311450168,0.0,Silver,Satisfied,Clothing,1
3700,51,Female,Backpack,Accessories,55.0,Oklahoma,M,Olive,Fall,2.6,No,Store Pickup,No,No,24,Bank Transfer,Weekly,58.77551020408163,31.56292517006803,44.29573168121379,0.0,Silver,At Risk,Accessories,1
3701,28,Female,Handbag,Accessories,84.0,North Dakota,XL,Charcoal,Summer,3.4,No,Store Pickup,No,No,2,Bank Transfer,Every 3 Months,7.482993197278912,39.34693877551021,22.8238160630978,0.0,Gold,Neutral,Accessories,1
3702,46,Female,Sandals,Footwear,66.0,New Mexico,M,Charcoal,Spring,4.5,No,Store Pickup,No,No,36,Cash,Annually,28.57142857142857,69.64285714285714,49.61486445991123,0.0,Silver,Satisfied,Footwear,1
3703,58,Female,Shoes,Footwear,65.0,South Carolina,M,Indigo,Spring,2.7,No,Store Pickup,No,No,36,Venmo,Weekly,68.57142857142857,45.22619047619047,56.52090754401827,0.0,Silver,At Risk,Footwear,1
3704,30,Female,Sandals,Footwear,83.0,Michigan,S,Teal,Fall,2.9,No,Standard,No,No,23,PayPal,Every 3 Months,24.62585034013605,46.54931972789115,35.25767463653282,0.0,Gold,At Risk,Footwear,1
3705,68,Female,Sunglasses,Accessories,61.0,Missouri,L,Black,Winter,4.0,No,Store Pickup,No,No,36,Credit Card,Quarterly,41.904761904761905,60.892857142857146,51.589157487776674,0.0,Silver,Satisfied,Accessories,1
3706,28,Female,Skirt,Clothing,65.0,Colorado,L,Teal,Summer,3.2,No,Free Shipping,No,No,2,Debit Card,Annually,0.8163265306122448,28.763605442176875,13.814945090452499,0.0,Gold,Neutral,Clothing,1
3707,26,Female,Sandals,Footwear,55.0,Kansas,M,Green,Spring,4.0,No,Store Pickup,No,No,17,Cash,Bi-Weekly,33.06122448979592,45.467687074829925,38.89531319158092,0.0,Silver,Satisfied,Footwear,1
3708,35,Female,Gloves,Accessories,79.0,Illinois,M,Gold,Fall,3.4,No,2-Day Shipping,No,No,19,Venmo,Weekly,54.6938775510204,48.82823129251701,51.513803047804664,0.0,Gold,Neutral,Accessories,1
3709,40,Female,Hoodie,Clothing,96.0,South Carolina,M,Red,Fall,4.9,No,Express,No,No,41,PayPal,Monthly,65.98639455782313,90.87755102040818,79.70990377071246,0.0,Platinum,Satisfied,Clothing,1
3710,31,Female,Socks,Clothing,43.0,Utah,M,Silver,Fall,3.6,No,Free Shipping,No,No,27,PayPal,Quarterly,34.5578231292517,41.93707482993197,37.750246588247315,0.0,Bronze,Neutral,Clothing,1
3711,60,Female,Jewelry,Accessories,40.0,Hawaii,M,Yellow,Summer,3.6,No,2-Day Shipping,No,No,32,Bank Transfer,Fortnightly,51.97278911564626,44.08843537414966,47.61144243918679,0.0,Bronze,Neutral,Accessories,1
3712,69,Female,Hat,Accessories,62.0,Texas,XL,Peach,Fall,3.2,No,Free Shipping,No,No,33,Cash,Annually,26.122448979591834,48.60204081632653,37.10678930748191,0.0,Silver,Neutral,Accessories,1
3713,51,Female,Blouse,Clothing,72.0,Oregon,M,Turquoise,Spring,3.7,No,2-Day Shipping,No,No,24,PayPal,Quarterly,32.10884353741497,53.31292517006803,42.6262985357578,0.0,Gold,Neutral,Clothing,1
3714,49,Female,Shoes,Footwear,87.0,Arizona,M,Peach,Spring,2.6,No,Express,No,No,31,Debit Card,Every 3 Months,31.15646258503401,49.65816326530612,40.19016424036735,0.0,Gold,At Risk,Footwear,1
3715,18,Female,Hat,Accessories,31.0,New York,S,Peach,Winter,3.9,No,Express,No,No,35,Credit Card,Weekly,67.75510204081631,46.37925170068027,56.73109788942299,0.0,Bronze,Neutral,Accessories,1
3716,63,Female,Sunglasses,Accessories,34.0,Nebraska,S,Orange,Fall,3.4,No,Free Shipping,No,No,2,Bank Transfer,Monthly,34.14965986394558,18.51360544217687,24.98483120880915,0.0,Bronze,Neutral,Accessories,1
3717,57,Female,Shirt,Clothing,53.0,Vermont,M,Charcoal,Fall,3.4,No,Next Day Air,No,No,42,Debit Card,Every 3 Months,40.136054421768705,53.64115646258504,46.815924991013134,0.0,Silver,Neutral,Clothing,1
3718,45,Female,T-shirt,Clothing,85.0,Maryland,XL,White,Summer,4.2,No,Express,No,No,47,Bank Transfer,Every 3 Months,44.21768707482993,81.04251700680271,63.551303818683756,0.0,Platinum,Satisfied,Clothing,1
3719,36,Female,Pants,Clothing,50.0,Tennessee,L,Turquoise,Fall,2.9,No,Standard,No,No,44,Bank Transfer,Bi-Weekly,55.10204081632652,47.08503401360543,50.78305805659548,0.0,Silver,At Risk,Clothing,1
3720,20,Female,Pants,Clothing,91.0,Pennsylvania,M,Red,Summer,4.1,No,Free Shipping,No,No,8,Bank Transfer,Every 3 Months,12.380952380952381,55.67857142857142,34.03098108805567,0.0,Gold,Satisfied,Clothing,1
3721,21,Female,Hat,Accessories,56.0,South Carolina,M,Peach,Fall,3.6,No,Free Shipping,No,No,13,Credit Card,Quarterly,23.129251700680275,37.82993197278912,29.833418145544698,0.0,Silver,Neutral,Accessories,1
3722,62,Female,Coat,Outerwear,60.0,Connecticut,L,Pink,Fall,4.0,No,Next Day Air,No,No,10,Cash,Annually,7.346938775510203,42.7891156462585,24.601729424600947,0.0,Silver,Satisfied,Outerwear,1
3723,23,Female,Jacket,Outerwear,34.0,Kentucky,XL,Yellow,Fall,4.0,No,Standard,No,No,1,Credit Card,Fortnightly,26.666666666666668,25.833333333333336,25.168694404416637,0.0,Bronze,Satisfied,Outerwear,1
3724,26,Female,Sandals,Footwear,30.0,Rhode Island,M,Beige,Spring,3.6,No,Free Shipping,No,No,1,Debit Card,Monthly,33.333333333333336,18.83333333333334,24.74812882670899,0.0,Bronze,Neutral,Footwear,1
3725,30,Female,Gloves,Accessories,71.0,Colorado,L,Green,Winter,3.1,No,Express,No,No,18,Bank Transfer,Annually,13.877551020408161,40.81462585034014,26.808173390655714,0.0,Gold,Neutral,Accessories,1
3726,18,Female,Dress,Clothing,100.0,Oklahoma,S,Turquoise,Winter,4.4,No,Next Day Air,No,No,2,PayPal,Annually,0.8163265306122448,59.3469387755102,30.215908189881567,0.0,Gold,Satisfied,Clothing,1
3727,47,Female,Belt,Accessories,85.0,Idaho,XL,Orange,Fall,4.3,No,Next Day Air,No,No,36,Debit Card,Every 3 Months,35.238095238095234,74.89285714285714,55.763621976525314,0.0,Platinum,Satisfied,Accessories,1
3728,41,Female,Socks,Clothing,83.0,Maine,M,Gold,Summer,3.5,No,Next Day Air,No,No,17,Debit Card,Bi-Weekly,33.06122448979592,50.46768707482994,41.57666955661019,0.0,Gold,Neutral,Clothing,1
3729,62,Female,Jacket,Outerwear,31.0,Vermont,L,Red,Winter,3.0,No,Standard,No,No,1,Debit Card,Annually,0.0,11.250000000000005,4.014738339747917,0.0,Bronze,Neutral,Outerwear,1
3730,28,Female,Boots,Footwear,82.0,Rhode Island,M,Teal,Spring,4.7,No,2-Day Shipping,No,No,50,Cash,Quarterly,53.33333333333334,88.5,72.1083608461169,0.0,Platinum,Satisfied,Footwear,1
3731,46,Female,Shirt,Clothing,79.0,Florida,M,Teal,Summer,2.5,No,2-Day Shipping,No,No,3,Credit Card,Bi-Weekly,21.63265306122449,25.94387755102041,22.710969290038033,0.0,Gold,At Risk,Clothing,1
3732,54,Female,Hat,Accessories,62.0,West Virginia,M,Lavender,Spring,3.1,No,2-Day Shipping,No,No,45,PayPal,Quarterly,49.25170068027211,55.43197278911565,52.33411147141307,0.0,Silver,Neutral,Accessories,1
3733,36,Female,Shoes,Footwear,92.0,Indiana,L,Pink,Spring,3.3,No,Free Shipping,No,No,28,PayPal,Annually,22.04081632653061,59.03401360544218,40.6603403085328,0.0,Gold,Neutral,Footwear,1
3734,25,Female,Socks,Clothing,58.0,Illinois,M,Maroon,Fall,4.7,No,Next Day Air,No,No,6,Debit Card,Every 3 Months,10.748299319727892,48.56802721088436,29.40147395805996,0.0,Silver,Satisfied,Clothing,1
3735,38,Female,Hoodie,Clothing,88.0,California,M,Beige,Spring,3.4,No,Next Day Air,No,No,33,Debit Card,Every 3 Months,32.7891156462585,62.10204081632652,47.6797848263943,0.0,Gold,Neutral,Clothing,1
3736,38,Female,Sandals,Footwear,44.0,Massachusetts,L,Orange,Spring,3.1,No,2-Day Shipping,No,No,29,PayPal,Annually,22.857142857142858,37.04761904761905,29.277831775506108,0.0,Bronze,Neutral,Footwear,1
3737,42,Female,Jeans,Clothing,56.0,Idaho,M,Red,Spring,4.6,No,Store Pickup,No,No,2,PayPal,Every 3 Months,7.482993197278912,43.68027210884353,25.147658246123168,0.0,Silver,Satisfied,Clothing,1
3738,19,Female,Jewelry,Accessories,23.0,Kentucky,S,Maroon,Winter,4.9,No,Free Shipping,No,No,43,PayPal,Bi-Weekly,54.28571428571429,61.821428571428584,58.277599860329744,0.0,Bronze,Satisfied,Accessories,1
3739,34,Female,Shorts,Clothing,45.0,Delaware,M,Brown,Spring,2.7,No,Free Shipping,No,No,48,Cash,Fortnightly,65.03401360544217,45.05612244897959,54.6609974635751,0.0,Silver,At Risk,Clothing,1
3740,38,Female,Sunglasses,Accessories,31.0,Idaho,M,Olive,Fall,4.2,No,Free Shipping,No,No,43,Credit Card,Weekly,74.28571428571429,55.82142857142858,65.0599722222946,0.0,Bronze,Satisfied,Accessories,1
3741,42,Female,Pants,Clothing,96.0,Virginia,M,Silver,Summer,2.6,No,Store Pickup,No,No,26,Debit Card,Bi-Weekly,40.408163265306115,50.00680272108844,45.00297990527586,0.0,Gold,At Risk,Clothing,1
3742,58,Female,Shirt,Clothing,96.0,Arizona,M,Purple,Spring,3.2,No,2-Day Shipping,No,No,26,Debit Card,Bi-Weekly,40.408163265306115,58.00680272108845,49.29315008932271,0.0,Gold,Neutral,Clothing,1
3743,56,Female,Shirt,Clothing,80.0,Maryland,M,Gray,Fall,4.4,No,Standard,No,No,50,Credit Card,Bi-Weekly,60.00000000000001,83.66666666666667,72.84971635992193,0.0,Platinum,Satisfied,Clothing,1
3744,62,Female,Pants,Clothing,28.0,Idaho,L,Cyan,Fall,3.6,No,Free Shipping,No,No,36,Debit Card,Quarterly,41.904761904761905,41.80952380952381,41.355314027914936,0.0,Bronze,Neutral,Clothing,1
3745,24,Female,Hoodie,Clothing,51.0,New Jersey,M,Gray,Summer,2.7,No,Next Day Air,No,No,26,Bank Transfer,Fortnightly,47.074829931972786,32.59013605442176,38.99625523375722,0.0,Silver,At Risk,Clothing,1
3746,60,Female,Socks,Clothing,41.0,Washington,L,Gold,Spring,4.3,No,Express,No,No,2,Debit Card,Monthly,34.14965986394558,33.43027210884354,32.984211031146494,0.0,Bronze,Satisfied,Clothing,1
3747,53,Female,Coat,Outerwear,99.0,Idaho,XL,Cyan,Summer,2.6,No,Next Day Air,No,No,49,PayPal,Monthly,72.51700680272108,66.90306122448978,70.11837973063838,0.0,Platinum,At Risk,Outerwear,1
3748,26,Female,Sweater,Clothing,53.0,Rhode Island,L,Olive,Spring,4.3,No,Store Pickup,No,No,32,Bank Transfer,Bi-Weekly,45.30612244897959,58.838435374149654,52.188110382689814,0.0,Silver,Satisfied,Clothing,1
3749,34,Female,Backpack,Accessories,25.0,Delaware,M,Violet,Fall,3.9,No,2-Day Shipping,No,No,3,Venmo,Annually,1.6326530612244898,22.110544217687075,10.655262743515587,0.0,Bronze,Neutral,Accessories,1
3750,24,Female,Blouse,Clothing,95.0,Alaska,L,Yellow,Winter,2.9,No,2-Day Shipping,No,No,38,Venmo,Every 3 Months,36.87074829931973,61.75340136054422,49.533635828152455,0.0,Gold,At Risk,Clothing,1
3751,42,Female,Hoodie,Clothing,88.0,Arizona,M,Gold,Fall,3.1,No,Free Shipping,No,No,5,PayPal,Monthly,36.59863945578232,39.054421768707485,37.22477072473554,0.0,Gold,Neutral,Clothing,1
3752,36,Female,Jewelry,Accessories,97.0,Alabama,S,Silver,Fall,4.2,No,Free Shipping,No,No,8,Credit Card,Every 3 Months,12.380952380952381,59.511904761904766,36.08668763457811,0.0,Gold,Satisfied,Accessories,1
3753,24,Female,Coat,Outerwear,81.0,Washington,L,Pink,Winter,4.1,No,2-Day Shipping,No,No,43,Venmo,Weekly,74.28571428571429,75.32142857142856,75.51726204590877,0.0,Platinum,Satisfied,Outerwear,1
3754,39,Female,Sunglasses,Accessories,26.0,Louisiana,S,Turquoise,Winter,4.2,No,Next Day Air,No,No,22,Bank Transfer,Fortnightly,43.80952380952381,39.45238095238095,41.04362697963923,0.0,Bronze,Satisfied,Accessories,1
3755,46,Female,Shoes,Footwear,41.0,Nebraska,M,Turquoise,Summer,4.4,No,Express,No,No,10,Cash,Every 3 Months,14.013605442176868,40.20578231292517,26.54969530266915,0.0,Bronze,Satisfied,Footwear,1
3756,64,Female,Skirt,Clothing,93.0,Pennsylvania,M,Peach,Fall,3.4,No,Free Shipping,No,No,26,Credit Card,Monthly,53.74149659863946,59.4234693877551,56.71953439274766,0.0,Platinum,Neutral,Clothing,1
3757,64,Female,Skirt,Clothing,69.0,South Carolina,L,Teal,Spring,4.8,No,Express,No,No,42,Debit Card,Bi-Weekly,53.46938775510204,78.97448979591837,67.06813057382813,0.0,Platinum,Satisfied,Clothing,1
3758,61,Female,Skirt,Clothing,44.0,California,L,Red,Fall,4.5,No,2-Day Shipping,No,No,33,Cash,Weekly,66.12244897959184,58.43537414965987,62.380123492039495,0.0,Silver,Satisfied,Clothing,1
3759,61,Female,Sandals,Footwear,54.0,Indiana,S,Black,Spring,2.7,No,Store Pickup,No,No,23,Bank Transfer,Quarterly,31.292517006802722,31.799319727891156,30.6810066930298,0.0,Silver,At Risk,Footwear,1
3760,44,Female,Sneakers,Footwear,61.0,Missouri,M,Pink,Spring,3.5,No,Store Pickup,No,No,30,Venmo,Quarterly,37.006802721088434,50.144557823129254,43.376173737101496,0.0,Silver,Neutral,Footwear,1
3761,65,Female,Socks,Clothing,80.0,Connecticut,M,Peach,Fall,3.1,No,Next Day Air,No,No,36,PayPal,Weekly,68.57142857142857,56.80952380952381,62.7327164563361,0.0,Platinum,Neutral,Clothing,1
3762,60,Female,Backpack,Accessories,30.0,Nevada,M,Green,Summer,2.8,No,Next Day Air,No,No,3,Venmo,Every 3 Months,8.299319727891156,9.527210884353737,7.24051589152524,0.0,Bronze,At Risk,Accessories,1
3763,65,Female,Shorts,Clothing,94.0,New York,L,Green,Fall,2.9,No,Store Pickup,No,No,13,PayPal,Annually,9.795918367346939,44.32993197278911,26.65251475341609,0.0,Gold,At Risk,Clothing,1
3764,27,Female,Shirt,Clothing,24.0,Oklahoma,XL,Red,Winter,4.5,No,Standard,No,No,38,Cash,Every 3 Months,36.87074829931973,53.50340136054421,45.109397825854145,0.0,Bronze,Satisfied,Clothing,1
3765,36,Female,Socks,Clothing,21.0,South Dakota,M,Maroon,Fall,3.5,No,Next Day Air,No,No,19,Venmo,Monthly,48.02721088435374,25.99489795918367,35.93560898083765,0.0,Bronze,Neutral,Clothing,1
3766,22,Female,Jewelry,Accessories,52.0,Missouri,M,Green,Summer,4.3,No,Standard,No,No,14,Bank Transfer,Bi-Weekly,30.612244897959183,46.176870748299315,38.05113822702894,0.0,Silver,Satisfied,Accessories,1
3767,62,Female,Handbag,Accessories,59.0,Texas,M,Black,Fall,4.9,No,Next Day Air,No,No,43,Debit Card,Annually,34.285714285714285,76.82142857142857,56.32166895541755,0.0,Silver,Satisfied,Accessories,1
3768,59,Female,Shorts,Clothing,51.0,New York,XL,Black,Summer,3.1,No,Free Shipping,No,No,10,Bank Transfer,Fortnightly,34.01360544217687,27.03911564625851,29.488790208092063,0.0,Silver,Neutral,Clothing,1
3769,50,Female,Sweater,Clothing,35.0,Vermont,M,Yellow,Winter,4.0,No,Free Shipping,No,No,34,Bank Transfer,Quarterly,40.27210884353742,48.69897959183673,44.233604720001196,0.0,Bronze,Satisfied,Clothing,1
3770,51,Female,Gloves,Accessories,87.0,Arizona,L,Green,Summer,3.6,No,Standard,No,No,31,Venmo,Annually,24.489795918367342,62.99149659863945,44.00711454711209,0.0,Gold,Neutral,Accessories,1
3771,23,Female,Pants,Clothing,42.0,Montana,L,Black,Summer,4.0,No,Store Pickup,No,No,34,Bank Transfer,Weekly,66.93877551020408,51.6156462585034,59.13106259960161,0.0,Silver,Satisfied,Clothing,1
3772,21,Female,T-shirt,Clothing,86.0,Oklahoma,M,Red,Winter,2.6,No,Express,No,No,28,Venmo,Bi-Weekly,42.04081632653061,47.20068027210884,44.314463577963515,0.0,Gold,At Risk,Clothing,1
3773,44,Female,Pants,Clothing,26.0,New Hampshire,L,Yellow,Fall,3.1,No,Next Day Air,No,No,35,Cash,Annually,27.755102040816322,33.62925170068027,29.89363915859833,0.0,Bronze,Neutral,Clothing,1
3774,25,Female,Sweater,Clothing,60.0,Wisconsin,M,Violet,Summer,3.5,No,Store Pickup,No,No,41,Cash,Quarterly,45.98639455782313,57.210884353741484,51.655437579515315,0.0,Silver,Neutral,Clothing,1
3775,57,Female,Gloves,Accessories,83.0,Alaska,S,Cyan,Winter,3.9,No,Standard,No,No,48,PayPal,Fortnightly,65.03401360544217,76.88945578231292,71.73229965426148,0.0,Platinum,Neutral,Accessories,1
3776,41,Female,Belt,Accessories,63.0,South Dakota,S,Pink,Spring,2.7,No,2-Day Shipping,No,No,45,Cash,Quarterly,49.25170068027211,50.515306122448976,49.69744437913428,0.0,Silver,At Risk,Accessories,1
3777,19,Female,Sneakers,Footwear,25.0,Alaska,L,Olive,Spring,4.1,No,Standard,No,No,10,Credit Card,Fortnightly,34.01360544217687,29.539115646258495,30.829468390606696,0.0,Bronze,Satisfied,Footwear,1
3778,43,Female,Shorts,Clothing,65.0,Utah,M,Maroon,Fall,4.3,No,Express,No,No,9,Cash,Weekly,46.53061224489796,48.1921768707483,47.09107268028055,0.0,Silver,Satisfied,Clothing,1
3779,25,Female,Sneakers,Footwear,60.0,South Dakota,M,Cyan,Fall,2.9,No,Free Shipping,No,No,30,Debit Card,Annually,23.673469387755098,41.727891156462576,32.19589052263554,0.0,Silver,At Risk,Footwear,1
3780,60,Female,Jeans,Clothing,75.0,California,XL,Lavender,Spring,4.0,No,Express,No,No,45,PayPal,Annually,35.91836734693877,72.8486394557823,55.00750280959837,0.0,Platinum,Satisfied,Clothing,1
3781,54,Female,Sneakers,Footwear,57.0,Mississippi,L,Yellow,Fall,4.1,No,Free Shipping,No,No,41,Venmo,Quarterly,45.98639455782313,63.960884353741484,55.27526867230483,0.0,Silver,Satisfied,Footwear,1
3782,52,Female,Boots,Footwear,99.0,Tennessee,M,Pink,Winter,3.7,No,Standard,No,No,40,PayPal,Fortnightly,58.50340136054422,75.44727891156462,67.69359550543672,0.0,Platinum,Neutral,Footwear,1
3783,40,Female,Jacket,Outerwear,45.0,Alabama,L,Orange,Spring,2.8,No,Free Shipping,No,No,42,PayPal,Fortnightly,60.136054421768705,42.307823129251695,50.738183896946765,0.0,Silver,At Risk,Outerwear,1
3784,39,Female,Gloves,Accessories,66.0,Maine,XL,Orange,Summer,3.2,No,Free Shipping,No,No,17,Debit Card,Fortnightly,39.72789115646258,39.384353741496604,38.96632961412864,0.0,Silver,Neutral,Accessories,1
3785,54,Female,Socks,Clothing,53.0,Virginia,M,Violet,Winter,4.5,No,Next Day Air,No,No,4,Venmo,Annually,2.4489795918367347,42.45748299319728,21.97490476773676,0.0,Silver,Satisfied,Clothing,1
3786,64,Female,Jeans,Clothing,94.0,New Hampshire,L,Lavender,Winter,3.8,No,Standard,No,No,6,Cash,Monthly,37.41496598639456,51.56802721088436,44.34362111041086,0.0,Gold,Neutral,Clothing,1
3787,31,Female,Boots,Footwear,47.0,Tennessee,L,Yellow,Fall,3.6,No,2-Day Shipping,No,No,22,Venmo,Weekly,57.14285714285714,40.202380952380956,48.11249710106029,0.0,Silver,Neutral,Footwear,1
3788,37,Female,Blouse,Clothing,80.0,New York,M,Pink,Fall,3.6,No,2-Day Shipping,No,No,46,PayPal,Every 3 Months,43.40136054421768,70.27891156462584,57.3709281607687,0.0,Platinum,Neutral,Clothing,1
3789,43,Female,Hat,Accessories,65.0,Kansas,XL,Teal,Spring,3.2,No,Next Day Air,No,No,27,Debit Card,Monthly,54.5578231292517,45.77040816326531,49.805953134769766,0.0,Silver,Neutral,Accessories,1
3790,56,Female,Shirt,Clothing,75.0,North Dakota,M,Magenta,Summer,3.8,No,Express,No,No,18,Bank Transfer,Every 3 Months,20.544217687074827,51.814625850340136,36.040490727053445,0.0,Gold,Neutral,Clothing,1
3791,27,Female,Handbag,Accessories,45.0,Alaska,XL,Beige,Summer,4.4,No,Standard,No,No,31,Credit Card,Weekly,64.48979591836735,56.15816326530613,60.34259418157208,0.0,Silver,Satisfied,Accessories,1
3792,40,Female,Sunglasses,Accessories,51.0,Texas,M,Gray,Spring,3.7,No,Store Pickup,No,No,1,Venmo,Weekly,40.0,28.916666666666675,33.488864162851364,0.0,Silver,Neutral,Accessories,1
3793,43,Female,Scarf,Accessories,58.0,Massachusetts,S,Turquoise,Summer,2.6,No,Express,No,No,2,PayPal,Fortnightly,27.48299319727891,17.846938775510207,21.293983693471915,0.0,Silver,At Risk,Accessories,1
3794,62,Female,Sunglasses,Accessories,20.0,Delaware,M,Pink,Fall,4.0,No,Standard,No,No,46,Bank Transfer,Annually,36.73469387755102,50.61224489795918,43.49092645832022,0.0,Bronze,Satisfied,Accessories,1
3795,44,Female,Scarf,Accessories,82.0,South Dakota,M,Violet,Summer,3.6,No,2-Day Shipping,No,No,27,Venmo,Weekly,61.224489795918366,58.18707482993197,59.7979881079258,0.0,Platinum,Neutral,Accessories,1
3796,45,Female,Gloves,Accessories,92.0,Arkansas,M,Charcoal,Spring,2.5,No,Express,No,No,3,Cash,Weekly,41.63265306122449,31.36054421768708,35.61577201881975,0.0,Gold,At Risk,Accessories,1
3797,40,Female,Shorts,Clothing,81.0,Utah,M,Lavender,Fall,3.2,No,Free Shipping,No,No,47,Bank Transfer,Quarterly,50.884353741496604,66.04251700680271,58.84056805692928,0.0,Platinum,Neutral,Clothing,1
3798,68,Female,Sunglasses,Accessories,44.0,California,M,Gray,Summer,2.5,No,Next Day Air,No,No,20,Cash,Quarterly,28.843537414965986,22.92517006802721,24.697565362171716,0.0,Bronze,At Risk,Accessories,1
3799,63,Female,Jewelry,Accessories,72.0,Rhode Island,S,Brown,Winter,3.2,No,Next Day Air,No,No,23,Credit Card,Annually,17.959183673469386,45.965986394557824,31.611516393946076,0.0,Gold,Neutral,Accessories,1
3800,60,Female,Jacket,Outerwear,26.0,Oklahoma,L,Violet,Winter,2.6,No,Store Pickup,No,No,13,Credit Card,Monthly,43.12925170068028,11.996598639455781,25.979743592893445,0.0,Bronze,At Risk,Outerwear,1
3801,19,Female,Sweater,Clothing,26.0,Vermont,M,Turquoise,Fall,4.8,No,Next Day Air,No,No,12,Venmo,Bi-Weekly,28.9795918367347,40.64965986394557,34.2707272792925,0.0,Bronze,Satisfied,Clothing,1
3802,26,Female,Blouse,Clothing,84.0,Kentucky,M,Peach,Spring,5.0,No,Store Pickup,No,No,36,PayPal,Fortnightly,55.23809523809524,83.8095238095238,70.5453741608275,0.0,Platinum,Satisfied,Clothing,1
3803,70,Female,Scarf,Accessories,72.0,Illinois,S,Turquoise,Spring,3.2,No,2-Day Shipping,No,No,1,Bank Transfer,Monthly,33.333333333333336,31.000000000000007,31.272762648280228,0.0,Gold,Neutral,Accessories,1
3804,48,Female,Handbag,Accessories,55.0,Connecticut,M,Violet,Spring,3.6,No,Standard,No,No,14,Debit Card,Weekly,50.61224489795918,38.093537414965986,43.71627877023162,0.0,Silver,Neutral,Accessories,1
3805,37,Female,Hat,Accessories,77.0,Florida,M,Olive,Fall,2.7,No,2-Day Shipping,No,No,45,Cash,Annually,35.91836734693877,56.34863945578231,46.159026805001766,0.0,Gold,At Risk,Accessories,1
3806,48,Female,Scarf,Accessories,57.0,New Jersey,M,Green,Fall,3.1,No,Standard,No,No,31,Credit Card,Quarterly,37.823129251700685,43.82482993197279,40.39524848116654,0.0,Silver,Neutral,Accessories,1
3807,18,Female,Boots,Footwear,71.0,Missouri,M,Teal,Spring,3.0,No,Standard,No,No,41,PayPal,Weekly,72.65306122448979,55.12755102040817,63.87153909408645,0.0,Platinum,Neutral,Footwear,1
3808,38,Female,Blouse,Clothing,39.0,Michigan,L,Peach,Spring,2.9,No,Next Day Air,No,No,36,PayPal,Annually,28.57142857142857,37.0595238095238,32.14135881447046,0.0,Bronze,At Risk,Clothing,1
3809,33,Female,Socks,Clothing,28.0,Washington,M,Pink,Winter,4.7,No,Express,No,No,6,Debit Card,Bi-Weekly,24.081632653061224,36.06802721088436,29.364749712153436,0.0,Bronze,Satisfied,Clothing,1
3810,57,Female,Shoes,Footwear,33.0,New York,S,Maroon,Winter,3.7,No,Standard,No,No,28,Credit Card,Annually,22.04081632653061,39.78401360544218,30.337118303170087,0.0,Bronze,Neutral,Footwear,1
3811,46,Female,Skirt,Clothing,79.0,Wisconsin,L,Peach,Fall,3.9,No,Free Shipping,No,No,29,Venmo,Monthly,56.19047619047619,62.297619047619044,59.485348085570614,0.0,Platinum,Neutral,Clothing,1
3812,46,Female,Belt,Accessories,30.0,Idaho,M,Maroon,Winter,4.0,No,Standard,No,No,14,Cash,Monthly,43.94557823129252,33.01020408163266,37.65689979911853,0.0,Bronze,Satisfied,Accessories,1
3813,50,Female,Skirt,Clothing,75.0,Michigan,M,Pink,Spring,2.8,No,Next Day Air,No,No,7,Bank Transfer,Every 3 Months,11.564625850340136,30.99829931972789,20.387496880809124,0.0,Gold,At Risk,Clothing,1
3814,61,Female,Pants,Clothing,89.0,Georgia,M,Orange,Summer,4.1,No,Express,No,No,31,Venmo,Bi-Weekly,44.48979591836735,70.49149659863944,58.029149094656,0.0,Platinum,Satisfied,Clothing,1
3815,45,Female,Dress,Clothing,95.0,Michigan,M,Orange,Winter,4.2,No,Free Shipping,No,No,26,Bank Transfer,Every 3 Months,27.074829931972786,70.9234693877551,49.553320698981665,0.0,Gold,Satisfied,Clothing,1
3816,32,Female,Hat,Accessories,44.0,Maine,M,Brown,Fall,4.3,No,Express,No,No,12,Venmo,Fortnightly,35.64625850340136,41.48299319727891,38.05095334013071,0.0,Bronze,Satisfied,Accessories,1
3817,29,Female,Coat,Outerwear,86.0,Maryland,S,Silver,Summer,4.3,No,Store Pickup,No,No,45,Credit Card,Fortnightly,62.585034013605444,81.43197278911563,72.94383123623196,0.0,Platinum,Satisfied,Outerwear,1
3818,66,Female,Scarf,Accessories,91.0,Missouri,M,Magenta,Fall,2.6,No,Express,No,No,40,PayPal,Annually,31.83673469387755,57.44727891156462,44.70737925799799,0.0,Gold,At Risk,Accessories,1
3819,70,Female,Sneakers,Footwear,41.0,Oregon,XL,Indigo,Winter,3.8,No,Free Shipping,No,No,42,Cash,Monthly,66.80272108843538,53.974489795918366,60.32801541534841,0.0,Silver,Neutral,Footwear,1
3820,36,Female,Pants,Clothing,99.0,Arkansas,S,Gold,Spring,2.9,No,Express,No,No,45,Cash,Quarterly,49.25170068027211,68.18197278911565,59.171570202237724,0.0,Platinum,At Risk,Clothing,1
3821,34,Female,Belt,Accessories,65.0,New Hampshire,M,Purple,Winter,5.0,No,Standard,No,No,34,Debit Card,Quarterly,40.27210884353742,74.53231292517006,58.087279272652445,0.0,Silver,Satisfied,Accessories,1
3822,20,Female,Sneakers,Footwear,48.0,Oregon,M,Gold,Summer,4.6,No,Free Shipping,No,No,34,Credit Card,Every 3 Months,33.605442176870746,62.11564625850339,48.09524429949641,0.0,Silver,Satisfied,Footwear,1
3823,70,Female,Hat,Accessories,41.0,Kansas,S,Gold,Spring,3.2,No,Free Shipping,No,No,17,PayPal,Every 3 Months,19.727891156462583,28.96768707482994,23.38017052031764,0.0,Bronze,Neutral,Accessories,1
3824,50,Female,Shirt,Clothing,42.0,California,M,Gold,Summer,3.0,No,Standard,No,No,27,Bank Transfer,Weekly,61.224489795918366,33.52040816326531,46.56996337378138,0.0,Bronze,Neutral,Clothing,1
3825,54,Female,Shorts,Clothing,26.0,Georgia,M,Olive,Summer,4.0,No,Free Shipping,No,No,31,Credit Card,Quarterly,37.823129251700685,42.90816326530612,39.90366648091117,0.0,Bronze,Satisfied,Clothing,1
3826,49,Female,Shorts,Clothing,35.0,Hawaii,L,Green,Fall,4.1,No,Express,No,No,47,Debit Card,Fortnightly,64.21768707482994,58.87585034013605,61.66395726705398,0.0,Bronze,Satisfied,Clothing,1
3827,50,Female,Jacket,Outerwear,31.0,Montana,M,Gray,Summer,4.0,No,Express,No,No,25,Bank Transfer,Annually,19.591836734693878,40.90986394557823,29.716389702370556,0.0,Bronze,Satisfied,Outerwear,1
3828,62,Female,Jewelry,Accessories,73.0,Montana,M,Red,Summer,4.1,No,Standard,No,No,47,Cash,Fortnightly,64.21768707482994,74.70918367346938,70.15491908964668,0.0,Platinum,Satisfied,Accessories,1
3829,42,Female,Blouse,Clothing,82.0,Mississippi,M,Charcoal,Spring,3.4,No,Free Shipping,No,No,8,Cash,Weekly,45.714285714285715,42.595238095238095,43.681431932895734,0.0,Gold,Neutral,Clothing,1
3830,69,Female,Pants,Clothing,32.0,Washington,M,Indigo,Spring,2.9,No,Free Shipping,No,No,32,Debit Card,Fortnightly,51.97278911564626,31.421768707482983,40.81867298111261,0.0,Bronze,At Risk,Clothing,1
3831,22,Female,Hat,Accessories,27.0,Pennsylvania,M,Indigo,Summer,3.0,No,2-Day Shipping,No,No,33,Bank Transfer,Every 3 Months,32.7891156462585,31.352040816326532,31.189443181464256,0.0,Bronze,Neutral,Accessories,1
3832,36,Female,Backpack,Accessories,86.0,Nevada,L,Silver,Spring,4.0,No,Next Day Air,No,No,16,Debit Card,Every 3 Months,18.91156462585034,57.70408163265306,38.38251014613385,0.0,Gold,Satisfied,Accessories,1
3833,64,Female,Boots,Footwear,38.0,Kansas,XL,Purple,Winter,4.8,No,2-Day Shipping,No,No,27,Cash,Weekly,61.224489795918366,55.85374149659863,58.54668847091213,0.0,Bronze,Satisfied,Footwear,1
3834,44,Female,Jacket,Outerwear,93.0,Arizona,L,Gray,Summer,4.6,No,Free Shipping,No,No,17,PayPal,Every 3 Months,19.727891156462583,69.30102040816325,45.00977853155379,0.0,Gold,Satisfied,Outerwear,1
3835,43,Female,Hoodie,Clothing,59.0,Tennessee,M,Magenta,Winter,4.1,No,2-Day Shipping,No,No,17,Cash,Quarterly,26.39455782312925,48.467687074829925,37.17079367726514,0.0,Silver,Satisfied,Clothing,1
3836,58,Female,Sandals,Footwear,58.0,Pennsylvania,L,Silver,Winter,2.6,No,Express,No,No,28,PayPal,Bi-Weekly,42.04081632653061,35.534013605442176,38.0579653928952,0.0,Silver,At Risk,Footwear,1
3837,62,Female,Skirt,Clothing,84.0,Alaska,M,Violet,Spring,2.5,No,Free Shipping,No,No,38,PayPal,Fortnightly,56.87074829931973,51.83673469387755,54.215612370844404,0.0,Platinum,At Risk,Clothing,1
3838,45,Female,Hoodie,Clothing,100.0,New Mexico,M,Green,Spring,4.8,No,Free Shipping,No,No,33,Bank Transfer,Fortnightly,52.7891156462585,85.7687074829932,70.37153828753287,0.0,Platinum,Satisfied,Clothing,1
3839,47,Female,Dress,Clothing,25.0,Rhode Island,L,Green,Summer,4.2,No,Express,No,No,24,Venmo,Every 3 Months,25.442176870748302,40.39625850340136,32.36612792609884,0.0,Bronze,Satisfied,Clothing,1
3840,66,Female,Sandals,Footwear,29.0,Connecticut,M,Peach,Spring,3.9,No,Free Shipping,No,No,14,Venmo,Quarterly,23.94557823129252,31.260204081632654,26.718425071358276,0.0,Bronze,Neutral,Footwear,1
3841,30,Female,Jeans,Clothing,42.0,Idaho,M,Turquoise,Spring,3.7,No,Express,No,No,5,Venmo,Fortnightly,29.931972789115648,27.887755102040824,27.90307484283683,0.0,Bronze,Neutral,Clothing,1
3842,68,Female,Jeans,Clothing,57.0,Mississippi,L,Pink,Fall,4.2,No,2-Day Shipping,No,No,8,Bank Transfer,Monthly,39.04761904761905,42.8452380952381,40.48216641781387,0.0,Silver,Satisfied,Clothing,1
3843,35,Female,Jacket,Outerwear,84.0,Colorado,L,Lavender,Winter,4.2,No,Next Day Air,No,No,42,Debit Card,Monthly,66.80272108843538,77.22448979591837,72.79632251273455,0.0,Platinum,Satisfied,Outerwear,1
3844,64,Female,Hat,Accessories,71.0,Georgia,L,Silver,Winter,4.0,No,Free Shipping,No,No,48,Venmo,Every 3 Months,45.034013605442176,73.22278911564626,59.76597165324002,0.0,Platinum,Satisfied,Accessories,1
3845,30,Female,Shorts,Clothing,87.0,Montana,S,Cyan,Fall,5.0,No,Next Day Air,No,No,40,Venmo,Quarterly,45.17006802721089,87.78061224489795,67.64094120584227,0.0,Platinum,Satisfied,Clothing,1
3846,58,Female,Sweater,Clothing,52.0,California,M,Green,Winter,4.9,No,Standard,No,No,46,Venmo,Annually,36.73469387755102,75.94557823129252,57.076465374468555,0.0,Silver,Satisfied,Clothing,1
3847,57,Female,Blouse,Clothing,58.0,Pennsylvania,L,Orange,Summer,4.0,No,Express,No,No,40,PayPal,Every 3 Months,38.50340136054422,62.36394557823128,50.67737968361011,0.0,Silver,Satisfied,Clothing,1
3848,60,Female,Sweater,Clothing,34.0,Delaware,S,Blue,Fall,3.2,No,2-Day Shipping,No,No,31,PayPal,Fortnightly,51.156462585034014,35.57482993197279,42.637677145534894,0.0,Bronze,Neutral,Clothing,1
3849,22,Female,Jewelry,Accessories,60.0,New Hampshire,M,Magenta,Winter,3.0,No,Next Day Air,No,No,39,Cash,Every 3 Months,37.687074829931966,49.18367346938775,43.20101511593089,0.0,Silver,Neutral,Accessories,1
3850,46,Female,Hoodie,Clothing,68.0,Florida,S,Cyan,Winter,2.6,No,Express,No,No,36,PayPal,Fortnightly,55.23809523809524,45.142857142857146,49.809551604601126,0.0,Silver,At Risk,Clothing,1
3851,27,Female,Jewelry,Accessories,74.0,Mississippi,L,Indigo,Summer,4.4,No,2-Day Shipping,No,No,25,Debit Card,Every 3 Months,26.258503401360546,64.15986394557824,45.51803013309003,0.0,Gold,Satisfied,Accessories,1
3852,50,Female,Scarf,Accessories,83.0,Montana,M,Pink,Summer,3.9,No,Free Shipping,No,No,24,Debit Card,Annually,18.775510204081634,60.56292517006803,39.84759859838359,0.0,Gold,Neutral,Accessories,1
3853,65,Female,Hat,Accessories,79.0,Mississippi,M,Peach,Fall,4.0,No,2-Day Shipping,No,No,19,PayPal,Weekly,54.6938775510204,56.828231292517,55.803973231851515,0.0,Platinum,Satisfied,Accessories,1
3854,61,Female,Sunglasses,Accessories,76.0,Tennessee,M,Lavender,Fall,4.0,No,Store Pickup,No,No,49,Debit Card,Bi-Weekly,59.183673469387756,75.98639455782312,68.32284379377491,0.0,Platinum,Satisfied,Accessories,1
3855,57,Female,T-shirt,Clothing,20.0,Florida,M,Black,Spring,4.2,No,Free Shipping,No,No,4,Venmo,Annually,2.4489795918367347,24.70748299319728,12.456089671882834,0.0,Bronze,Satisfied,Clothing,1
3856,40,Female,Shirt,Clothing,61.0,Illinois,XL,Lavender,Summer,4.4,No,Next Day Air,No,No,36,Cash,Quarterly,41.904761904761905,66.22619047619048,54.4492709438079,0.0,Silver,Satisfied,Clothing,1
3857,39,Female,Sandals,Footwear,78.0,Virginia,S,Brown,Summer,2.5,No,Free Shipping,No,No,8,Debit Card,Quarterly,19.04761904761905,28.92857142857143,23.019057868482378,0.0,Gold,At Risk,Footwear,1
3858,42,Female,Hat,Accessories,21.0,Texas,S,Yellow,Summer,3.1,No,Store Pickup,No,No,29,Credit Card,Every 3 Months,29.523809523809526,27.46428571428572,27.47189874253333,0.0,Bronze,Neutral,Accessories,1
3859,30,Female,T-shirt,Clothing,77.0,Missouri,M,Olive,Winter,3.5,No,Store Pickup,No,No,26,Credit Card,Quarterly,33.74149659863945,54.09013605442177,43.85942093671644,0.0,Gold,Neutral,Clothing,1
3860,65,Female,Shorts,Clothing,88.0,Mississippi,S,Blue,Fall,3.0,No,2-Day Shipping,No,No,47,Bank Transfer,Bi-Weekly,57.55102040816327,66.29251700680273,62.307969208514066,0.0,Platinum,Neutral,Clothing,1
3861,57,Female,Sunglasses,Accessories,64.0,Pennsylvania,M,Turquoise,Summer,4.4,No,Next Day Air,No,No,44,Cash,Annually,35.10204081632653,72.91836734693877,54.63673260924674,0.0,Silver,Satisfied,Accessories,1
3862,64,Female,Jacket,Outerwear,57.0,Wyoming,M,Yellow,Spring,4.9,No,Standard,No,No,49,Credit Card,Monthly,72.51700680272108,80.06972789115646,77.17928482521548,0.0,Silver,Satisfied,Outerwear,1
3863,56,Female,Shirt,Clothing,49.0,Idaho,L,Turquoise,Winter,2.8,No,Next Day Air,No,No,9,Venmo,Monthly,39.863945578231295,21.52551020408163,29.45717206679107,0.0,Bronze,At Risk,Clothing,1
3864,40,Female,Scarf,Accessories,35.0,New Hampshire,M,Orange,Summer,3.3,No,Free Shipping,No,No,28,Cash,Fortnightly,48.707482993197274,35.284013605442176,41.257230907977075,0.0,Bronze,Neutral,Accessories,1
3865,55,Female,T-shirt,Clothing,99.0,Wyoming,S,Blue,Winter,4.9,No,Express,No,No,1,Debit Card,Fortnightly,26.666666666666668,64.91666666666667,46.12796332439547,0.0,Gold,Satisfied,Clothing,1
3866,25,Female,Shorts,Clothing,42.0,Nebraska,M,Olive,Spring,4.2,No,Store Pickup,No,No,28,Cash,Every 3 Months,28.707482993197274,50.20068027210884,39.25661073031441,0.0,Bronze,Satisfied,Clothing,1
3867,58,Female,Hat,Accessories,32.0,Alaska,M,Beige,Winter,3.3,No,2-Day Shipping,No,No,33,Credit Card,Fortnightly,52.7891156462585,37.435374149659864,44.45176009224987,0.0,Bronze,Neutral,Accessories,1
3868,46,Female,Jacket,Outerwear,21.0,Maryland,L,Lavender,Summer,2.7,No,Standard,No,No,28,Credit Card,Monthly,55.374149659863946,21.450680272108848,37.17214496472941,0.0,Bronze,At Risk,Outerwear,1
3869,18,Female,Dress,Clothing,29.0,Maryland,XL,Magenta,Winter,3.3,No,2-Day Shipping,No,No,9,Cash,Annually,6.530612244897958,19.85884353741497,11.896719945114647,0.0,Bronze,Neutral,Clothing,1
3870,26,Female,Coat,Outerwear,64.0,Arizona,L,Cyan,Spring,3.8,No,Free Shipping,No,No,28,Bank Transfer,Annually,22.04081632653061,54.034013605442176,37.97898394350352,0.0,Silver,Neutral,Outerwear,1
3871,61,Female,Sandals,Footwear,46.0,Ohio,L,Lavender,Fall,3.2,No,Next Day Air,No,No,19,Cash,Every 3 Months,21.36054421768707,32.411564625850346,26.043349649291887,0.0,Bronze,Neutral,Footwear,1
3872,55,Female,T-shirt,Clothing,97.0,Minnesota,M,Black,Fall,4.1,No,2-Day Shipping,No,No,20,Bank Transfer,Every 3 Months,22.176870748299315,66.34183673469387,44.64734313184259,0.0,Gold,Satisfied,Clothing,1
3873,41,Female,Jacket,Outerwear,94.0,New Hampshire,M,Green,Spring,4.3,No,Standard,No,No,3,Cash,Monthly,34.965986394557824,56.19387755102041,45.599841965131816,0.0,Gold,Satisfied,Outerwear,1
3874,42,Female,Sandals,Footwear,43.0,Louisiana,L,Silver,Summer,4.0,No,Standard,No,No,22,Credit Card,Weekly,57.14285714285714,43.86904761904762,50.07882510208176,0.0,Silver,Satisfied,Footwear,1
3875,70,Female,Sweater,Clothing,54.0,Nevada,XL,Beige,Summer,3.9,No,2-Day Shipping,No,No,33,Credit Card,Bi-Weekly,46.12244897959184,54.60204081632652,50.32441694551705,0.0,Silver,Neutral,Clothing,1
3876,63,Female,Hat,Accessories,51.0,New Hampshire,M,Pink,Winter,3.3,No,2-Day Shipping,No,No,21,Credit Card,Annually,16.3265306122449,37.18877551020409,26.088223808940608,0.0,Silver,Neutral,Accessories,1
3877,60,Female,Shoes,Footwear,85.0,Wisconsin,S,Cyan,Fall,2.6,No,2-Day Shipping,No,No,7,Cash,Annually,4.8979591836734695,32.49829931972789,17.85857045698457,0.0,Gold,At Risk,Footwear,1
3878,28,Female,Hoodie,Clothing,96.0,Nevada,M,Olive,Spring,4.2,No,Next Day Air,No,No,46,Debit Card,Monthly,70.06802721088435,84.94557823129252,78.56957349818792,0.0,Platinum,Satisfied,Clothing,1
3879,60,Female,Hat,Accessories,42.0,South Carolina,M,Pink,Summer,3.4,No,2-Day Shipping,No,No,24,Credit Card,Annually,18.775510204081634,36.81292517006803,27.111155864494528,0.0,Bronze,Neutral,Accessories,1
3880,26,Female,Skirt,Clothing,63.0,Florida,L,Maroon,Winter,4.1,No,Free Shipping,No,No,6,Debit Card,Quarterly,17.41496598639456,42.65136054421769,29.561868926108648,0.0,Silver,Satisfied,Clothing,1
3881,42,Female,Shirt,Clothing,20.0,Massachusetts,M,Red,Winter,3.9,No,Free Shipping,No,No,40,PayPal,Monthly,65.17006802721087,45.197278911564624,54.804722830342925,0.0,Bronze,Neutral,Clothing,1
3882,56,Female,Scarf,Accessories,25.0,Georgia,L,Silver,Spring,2.8,No,2-Day Shipping,No,No,17,Debit Card,Weekly,53.06122448979591,16.967687074829925,33.61158191091403,0.0,Bronze,At Risk,Accessories,1
3883,35,Female,Pants,Clothing,95.0,North Dakota,L,Blue,Fall,2.6,No,Free Shipping,No,No,24,Cash,Fortnightly,45.4421768707483,48.22959183673469,46.56691956464471,0.0,Gold,At Risk,Clothing,1
3884,34,Female,Hat,Accessories,38.0,North Dakota,XL,Purple,Fall,4.0,No,Next Day Air,No,No,22,Cash,Fortnightly,43.80952380952381,41.785714285714285,42.294926616652894,0.0,Bronze,Satisfied,Accessories,1
3885,47,Female,Sandals,Footwear,29.0,Maryland,M,Brown,Fall,4.9,No,Express,No,No,3,PayPal,Weekly,41.63265306122449,37.11054421768708,38.69933183860341,0.0,Bronze,Satisfied,Footwear,1
3886,49,Female,Socks,Clothing,64.0,New Mexico,L,Purple,Winter,3.2,No,Free Shipping,No,No,39,Cash,Quarterly,44.35374149659864,53.51700680272109,48.85819063228961,0.0,Silver,Neutral,Clothing,1
3887,37,Female,Jewelry,Accessories,92.0,Iowa,S,Brown,Summer,3.9,No,Express,No,No,40,Debit Card,Quarterly,45.17006802721089,75.19727891156462,60.892861020518595,0.0,Platinum,Neutral,Accessories,1
3888,40,Female,Shirt,Clothing,34.0,Kansas,M,Charcoal,Spring,2.7,No,Express,No,No,1,Credit Card,Quarterly,13.333333333333336,8.500000000000004,9.206659005648483,0.0,Bronze,At Risk,Clothing,1
3889,45,Female,Sneakers,Footwear,69.0,Virginia,M,Violet,Spring,3.4,No,Standard,No,No,14,Venmo,Bi-Weekly,30.612244897959183,41.26020408163266,35.41447113475016,0.0,Gold,Neutral,Footwear,1
3890,57,Female,Dress,Clothing,65.0,Alaska,S,Yellow,Spring,3.5,No,Express,No,No,49,Bank Transfer,Annually,39.183673469387756,64.73639455782312,52.28979197245904,0.0,Silver,Neutral,Clothing,1
3891,35,Female,Shirt,Clothing,81.0,Nebraska,XL,Green,Winter,2.6,No,Standard,No,No,33,Debit Card,Annually,26.122448979591834,48.51870748299319,37.06210003473143,0.0,Gold,At Risk,Clothing,1
3892,36,Female,Dress,Clothing,30.0,Colorado,L,Peach,Winter,4.7,No,Free Shipping,No,No,6,Bank Transfer,Quarterly,17.41496598639456,36.90136054421769,26.478309106324975,0.0,Bronze,Satisfied,Clothing,1
3893,35,Female,Jewelry,Accessories,86.0,Michigan,L,Indigo,Summer,3.5,No,Standard,No,No,5,PayPal,Fortnightly,29.931972789115648,43.55442176870748,36.304658119928554,0.0,Gold,Neutral,Accessories,1
3894,21,Female,Hat,Accessories,64.0,Massachusetts,L,White,Fall,3.3,No,Store Pickup,No,No,29,Bank Transfer,Bi-Weekly,42.85714285714286,48.04761904761905,45.176815778570514,0.0,Silver,Neutral,Accessories,1
3895,66,Female,Skirt,Clothing,78.0,Connecticut,L,White,Spring,3.9,No,2-Day Shipping,No,No,44,Credit Card,Every 3 Months,41.76870748299319,72.08503401360544,57.5231732150752,0.0,Platinum,Neutral,Clothing,1
3896,40,Female,Hoodie,Clothing,28.0,Virginia,L,Turquoise,Summer,4.2,No,2-Day Shipping,No,No,32,Venmo,Weekly,65.3061224489796,47.08843537414966,55.886922924871016,0.0,Bronze,Satisfied,Clothing,1
3897,52,Female,Backpack,Accessories,49.0,Iowa,L,White,Spring,4.5,No,Store Pickup,No,No,41,Bank Transfer,Bi-Weekly,52.6530612244898,65.9608843537415,59.681144551649886,0.0,Silver,Satisfied,Accessories,1
3898,46,Female,Belt,Accessories,33.0,New Jersey,L,Green,Spring,2.9,No,Standard,No,No,24,Venmo,Quarterly,32.10884353741497,26.396258503401356,28.191663437350208,0.0,Bronze,At Risk,Accessories,1
3899,44,Female,Shoes,Footwear,77.0,Minnesota,S,Brown,Summer,3.8,No,Express,No,No,24,Venmo,Weekly,58.77551020408163,56.72959183673469,57.79189205186114,0.0,Platinum,Neutral,Footwear,1
3900,52,Female,Handbag,Accessories,81.0,California,M,Beige,Spring,3.1,No,Store Pickup,No,No,33,Venmo,Quarterly,39.455782312925166,55.18537414965987,47.30390852143714,0.0,Gold,Neutral,Accessories,1
